{
    "name": "root",
    "gauges": {
        "MoveToGoal.Policy.Entropy.mean": {
            "value": 0.7655959129333496,
            "min": 0.7651558518409729,
            "max": 1.7911845445632935,
            "count": 50
        },
        "MoveToGoal.Policy.Entropy.sum": {
            "value": 7606.9609375,
            "min": 7606.9609375,
            "max": 18456.365234375,
            "count": 50
        },
        "MoveToGoal.Environment.EpisodeLength.mean": {
            "value": 89.17117117117117,
            "min": 87.47321428571429,
            "max": 1693.0,
            "count": 50
        },
        "MoveToGoal.Environment.EpisodeLength.sum": {
            "value": 9898.0,
            "min": 2692.0,
            "max": 13151.0,
            "count": 50
        },
        "MoveToGoal.Step.mean": {
            "value": 499944.0,
            "min": 9968.0,
            "max": 499944.0,
            "count": 50
        },
        "MoveToGoal.Step.sum": {
            "value": 499944.0,
            "min": 9968.0,
            "max": 499944.0,
            "count": 50
        },
        "MoveToGoal.Policy.ExtrinsicValueEstimate.mean": {
            "value": 1.4696592092514038,
            "min": -0.6231538653373718,
            "max": 1.4746520519256592,
            "count": 50
        },
        "MoveToGoal.Policy.ExtrinsicValueEstimate.sum": {
            "value": 330.6733093261719,
            "min": -99.08146667480469,
            "max": 339.16998291015625,
            "count": 50
        },
        "MoveToGoal.Environment.CumulativeReward.mean": {
            "value": 2.041729711801619,
            "min": -20.17305121337995,
            "max": 2.0806773506667255,
            "count": 50
        },
        "MoveToGoal.Environment.CumulativeReward.sum": {
            "value": 226.63199800997972,
            "min": -232.1398122832179,
            "max": 233.47359947115183,
            "count": 50
        },
        "MoveToGoal.Policy.ExtrinsicReward.mean": {
            "value": 2.041729711801619,
            "min": -20.17305121337995,
            "max": 2.0806773506667255,
            "count": 50
        },
        "MoveToGoal.Policy.ExtrinsicReward.sum": {
            "value": 226.63199800997972,
            "min": -232.1398122832179,
            "max": 233.47359947115183,
            "count": 50
        },
        "MoveToGoal.IsTraining.mean": {
            "value": 1.0,
            "min": 1.0,
            "max": 1.0,
            "count": 50
        },
        "MoveToGoal.IsTraining.sum": {
            "value": 1.0,
            "min": 1.0,
            "max": 1.0,
            "count": 50
        },
        "MoveToGoal.Losses.PolicyLoss.mean": {
            "value": 0.020502800799537604,
            "min": 0.01566195875639096,
            "max": 0.03257755828090012,
            "count": 48
        },
        "MoveToGoal.Losses.PolicyLoss.sum": {
            "value": 0.020502800799537604,
            "min": 0.01566195875639096,
            "max": 0.03257755828090012,
            "count": 48
        },
        "MoveToGoal.Losses.ValueLoss.mean": {
            "value": 0.026312499245007833,
            "min": 0.014208654655764501,
            "max": 0.06723970547318459,
            "count": 48
        },
        "MoveToGoal.Losses.ValueLoss.sum": {
            "value": 0.026312499245007833,
            "min": 0.014208654655764501,
            "max": 0.06723970547318459,
            "count": 48
        },
        "MoveToGoal.Policy.LearningRate.mean": {
            "value": 4.174898608400013e-06,
            "min": 4.174898608400013e-06,
            "max": 0.0002938272020575999,
            "count": 48
        },
        "MoveToGoal.Policy.LearningRate.sum": {
            "value": 4.174898608400013e-06,
            "min": 4.174898608400013e-06,
            "max": 0.0002938272020575999,
            "count": 48
        },
        "MoveToGoal.Policy.Epsilon.mean": {
            "value": 0.10139159999999998,
            "min": 0.10139159999999998,
            "max": 0.19794239999999994,
            "count": 48
        },
        "MoveToGoal.Policy.Epsilon.sum": {
            "value": 0.10139159999999998,
            "min": 0.10139159999999998,
            "max": 0.19794239999999994,
            "count": 48
        },
        "MoveToGoal.Policy.Beta.mean": {
            "value": 1.6818840000000025e-05,
            "min": 1.6818840000000025e-05,
            "max": 0.00048991776,
            "count": 48
        },
        "MoveToGoal.Policy.Beta.sum": {
            "value": 1.6818840000000025e-05,
            "min": 1.6818840000000025e-05,
            "max": 0.00048991776,
            "count": 48
        },
        "MoveToGoal.Losses.PretrainingLoss.mean": {
            "value": 0.0,
            "min": 0.0,
            "max": 0.6146047314008077,
            "count": 48
        },
        "MoveToGoal.Losses.PretrainingLoss.sum": {
            "value": 0.0,
            "min": 0.0,
            "max": 0.6146047314008077,
            "count": 48
        }
    },
    "metadata": {
        "timer_format_version": "0.1.0",
        "start_time_seconds": "1747420250",
        "python_version": "3.10.12 | packaged by Anaconda, Inc. | (main, Jul  5 2023, 19:01:18) [MSC v.1916 64 bit (AMD64)]",
        "command_line_arguments": "C:\\Users\\User\\miniconda3\\envs\\mlagents\\Scripts\\mlagents-learn config/TraverseDemonstration.yaml --run-id=bc_traverse --force",
        "mlagents_version": "1.1.0",
        "mlagents_envs_version": "1.1.0",
        "communication_protocol_version": "1.5.0",
        "pytorch_version": "2.2.2+cu121",
        "numpy_version": "1.23.5",
        "end_time_seconds": "1747421135"
    },
    "total": 885.0695954000112,
    "count": 1,
    "self": 0.006745900027453899,
    "children": {
        "run_training.setup": {
            "total": 0.1160005999263376,
            "count": 1,
            "self": 0.1160005999263376
        },
        "TrainerController.start_learning": {
            "total": 884.9468489000574,
            "count": 1,
            "self": 0.9792327014729381,
            "children": {
                "TrainerController._reset_env": {
                    "total": 9.574581600027159,
                    "count": 1,
                    "self": 9.411524399998598,
                    "children": {
                        "demo_to_buffer": {
                            "total": 0.16305720002856106,
                            "count": 1,
                            "self": 4.020007327198982e-05,
                            "children": {
                                "load_demonstration": {
                                    "total": 0.0033856999361887574,
                                    "count": 1,
                                    "self": 0.0033161999890580773,
                                    "children": {
                                        "read_file": {
                                            "total": 6.949994713068008e-05,
                                            "count": 1,
                                            "self": 6.949994713068008e-05
                                        }
                                    }
                                },
                                "make_demo_buffer": {
                                    "total": 0.1596313000191003,
                                    "count": 1,
                                    "self": 0.026182201341725886,
                                    "children": {
                                        "steps_from_proto": {
                                            "total": 0.13344909867737442,
                                            "count": 1508,
                                            "self": 0.08179460000246763,