{
    "name": "root",
    "gauges": {
        "MoveToGoal.Policy.Entropy.mean": {
            "value": 1.1089131832122803,
            "min": 1.1089131832122803,
            "max": 1.709180474281311,
            "count": 10
        },
        "MoveToGoal.Policy.Entropy.sum": {
            "value": 55481.14453125,
            "min": 55481.14453125,
            "max": 85882.8984375,
            "count": 10
        },
        "MoveToGoal.Step.mean": {
            "value": 499995.0,
            "min": 49948.0,
            "max": 499995.0,
            "count": 10
        },
        "MoveToGoal.Step.sum": {
            "value": 499995.0,
            "min": 49948.0,
            "max": 499995.0,
            "count": 10
        },
        "MoveToGoal.Policy.ExtrinsicValueEstimate.mean": {
            "value": -0.10105688869953156,
            "min": -0.5639148950576782,
            "max": -0.10105688869953156,
            "count": 10
        },
        "MoveToGoal.Policy.ExtrinsicValueEstimate.sum": {
            "value": -80.84551239013672,
            "min": -451.1319274902344,
            "max": -80.84551239013672,
            "count": 10
        },
        "MoveToGoal.Environment.EpisodeLength.mean": {
            "value": 1999.0,
            "min": 1879.16,
            "max": 1999.0,
            "count": 10
        },
        "MoveToGoal.Environment.EpisodeLength.sum": {
            "value": 49975.0,
            "min": 46979.0,
            "max": 61969.0,
            "count": 10
        },
        "MoveToGoal.Environment.CumulativeReward.mean": {
            "value": -1.9386400917544961,
            "min": -19.97272090524435,
            "max": -1.9060667550268893,
            "count": 10
        },
        "MoveToGoal.Environment.CumulativeReward.sum": {
            "value": -48.4660022938624,
            "min": -499.31802263110876,
            "max": -45.745602120645344,
            "count": 10
        },
        "MoveToGoal.Policy.ExtrinsicReward.mean": {
            "value": -1.9386400917544961,
            "min": -19.97272090524435,
            "max": -1.9060667550268893,
            "count": 10
        },
        "MoveToGoal.Policy.ExtrinsicReward.sum": {
            "value": -48.4660022938624,
            "min": -499.31802263110876,
            "max": -45.745602120645344,
            "count": 10
        },
        "MoveToGoal.Losses.PolicyLoss.mean": {
            "value": 0.03385450114437845,
            "min": 0.032966517141248916,
            "max": 0.03610024417309129,
            "count": 10
        },
        "MoveToGoal.Losses.PolicyLoss.sum": {
            "value": 0.16927250572189223,
            "min": 0.13962400926587482,
            "max": 0.18050122086545645,
            "count": 10
        },
        "MoveToGoal.Losses.ValueLoss.mean": {
            "value": 0.0002843395710806362,
            "min": 0.0002843395710806362,
            "max": 0.024676898451677212,
            "count": 10
        },
        "MoveToGoal.Losses.ValueLoss.sum": {
            "value": 0.0014216978554031812,
            "min": 0.0013011396172563157,
            "max": 0.09870759380670885,
            "count": 10
        },
        "MoveToGoal.Policy.LearningRate.mean": {
            "value": 1.5215254928279998e-05,
            "min": 1.5215254928279998e-05,
            "max": 0.00028457565514144995,
            "count": 10
        },
        "MoveToGoal.Policy.LearningRate.sum": {
            "value": 7.607627464139999e-05,
            "min": 7.607627464139999e-05,
            "max": 0.0012838128720623998,
            "count": 10
        },
        "MoveToGoal.Policy.Epsilon.mean": {
            "value": 0.10507172000000001,
            "min": 0.10507172000000001,
            "max": 0.19485855000000002,
            "count": 10
        },
        "MoveToGoal.Policy.Epsilon.sum": {
            "value": 0.5253586,
            "min": 0.5253586,
            "max": 0.9279376000000001,
            "count": 10
        },
        "MoveToGoal.Policy.Beta.mean": {
            "value": 0.00026307882800000003,
            "min": 0.00026307882800000003,
            "max": 0.004743441645,
            "count": 10
        },
        "MoveToGoal.Policy.Beta.sum": {
            "value": 0.0013153941400000002,
            "min": 0.0013153941400000002,
            "max": 0.021404086239999995,
            "count": 10
        },
        "MoveToGoal.IsTraining.mean": {
            "value": 1.0,
            "min": 1.0,
            "max": 1.0,
            "count": 10
        },
        "MoveToGoal.IsTraining.sum": {
            "value": 1.0,
            "min": 1.0,
            "max": 1.0,
            "count": 10
        }
    },
    "metadata": {
        "timer_format_version": "0.1.0",
        "start_time_seconds": "1750246953",
        "python_version": "3.10.12 | packaged by Anaconda, Inc. | (main, Jul  5 2023, 19:01:18) [MSC v.1916 64 bit (AMD64)]",
        "command_line_arguments": "C:\\Users\\User\\miniconda3\\envs\\mlagents\\Scripts\\mlagents-learn config/TraversePPO.yaml --run-id=traverse_complex_PPO",
        "mlagents_version": "1.1.0",
        "mlagents_envs_version": "1.1.0",
        "communication_protocol_version": "1.5.0",
        "pytorch_version": "2.2.2+cu121",
        "numpy_version": "1.23.5",
        "end_time_seconds": "1750247537"
    },
    "total": 584.0629183999263,
    "count": 1,
    "self": 0.0077303999569267035,
    "children": {
        "run_training.setup": {
            "total": 0.11665440001524985,
            "count": 1,
            "self": 0.11665440001524985
        },
        "TrainerController.start_learning": {
            "total": 583.9385335999541,
            "count": 1,
            "self": 0.6763692130334675,
            "children": {
                "TrainerController._reset_env": {
                    "total": 18.521397899836302,
                    "count": 1,
                    "self": 18.521397899836302
                },
                "TrainerController.advance": {
                    "total": 564.674866087269,
                    "count": 62629,
                    "self": 0.6418941498268396,
                    "children": {
                        "env_step": {
                            "total": 459.96008156775497,
                            "count": 62629,
                            "self": 230.92262898897752,
                            "children": {
                                "SubprocessEnvManager._take_step": {
                                    "total": 228.57497957954183,
                                    "count": 62629,
                                    "self": 1.9716340810991824,
                                    "children": {
                                        "TorchPolicy.evaluate": {
                                            "total": 226.60334549844265,
                                            "count": 62537,
                                            "self": 226.60334549844265
                                        }
                                    }
                                },
                                "workers": {
                                    "total": 0.46247299923561513,
                                    "count": 62629,
                                    "self": 0.0,
                                    "children": {
                                        "worker_root": {
                                            "total": 565.7350939936005,
                                            "count": 62629,
                                            "is_parallel": true,
                                            "self": 379.3175700949505,
                                            "children": {
                                                "steps_from_proto": {
                                                    "total": 0.00048210006207227707,
                                                    "count": 1,