{
    "name": "root",
    "metadata": {
        "timer_format_version": "0.1.0",
        "start_time_seconds": "1752310861",
        "python_version": "3.10.11 | packaged by Anaconda, Inc. | (main, May 16 2023, 00:55:32) [MSC v.1916 64 bit (AMD64)]",
        "command_line_arguments": "C:\\Users\\Timur\\.conda\\envs\\mlagents\\Scripts\\mlagents-learn config/traversePPO.yaml --run-id=run_test --force",
        "mlagents_version": "1.1.0",
        "mlagents_envs_version": "1.1.0",
        "communication_protocol_version": "1.5.0",
        "pytorch_version": "2.2.2+cu121",
        "numpy_version": "1.23.5",
        "end_time_seconds": "1752311047"
    },
    "total": 185.1631210000487,
    "count": 1,
    "self": 0.012460300116799772,
    "children": {
        "run_training.setup": {
            "total": 0.2121643999707885,
            "count": 1,
            "self": 0.2121643999707885
        },
        "TrainerController.start_learning": {
            "total": 184.93849629996112,
            "count": 1,
            "self": 0.16017219878267497,
            "children": {
                "TrainerController._reset_env": {
                    "total": 19.29025660001207,
                    "count": 1,
                    "self": 19.29025660001207
                },
                "TrainerController.advance": {
                    "total": 165.25654870114522,
                    "count": 5863,
                    "self": 0.14229990378953516,
                    "children": {
                        "env_step": {
                            "total": 163.77623150066938,
                            "count": 5863,
                            "self": 115.18738510052208,
                            "children": {
                                "SubprocessEnvManager._take_step": {
                                    "total": 48.49132119922433,
                                    "count": 5863,
                                    "self": 0.44764209585264325,
                                    "children": {
                                        "TorchPolicy.evaluate": {
                                            "total": 48.04367910337169,
                                            "count": 5764,
                                            "self": 48.04367910337169
                                        }
                                    }
                                },
                                "workers": {
                                    "total": 0.09752520092297345,
                                    "count": 5862,
                                    "self": 0.0,
                                    "children": {
                                        "worker_root": {
                                            "total": 95.58818520017667,
                                            "count": 5862,
                                            "is_parallel": true,
                                            "self": 59.738739200576674,
                                            "children": {
                                                "steps_from_proto": {
                                                    "total": 0.0005537999677471817,
                                                    "count": 1,
                                                    "is_parallel": true,
                                                    "self": 0.0002837000065483153,
                                                    "children": {
                                                        "_process_rank_one_or_two_observation": {
                                                            "total": 0.00027009996119886637,
                                                            "count": 4,
                                                            "is_parallel": true,
                                                            "self": 0.00027009996119886637
                                                        }
                                                    }
                                                },
                                                "UnityEnvironment.step": {
                                                    "total": 35.848892199632246,
                                                    "count": 5862,
                                                    "is_parallel": true,
                                                    "self": 0.523872398363892,
                                                    "children": {
                                                        "UnityEnvironment._generate_step_input": {
                                                            "total": 0.49678249820135534,
                                                            "count": 5862,
                                                            "is_parallel": true,
                                                            "self": 0.49678249820135534
                                                        },
                                                        "communicator.exchange": {
                                                            "total": 33.07008230232168,
                                                            "count": 5862,
                                                            "is_parallel": true,
                                                            "self": 33.07008230232168
                                                        },
                                                        "steps_from_proto": {
                                                            "total": 1.7581550007453188,
                                                            "count": 5862,
                                                            "is_parallel": true,
                                                            "self": 0.95811950287316,
                                                            "children": {
                                                                "_process_rank_one_or_two_observation": {
                                                                    "total": 0.8000354978721589,
                                                                    "count": 23448,
                                                                    "is_parallel": true,
                                                                    "self": 0.8000354978721589
                                                                }
                                                            }
                                                        }
                                                    }
                                                }
                                            }
                                        }
                                    }
                                }
                            }
                        },
                        "trainer_advance": {
                            "total": 1.3380172966863029,
                            "count": 5862,
                            "self": 0.17800149536924437,
                            "children": {
                                "process_trajectory": {
                                    "total": 1.1600158013170585,
                                    "count": 5862,
                                    "self": 1.1600158013170585
                                }
                            }
                        }
                    }
                },
                "TrainerController._save_models": {
                    "total": 0.23151880002114922,
                    "count": 1,
                    "self": 0.0036903000436723232,
                    "children": {
                        "RLTrainer._checkpoint": {
                            "total": 0.2278284999774769,
                            "count": 1,