{
    "name": "root",
    "gauges": {
        "MoveToGoal.Policy.Entropy.mean": {
            "value": 0.7067262530326843,
            "min": 0.7067262530326843,
            "max": 1.720007300376892,
            "count": 10
        },
        "MoveToGoal.Policy.Entropy.sum": {
            "value": 35347.62109375,
            "min": 35347.62109375,
            "max": 86440.6875,
            "count": 10
        },
        "MoveToGoal.Environment.EpisodeLength.mean": {
            "value": 69.40787623066105,
            "min": 66.63487738419619,
            "max": 379.86614173228344,
            "count": 10
        },
        "MoveToGoal.Environment.EpisodeLength.sum": {
            "value": 49349.0,
            "min": 48243.0,
            "max": 51182.0,
            "count": 10
        },
        "MoveToGoal.Step.mean": {
            "value": 499961.0,
            "min": 49964.0,
            "max": 499961.0,
            "count": 10
        },
        "MoveToGoal.Step.sum": {
            "value": 499961.0,
            "min": 49964.0,
            "max": 499961.0,
            "count": 10
        },
        "MoveToGoal.Policy.ExtrinsicValueEstimate.mean": {
            "value": 1.2053965330123901,
            "min": -0.3049963414669037,
            "max": 1.2053965330123901,
            "count": 10
        },
        "MoveToGoal.Policy.ExtrinsicValueEstimate.sum": {
            "value": 1697.1983642578125,
            "min": -347.0858459472656,
            "max": 1697.1983642578125,
            "count": 10
        },
        "MoveToGoal.Environment.CumulativeReward.mean": {
            "value": 1.3121451340228025,
            "min": -0.658576408943792,
            "max": 1.3121451340228025,
            "count": 10
        },
        "MoveToGoal.Environment.CumulativeReward.sum": {
            "value": 932.9351902902126,
            "min": -463.6676059514284,
            "max": 932.9351902902126,
            "count": 10
        },
        "MoveToGoal.Policy.ExtrinsicReward.mean": {
            "value": 1.3121451340228025,
            "min": -0.658576408943792,
            "max": 1.3121451340228025,
            "count": 10
        },
        "MoveToGoal.Policy.ExtrinsicReward.sum": {
            "value": 932.9351902902126,
            "min": -463.6676059514284,
            "max": 932.9351902902126,
            "count": 10
        },
        "MoveToGoal.Losses.PolicyLoss.mean": {
            "value": 0.0241514331389529,
            "min": 0.022225137949499187,
            "max": 0.02478426020083134,
            "count": 10
        },
        "MoveToGoal.Losses.PolicyLoss.sum": {
            "value": 0.12075716569476451,
            "min": 0.09109417075039042,
            "max": 0.1239213010041567,
            "count": 10
        },
        "MoveToGoal.Losses.ValueLoss.mean": {
            "value": 0.006762730742339044,
            "min": 0.004024695861153305,
            "max": 0.03203315269201994,
            "count": 10
        },
        "MoveToGoal.Losses.ValueLoss.sum": {
            "value": 0.03381365371169522,
            "min": 0.01609878344461322,
            "max": 0.1601657634600997,
            "count": 10
        },
        "MoveToGoal.Policy.LearningRate.mean": {
            "value": 1.6328854557079996e-05,
            "min": 1.6328854557079996e-05,
            "max": 0.00028461420512859996,
            "count": 10
        },
        "MoveToGoal.Policy.LearningRate.sum": {
            "value": 8.164427278539997e-05,
            "min": 8.164427278539997e-05,
            "max": 0.0012843846718718,
            "count": 10
        },
        "MoveToGoal.Policy.Epsilon.mean": {
            "value": 0.10544292,
            "min": 0.10544292,
            "max": 0.19487140000000003,
            "count": 10
        },
        "MoveToGoal.Policy.Epsilon.sum": {
            "value": 0.5272146,
            "min": 0.49989560000000016,
            "max": 0.9281281999999998,
            "count": 10
        },
        "MoveToGoal.Policy.Beta.mean": {
            "value": 0.0002816017079999999,
            "min": 0.0002816017079999999,
            "max": 0.004744082859999999,
            "count": 10
        },
        "MoveToGoal.Policy.Beta.sum": {
            "value": 0.0014080085399999994,
            "min": 0.0014080085399999994,
            "max": 0.02141359718,
            "count": 10
        },
        "MoveToGoal.IsTraining.mean": {
            "value": 1.0,
            "min": 1.0,
            "max": 1.0,
            "count": 10
        },
        "MoveToGoal.IsTraining.sum": {
            "value": 1.0,
            "min": 1.0,
            "max": 1.0,
            "count": 10
        }
    },
    "metadata": {
        "timer_format_version": "0.1.0",
        "start_time_seconds": "1747388860",
        "python_version": "3.10.12 | packaged by Anaconda, Inc. | (main, Jul  5 2023, 19:01:18) [MSC v.1916 64 bit (AMD64)]",
        "command_line_arguments": "C:\\Users\\User\\miniconda3\\envs\\mlagents\\Scripts\\mlagents-learn --run-id=moveToGoalWall --force",
        "mlagents_version": "1.1.0",
        "mlagents_envs_version": "1.1.0",
        "communication_protocol_version": "1.5.0",
        "pytorch_version": "2.2.2+cu121",
        "numpy_version": "1.23.5",
        "end_time_seconds": "1747389559"
    },
    "total": 699.2589410000946,
    "count": 1,
    "self": 0.007663800031878054,
    "children": {
        "run_training.setup": {
            "total": 0.03670799999963492,
            "count": 1,
            "self": 0.03670799999963492
        },
        "TrainerController.start_learning": {
            "total": 699.2145692000631,
            "count": 1,
            "self": 0.7852591823320836,
            "children": {
                "TrainerController._reset_env": {
                    "total": 7.206650899956003,
                    "count": 1,
                    "self": 7.206650899956003
                },
                "TrainerController.advance": {
                    "total": 691.1606395178242,
                    "count": 66750,
                    "self": 0.7106490189908072,
                    "children": {
                        "env_step": {
                            "total": 587.1289081897121,
                            "count": 66750,
                            "self": 352.3382364005083,
                            "children": {
                                "SubprocessEnvManager._take_step": {
                                    "total": 234.26926299056504,
                                    "count": 66750,
                                    "self": 2.0639176967088133,
                                    "children": {
                                        "TorchPolicy.evaluate": {
                                            "total": 232.20534529385623,
                                            "count": 62527,
                                            "self": 232.20534529385623
                                        }
                                    }
                                },
                                "workers": {
                                    "total": 0.5214087986387312,
                                    "count": 66750,
                                    "self": 0.0,
                                    "children": {
                                        "worker_root": {
                                            "total": 691.5746889917646,
                                            "count": 66750,
                                            "is_parallel": true,
                                            "self": 389.14786679204553,
                                            "children": {
                                                "steps_from_proto": {
                                                    "total": 0.00039579998701810837,
                                                    "count": 1,
                                                    "is_parallel": true,