{
    "name": "root",
    "gauges": {
        "MoveToGoal.Policy.Entropy.mean": {
            "value": 0.39720094203948975,
            "min": 0.39720094203948975,
            "max": 1.7609895467758179,
            "count": 10
        },
        "MoveToGoal.Policy.Entropy.sum": {
            "value": 19847.3359375,
            "min": 19847.3359375,
            "max": 88373.5,
            "count": 10
        },
        "MoveToGoal.Environment.EpisodeLength.mean": {
            "value": 39.10433386837881,
            "min": 29.364856619890176,
            "max": 94.96545105566219,
            "count": 10
        },
        "MoveToGoal.Environment.EpisodeLength.sum": {
            "value": 48724.0,
            "min": 48129.0,
            "max": 49516.0,
            "count": 10
        },
        "MoveToGoal.Step.mean": {
            "value": 499964.0,
            "min": 49960.0,
            "max": 499964.0,
            "count": 10
        },
        "MoveToGoal.Step.sum": {
            "value": 499964.0,
            "min": 49960.0,
            "max": 499964.0,
            "count": 10
        },
        "MoveToGoal.Policy.ExtrinsicValueEstimate.mean": {
            "value": 1.6226270198822021,
            "min": -0.47672760486602783,
            "max": 1.6226270198822021,
            "count": 10
        },
        "MoveToGoal.Policy.ExtrinsicValueEstimate.sum": {
            "value": 2021.793212890625,
            "min": -839.0405883789062,
            "max": 2022.7547607421875,
            "count": 10
        },
        "MoveToGoal.Environment.CumulativeReward.mean": {
            "value": 1.9404883274201596,
            "min": -0.5333472760331711,
            "max": 1.9404883274201596,
            "count": 10
        },
        "MoveToGoal.Environment.CumulativeReward.sum": {
            "value": 2417.848455965519,
            "min": -874.1561854183674,
            "max": 2417.848455965519,
            "count": 10
        },
        "MoveToGoal.Policy.ExtrinsicReward.mean": {
            "value": 1.9404883274201596,
            "min": -0.5333472760331711,
            "max": 1.9404883274201596,
            "count": 10
        },
        "MoveToGoal.Policy.ExtrinsicReward.sum": {
            "value": 2417.848455965519,
            "min": -874.1561854183674,
            "max": 2417.848455965519,
            "count": 10
        },
        "MoveToGoal.Losses.PolicyLoss.mean": {
            "value": 0.03451462618829586,
            "min": 0.0321386165871642,
            "max": 0.03886440801200782,
            "count": 10
        },
        "MoveToGoal.Losses.PolicyLoss.sum": {
            "value": 0.1725731309414793,
            "min": 0.13724047233627062,
            "max": 0.18205617420850712,
            "count": 10
        },
        "MoveToGoal.Losses.ValueLoss.mean": {
            "value": 0.004759116460724423,
            "min": 0.0034736431453590436,
            "max": 0.060877124456067876,
            "count": 10
        },
        "MoveToGoal.Losses.ValueLoss.sum": {
            "value": 0.023795582303622116,
            "min": 0.013894572581436174,
            "max": 0.3043856222803394,
            "count": 10
        },
        "MoveToGoal.Policy.LearningRate.mean": {
            "value": 1.677285440908e-05,
            "min": 1.677285440908e-05,
            "max": 0.00028459710513429996,
            "count": 10
        },
        "MoveToGoal.Policy.LearningRate.sum": {
            "value": 8.38642720454e-05,
            "min": 8.38642720454e-05,
            "max": 0.0012844662718446,
            "count": 10
        },
        "MoveToGoal.Policy.Epsilon.mean": {
            "value": 0.10559091999999999,
            "min": 0.10559091999999999,
            "max": 0.19486570000000003,
            "count": 10
        },
        "MoveToGoal.Policy.Epsilon.sum": {
            "value": 0.5279545999999999,
            "min": 0.5003276000000001,
            "max": 0.9281554,
            "count": 10
        },
        "MoveToGoal.Policy.Beta.mean": {
            "value": 0.00028898690800000014,
            "min": 0.00028898690800000014,
            "max": 0.0047437984300000005,
            "count": 10
        },
        "MoveToGoal.Policy.Beta.sum": {
            "value": 0.0014449345400000008,
            "min": 0.0014449345400000008,
            "max": 0.021414954460000003,
            "count": 10
        },
        "MoveToGoal.IsTraining.mean": {
            "value": 1.0,
            "min": 1.0,
            "max": 1.0,
            "count": 10
        },
        "MoveToGoal.IsTraining.sum": {
            "value": 1.0,
            "min": 1.0,
            "max": 1.0,
            "count": 10
        }
    },
    "metadata": {
        "timer_format_version": "0.1.0",
        "start_time_seconds": "1750086786",
        "python_version": "3.10.12 | packaged by Anaconda, Inc. | (main, Jul  5 2023, 19:01:18) [MSC v.1916 64 bit (AMD64)]",
        "command_line_arguments": "C:\\Users\\User\\miniconda3\\envs\\mlagents\\Scripts\\mlagents-learn config/TraversePPO.yaml --run-id=traverse_singleObstacle_PPO --force",
        "mlagents_version": "1.1.0",
        "mlagents_envs_version": "1.1.0",
        "communication_protocol_version": "1.5.0",
        "pytorch_version": "2.2.2+cu121",
        "numpy_version": "1.23.5",
        "end_time_seconds": "1750087397"
    },
    "total": 610.8807747999672,
    "count": 1,
    "self": 0.00564220012165606,
    "children": {
        "run_training.setup": {
            "total": 0.10252129985019565,
            "count": 1,
            "self": 0.10252129985019565
        },
        "TrainerController.start_learning": {
            "total": 610.7726112999953,
            "count": 1,
            "self": 0.8484721998684108,
            "children": {
                "TrainerController._reset_env": {
                    "total": 10.762920799897984,
                    "count": 1,
                    "self": 10.762920799897984
                },
                "TrainerController.advance": {
                    "total": 599.0941816004924,
                    "count": 70843,
                    "self": 0.7119583897292614,
                    "children": {
                        "env_step": {
                            "total": 484.6565292000305,
                            "count": 70843,
                            "self": 257.1839283190202,
                            "children": {
                                "SubprocessEnvManager._take_step": {
                                    "total": 226.93734268308617,
                                    "count": 70843,
                                    "self": 2.0507628261111677,
                                    "children": {
                                        "TorchPolicy.evaluate": {
                                            "total": 224.886579856975,
                                            "count": 62515,
                                            "self": 224.886579856975
                                        }
                                    }
                                },
                                "workers": {
                                    "total": 0.5352581979241222,
                                    "count": 70843,
                                    "self": 0.0,
                                    "children": {
                                        "worker_root": {
                                            "total": 599.4388758868445,
                                            "count": 70843,
                                            "is_parallel": true,
                                            "self": 392.556252687471,
                                            "children": {
                                                "steps_from_proto": {
                                                    "total": 0.0003963999915868044,
                                                    "count": 1,