Episode,Success,Steps,Reward,PathDistance
0,0,121,-0.02419997,33.16627
0,0,131,-0.02619997,33.20264
1,0,0,0,0
1,0,0,0,0
0,0,147,-0.02939996,35.00403
1,0,0,0,0
0,0,152,-0.03039996,33.63425
0,0,155,-0.03099996,35.35703
1,0,0,0,0
1,0,0,0,0
1,0,0,0,0
0,0,168,-0.03359996,36.46171
0,0,176,-0.03519996,37.51807
1,0,0,0,0
1,0,0,0,0
1,0,0,0,0
1,0,0,0,0
0,0,181,-0.03619995,37.42139
0,0,207,-0.04139994,39.18068
0,0,232,0.4535998,43.31825
1,0,0,0,0
1,0,0,0,0
1,0,170,-0.03399996,35.65663
1,0,143,-0.02859997,34.6355
0,0,328,-0.06559996,51.82415
1,0,0,0,0
1,0,0,0,0
1,0,0,0,0
1,0,201,-2.040207,39.25124
0,0,332,0.4335995,55.26637
2,0,0,0,0
1,0,0,0,0
2,0,0,0,0
1,0,0,0,0
1,0,0,0,0
1,0,0,0,0
0,0,356,0.4287992,55.76849
1,0,0,0,0
0,0,381,0.4237992,62.23016
0,0,389,0.9222042,58.99228
1,0,0,0,0
1,0,248,-2.549608,42.95417
2,0,0,0,0
2,0,0,0,0
2,0,0,0,0
2,0,0,0,0
2,0,0,0,0
0,0,405,0.4189991,64.15463
2,0,152,-0.03039996,33.41415
2,0,138,-0.02759997,33.1925
1,0,308,-1.06161,52.23162
1,0,129,-3.025804,32.77867
2,0,0,0,0
2,0,0,0,0
2,0,0,0,0
1,0,256,-2.051208,40.05265
2,0,0,0,0
2,0,0,0,0
1,0,163,-4.032567,35.25221
2,0,0,0,0
2,0,0,0,0
2,0,0,0,0
2,0,0,0,0
1,0,361,0.4277994,55.26221
1,0,347,-3.569378,54.33899
2,0,0,0,0
2,0,0,0,0
2,0,0,0,0
2,0,0,0,0
1,0,143,-0.02859997,33.3925
2,0,0,0,0
2,0,0,0,0
1,0,344,0.4311994,56.96455
2,0,0,0,0
1,0,137,-1.027405,33.29189
2,0,0,0,0
2,0,197,-2.039407,41.20372
3,0,0,0,0
3,0,0,0,0
1,0,198,-0.5396014,40.61858
2,0,0,0,0
1,0,168,-0.03359996,37.05814
2,0,135,-0.02699997,34.14236
3,0,0,0,0
2,0,162,-3.032405,35.79445
3,0,0,0,0
3,0,0,0,0
2,0,131,-2.026204,31.25059
3,0,0,0,0
3,0,0,0,0
3,0,0,0,0
3,0,0,0,0
3,0,0,0,0
3,0,190,-0.03799995,39.07712
2,0,134,-0.02679997,32.8125
2,0,129,-2.025804,31.86654
2,0,133,-1.026604,32.83065
3,0,0,0,0
3,0,150,-2.030005,34.05146
4,0,0,0,0
4,0,0,0,0
3,0,242,0.4515999,43.82843
4,0,0,0,0
2,0,172,-4.034365,37.17946
3,0,0,0,0
3,0,0,0,0
3,0,0,0,0
3,0,0,0,0
2,0,301,-5.060138,42.66359
3,0,0,0,0
3,0,0,0,0
3,0,0,0,0
2,0,170,-1.034006,35.88256
3,0,149,-1.029805,34.16427
2,0,262,-4.052346,47.48032
3,0,0,0,0
3,0,0,0,0
3,0,0,0,0
3,0,0,0,0
2,0,204,-0.04079995,40.41572
1,0,592,0.8816044,80.63635
3,0,183,-2.036606,38.5834
4,0,0,0,0
4,0,0,0,0
3,0,122,-4.024375,31.5497
4,0,0,0,0
4,0,0,0,0
4,0,0,0,0
4,0,0,0,0
4,0,140,-2.028005,33.9948
5,0,0,0,0
5,0,0,0,0
4,0,137,-1.027405,32.1802
3,0,124,-3.024804,31.17251
4,0,0,0,0
4,0,0,0,0
4,0,0,0,0
4,0,0,0,0
4,0,0,0,0
3,0,206,-0.04119994,38.00775
4,0,0,0,0
4,0,0,0,0
3,0,202,-0.5404028,38.7682
4,0,0,0,0
3,0,255,-4.550948,47.00018
4,0,0,0,0
4,0,0,0,0
4,0,0,0,0
4,0,0,0,0
4,0,0,0,0
4,0,278,0.4443996,45.02674
3,0,176,-4.035164,40.80912
4,0,0,0,0
4,0,0,0,0
4,0,0,0,0
4,0,0,0,0
2,0,138,-0.02759997,33.251
3,0,166,-0.03319996,36.39745
2,0,427,-0.585399,59.18941
3,0,0,0,0
3,0,309,-0.06179991,49.79604
4,0,149,-5.029769,33.68805
5,0,0,0,0
5,0,0,0,0
5,0,0,0,0
5,0,0,0,0
5,0,0,0,0
4,0,250,0.4499996,44.37998
5,0,0,0,0
4,0,176,-4.035164,36.79544
5,0,0,0,0
5,0,0,0,0
5,0,0,0,0
5,0,0,0,0
4,0,139,-1.027805,33.27753
5,0,0,0,0
5,0,184,-0.03679995,36.37022
4,0,137,-5.027372,33.01447
5,0,0,0,0
5,0,0,0,0
5,0,0,0,0
4,0,163,-2.032605,33.90232
3,0,148,-0.02959996,33.74685
4,0,155,-0.03099996,33.3748
5,0,193,-0.03859995,37.25471
4,0,318,-1.563611,55.69129
5,0,0,0,0
5,0,0,0,0
4,0,171,-0.03419996,34.71877
5,0,109,-0.02179998,31.0771
6,0,0,0,0
6,0,0,0,0
5,0,166,-5.033166,36.14445
6,0,0,0,0
6,0,0,0,0
6,0,0,0,0
6,0,0,0,0
6,0,0,0,0
6,0,137,-0.02739997,31.46852
5,0,160,-1.032005,33.02441
3,0,241,-0.5482002,46.53389
5,0,217,-3.043407,40.32318
6,0,0,0,0
6,0,0,0,0
6,0,0,0,0
5,0,137,-0.02739997,33.34356
6,0,135,-0.02699997,32.43294
4,0,166,-0.03319996,36.33089
5,0,449,-1.589815,64.24464
6,0,0,0,0
6,0,0,0,0
4,0,347,-3.569371,55.60164
5,0,0,0,0
5,0,0,0,0
5,0,0,0,0
5,0,0,0,0
6,0,145,-0.02899997,33.71363
5,0,224,-2.044807,39.75238
6,0,0,0,0
6,0,0,0,0
7,0,207,0.4585998,41.0379
8,0,0,0,0
6,0,222,-1.544407,42.45018
3,0,629,0.8742052,77.08456
5,1,365,0.8905189,41.74131
5,0,240,-0.04799993,43.03732
6,0,154,-3.030805,32.73324
7,0,0,0,0
7,0,0,0,0
7,0,0,0,0
5,0,148,-0.02959996,34.01391
5,0,129,-4.025774,31.59891
6,0,0,0,0
6,0,0,0,0
6,0,0,0,0
6,0,0,0,0
7,0,178,-0.03559995,35.56261
6,0,280,-4.655942,49.48729
7,0,0,0,0
7,0,0,0,0
7,0,0,0,0
4,0,240,-0.04799993,40.16658
6,0,207,0.4585997,42.55561
5,0,470,-0.09400196,67.69771
8,0,113,-1.022604,31.08981
6,0,124,-2.024804,33.40173
7,0,0,0,0
7,0,0,0,0
7,0,168,-0.03359996,34.72881
6,0,123,-0.02459997,31.94672
7,0,0,0,0
7,0,0,0,0
7,0,0,0,0
7,0,0,0,0
6,0,237,-2.047408,42.19158
7,0,0,0,0
7,0,0,0,0
4,0,162,-0.03239996,35.81985
6,0,124,-0.02479997,31.15298
6,0,126,-4.025174,33.0745
7,0,0,0,0
7,0,0,0,0
7,0,0,0,0
7,0,0,0,0
5,0,145,-0.02899997,35.25583
6,0,211,0.4577998,41.58961
8,0,160,-0.03199996,34.50626
7,0,167,-3.033406,32.92959
8,0,0,0,0
8,0,0,0,0
8,0,0,0,0
8,0,0,0,0
8,0,0,0,0
7,0,205,0.4589998,40.86111
7,0,135,-0.02699997,32.31694
7,0,131,-4.026173,32.91498
8,0,0,0,0
8,0,0,0,0
8,0,0,0,0
8,0,0,0,0
7,0,205,-4.040958,38.25776
8,0,0,0,0
8,0,0,0,0
8,0,0,0,0
8,0,0,0,0
5,0,185,-0.03699995,37.7983
7,0,140,-0.02799997,34.35089
7,0,337,-2.567411,51.66071
8,0,0,0,0
8,0,0,0,0
8,0,0,0,0
7,0,224,-2.044807,40.3178
8,0,0,0,0
8,0,0,0,0
7,0,414,0.4171991,62.65366
8,0,0,0,0
8,0,183,-5.036562,36.76597
9,0,0,0,0
9,0,0,0,0
9,0,0,0,0
9,0,0,0,0
9,0,0,0,0
6,0,202,-0.04039995,38.73597
8,0,307,0.4385994,52.68814
9,0,0,0,0
7,0,318,-1.563611,49.58039
8,0,128,-0.02559997,33.65688
8,0,0,0,0
8,0,0,0,0
8,0,144,-0.02879997,32.9657
8,0,153,-4.030569,31.8643
9,0,0,0,0
9,0,0,0,0
9,0,0,0,0
9,0,0,0,0
9,0,243,0.4513997,43.04474
6,0,152,-0.03039996,37.26772
8,0,197,-4.03936,37.07837
9,0,0,0,0
9,0,0,0,0
9,0,0,0,0
9,0,0,0,0
8,0,163,-2.032605,34.79
9,0,0,0,0
9,0,0,0,0
9,0,432,0.9136052,60.79454
10,0,0,0,0
6,0,438,0.412399,65.39421
9,0,124,-0.02479997,31.70158
9,0,131,-1.026204,33.66376
10,0,0,0,0
8,0,215,-3.043007,40.37067
9,0,0,0,0
9,0,0,0,0
9,0,0,0,0
9,0,0,0,0
9,0,0,0,0
9,0,118,-4.023576,31.96509
10,0,0,0,0
10,0,0,0,0
10,0,0,0,0
10,0,0,0,0
8,0,246,0.4507996,50.06642
7,0,129,-0.02579997,32.72029
10,0,164,-0.03279996,36.11191
8,0,217,-2.043407,37.11668
9,0,0,0,0
9,0,0,0,0
9,0,217,0.4565998,41.53196
8,0,265,-0.5530015,45.55453
10,0,123,-1.024604,31.85419
9,0,264,-4.552746,44.27977
10,0,0,0,0
10,0,0,0,0
10,0,0,0,0
7,0,301,-0.06019991,47.52302
8,0,0,0,0
7,0,187,0.4625999,38.78107
9,0,153,-5.030569,34.28863
10,0,0,0,0
10,0,0,0,0
10,0,0,0,0
11,0,109,-0.02179998,31.41822
10,0,208,-1.041607,38.0553
11,0,0,0,0
10,0,201,-0.04019995,41.02131
9,0,151,-0.03019996,32.69419
9,0,240,-4.047951,45.03956
10,0,0,0,0
10,0,0,0,0
10,0,0,0,0
10,0,0,0,0
10,0,141,-0.02819997,34.12939
9,0,268,-2.053609,48.05117
10,0,0,0,0
10,0,0,0,0
9,0,163,-2.032605,33.554
10,0,0,0,0
10,0,0,0,0
9,0,135,-0.02699997,35.67669
10,0,0,0,0
10,0,0,0,0
10,0,132,-3.026404,32.01205
11,0,0,0,0
11,0,0,0,0
11,0,0,0,0
8,0,218,0.4563998,39.53655
10,0,264,-4.052746,43.71235
11,0,0,0,0
11,0,0,0,0
11,0,0,0,0
11,0,0,0,0
11,0,169,-0.03379996,36.31761
10,0,130,-3.026004,33.72813
11,0,0,0,0
11,0,0,0,0
11,0,0,0,0
8,0,141,-0.02819997,34.22895
12,0,143,-0.02859997,34.08458
10,0,139,-4.027771,33.82188
11,0,0,0,0
11,0,0,0,0
11,0,0,0,0
11,0,0,0,0
8,0,194,-1.038806,40.2425
11,0,169,-0.03379996,37.13846
11,0,186,-1.037206,37.79352
11,0,145,-0.02899997,34.85728
10,0,132,-2.026404,32.90878
11,0,0,0,0
11,0,0,0,0
11,0,150,-3.030005,35.96273
12,0,0,0,0
12,0,0,0,0
12,0,0,0,0
12,0,0,0,0
12,0,0,0,0
11,0,126,-4.025174,32.55344
12,0,0,0,0
12,0,0,0,0
12,0,0,0,0
12,0,0,0,0
10,0,187,-2.037406,37.94526
11,0,0,0,0
11,0,0,0,0
10,0,192,-2.038406,37.61551
11,0,157,-3.031405,35.27717
12,0,0,0,0
12,0,0,0,0
12,0,0,0,0
9,0,149,-0.02979996,34.90103
12,0,0,0,0
10,0,0,0,0
12,0,0,0,0
11,0,113,-4.022577,31.1908
12,0,0,0,0
12,0,0,0,0
12,0,0,0,0
12,0,0,0,0
12,0,100,-0.01999998,31.02509
10,0,275,0.4449995,48.49456
11,0,145,-2.029005,33.09274
12,0,0,0,0
12,0,0,0,0
12,0,179,-0.03579995,36.22654
9,0,184,-0.03679995,37.58348
12,0,261,0.4477997,45.91219
12,0,146,-5.02917,34.94477
13,0,0,0,0
13,0,0,0,0
13,0,0,0,0
13,0,243,-0.04859993,41.0343
11,0,147,-2.029405,34.43433
12,0,0,0,0
12,0,0,0,0
10,0,136,-1.027205,33.19756
11,0,0,0,0
12,0,220,0.4559997,42.4618
12,0,144,-4.02877,32.79476
13,0,0,0,0
13,0,0,0,0
13,0,0,0,0
13,0,0,0,0
11,0,162,-0.03239996,37.02992
12,0,151,-5.030169,33.92647
13,0,0,0,0
13,0,0,0,0
13,0,0,0,0
12,0,220,-4.043955,38.35261
13,0,0,0,0
13,0,0,0,0
13,0,0,0,0
13,0,0,0,0
13,0,118,-0.02359997,31.89571
13,0,154,-3.030805,32.99867
14,0,0,0,0
14,0,0,0,0
14,0,0,0,0
14,0,0,0,0
14,0,0,0,0
12,0,138,-2.027605,32.53136
13,0,0,0,0
13,0,0,0,0
12,0,190,-2.038006,39.17812
13,0,0,0,0
13,0,0,0,0
13,0,250,-0.04999993,43.02295
9,0,447,1.410602,66.35106
10,0,0,0,0
10,0,197,-0.03939995,38.36666
12,0,140,-0.02799997,31.64746
13,0,0,0,0
13,0,0,0,0
13,0,197,-0.03939995,36.54041
14,0,0,0,0
11,0,317,0.4365995,54.35535
14,0,134,-0.02679997,32.62517
13,0,166,-4.033166,36.96616
13,0,199,-0.03979995,38.3091
14,0,0,0,0
14,0,0,0,0
14,0,0,0,0
14,0,0,0,0
13,0,196,-4.03916,41.19146
14,0,0,0,0
14,0,0,0,0
14,0,0,0,0
14,0,0,0,0
14,0,145,-5.02897,31.77333
15,0,0,0,0
15,0,0,0,0
15,0,0,0,0
13,0,171,-2.034206,34.46692
14,0,0,0,0
14,0,0,0,0
11,0,189,-0.03779995,39.313
14,0,153,-4.030569,33.81057
15,0,0,0,0
15,0,0,0,0
15,0,0,0,0
15,0,0,0,0
14,0,385,0.2995989,57.25018
14,0,213,-0.542602,42.70367
15,0,0,0,0
14,0,172,-0.03439996,38.43581
13,0,233,-1.546608,44.82118
14,0,0,0,0
14,0,0,0,0
12,0,198,0.4603998,39.4386
11,0,409,0.4181958,60.41717
10,0,313,-0.5625987,54.69683
11,0,0,0,0
14,0,320,0.9360041,57.76826
15,0,0,0,0
15,0,111,-1.022204,32.14841
16,0,0,0,0
15,0,120,-0.02399997,30.75752
15,0,140,-4.027971,35.54245
16,0,0,0,0
16,0,0,0,0
16,0,0,0,0
16,0,0,0,0
12,0,174,-0.03479996,36.58329
13,0,0,0,0
15,0,156,-0.03119996,37.51646
13,1,399,2.767687,45.44104
14,0,138,-2.027605,33.32342
14,0,341,-3.568165,57.57238
15,0,0,0,0
15,0,0,0,0
15,0,0,0,0
15,0,0,0,0
13,0,552,-2.315819,71.32681
14,0,0,0,0
14,0,0,0,0
14,0,0,0,0
11,0,126,-1.025204,32.77483
15,0,343,-2.675812,57.66118
16,0,0,0,0
16,0,0,0,0
16,0,0,0,0
16,0,0,0,0
13,0,232,0.4535996,47.06205
13,0,155,-1.031005,36.17338
15,0,466,0.9068032,76.22816
15,0,135,-4.026972,32.69573
16,0,0,0,0
16,0,0,0,0
16,0,0,0,0
15,0,157,-0.03139996,34.94629
16,0,0,0,0
16,0,0,0,0
16,0,0,0,0
16,0,165,-0.03299996,34.34456
16,0,187,-4.037362,35.79395
17,0,0,0,0
17,0,0,0,0
17,0,0,0,0
17,0,0,0,0
12,0,277,-0.05539992,46.08036
13,0,0,0,0
13,0,0,0,0
14,0,399,-1.279813,64.58588
15,0,0,0,0
15,0,0,0,0
14,0,174,0.4651998,38.76491
15,0,0,0,0
15,0,0,0,0
16,0,240,-0.5480016,43.06789
17,0,0,0,0
16,0,159,-4.031767,36.8611
17,0,0,0,0
17,0,0,0,0
17,0,0,0,0
16,0,278,0.9444022,52.6076
14,0,122,-0.02439997,33.80766
14,0,227,-3.045408,46.06387
15,0,0,0,0
15,0,0,0,0
15,0,0,0,0
15,0,388,0.4223986,58.2404
16,0,0,0,0
16,0,159,-4.031767,36.743
17,0,0,0,0
17,0,0,0,0
17,0,0,0,0
17,0,0,0,0
16,0,163,-2.032605,37.24507
17,0,0,0,0
17,0,0,0,0
17,0,160,-4.137366,35.15334
18,0,0,0,0
18,0,0,0,0
18,0,0,0,0
18,0,0,0,0
17,0,155,-1.031005,35.41821
18,0,0,0,0
17,0,130,-3.026004,32.43535
18,0,0,0,0
18,0,0,0,0
18,0,0,0,0
15,0,197,-2.039407,39.58238
16,0,0,0,0
16,0,0,0,0
12,0,320,0.4359993,54.77606
13,0,0,0,0
14,0,305,0.9390025,57.42929
16,0,288,0.4423996,54.31418
15,0,188,-0.03759995,35.16535
15,0,195,-3.039006,35.8608
16,0,0,0,0
16,0,0,0,0
16,0,0,0,0
16,0,0,0,0
15,0,306,-0.6624073,56.09266
16,0,0,0,0
16,0,0,0,0
16,0,164,-1.032805,36.5579
13,0,321,-0.5642077,52.96675
14,0,0,0,0
17,0,187,-4.037362,37.38711
18,0,0,0,0
18,0,0,0,0
18,0,0,0,0
18,0,0,0,0
17,0,201,-1.540207,40.44666
18,0,0,0,0
18,0,0,0,0
18,0,0,0,0
18,0,181,-0.5362024,39.7923
19,0,0,0,0
18,0,201,-3.040207,35.81495
19,0,0,0,0
19,0,0,0,0
19,0,0,0,0
18,0,257,-3.757959,46.26426
19,0,0,0,0
19,0,0,0,0
19,0,0,0,0
19,0,0,0,0
16,0,132,-0.02639997,32.4701
14,0,121,-1.024204,32.09681
16,0,242,-1.658008,47.65333
17,0,0,0,0
17,0,0,0,0
16,0,138,-2.027605,32.12788
17,0,0,0,0
17,0,0,0,0
17,0,385,0.9230009,63.92593
16,0,172,-4.034365,36.3558
17,0,0,0,0
17,0,0,0,0
17,0,0,0,0
15,0,250,0.4499996,47.57542
13,0,298,-0.5595973,54.13863
14,0,0,0,0
19,0,159,-3.031805,34.08856
20,0,0,0,0
20,0,0,0,0
20,0,0,0,0
18,0,204,-2.040807,42.50884
19,0,0,0,0
19,0,0,0,0
19,0,0,0,0
17,0,570,1.885995,86.57999
17,0,302,0.4395995,53.51561
19,0,217,-1.043407,39.61028
20,0,0,0,0
19,0,169,-4.033765,34.38964
20,0,0,0,0
20,0,0,0,0
20,0,0,0,0
20,0,0,0,0
17,0,167,-0.03339996,37.7556
17,0,182,-2.036406,35.75896
18,0,0,0,0
18,0,0,0,0
17,0,192,-2.038406,39.96085
18,0,0,0,0
18,0,0,0,0
16,0,201,0.4597998,41.89032
19,0,142,-3.028405,33.64079
20,0,0,0,0
20,0,0,0,0
18,0,243,-0.04859993,45.83557
18,1,388,0.8836238,48.14796
20,0,153,-4.030569,34.54953
21,0,0,0,0
21,0,0,0,0
21,0,0,0,0
21,0,0,0,0
17,0,426,1.414797,73.45282
18,0,156,-0.03119996,35.20504
14,0,251,-0.05020133,48.22313
15,0,0,0,0
20,0,179,-1.035806,35.82325
21,0,0,0,0
20,0,212,-2.542407,39.71442
21,0,0,0,0
21,0,0,0,0
21,0,0,0,0
15,0,333,0.4333993,56.60032
16,0,0,0,0
18,0,177,-2.035406,38.56342
19,0,0,0,0
19,0,0,0,0
20,0,145,-2.029005,34.98978
21,0,0,0,0
21,0,0,0,0
19,0,119,-0.02379997,31.57445
18,0,122,-0.02439997,32.25875
19,0,162,-0.03239996,38.75849
20,0,0,0,0
20,0,0,0,0
20,0,0,0,0
20,0,0,0,0
15,0,155,-1.031005,34.99279
21,0,181,-1.036206,37.82722
22,0,0,0,0
18,0,319,-1.27581,53.18478
19,0,0,0,0
19,0,0,0,0
21,0,265,-3.552958,45.04255
22,0,0,0,0
22,0,0,0,0
22,0,0,0,0
22,0,0,0,0
16,0,233,-0.5466009,44.47557
17,0,0,0,0
20,0,167,-0.03339996,36.86342
21,0,273,-2.679213,47.8158
22,0,0,0,0
22,0,0,0,0
22,0,0,0,0
19,0,188,-0.03759995,38.49289
18,0,486,1.2962,72.82111
20,0,0,0,0
20,0,178,-4.035563,35.47615
21,0,0,0,0
21,0,0,0,0
21,0,0,0,0
21,0,0,0,0
17,0,371,0.9258027,61.06234
18,0,504,0.8992034,78.96786
22,0,162,-0.5324025,37.8292
23,0,0,0,0
17,0,650,-2.130022,90.6217
18,0,0,0,0
18,0,0,0,0
18,0,0,0,0
18,0,0,0,0
18,0,0,0,0
19,0,422,0.8138052,69.39809
16,0,229,0.4541996,42.80999
17,0,0,0,0
17,0,135,-1.027004,31.26426
19,1,326,2.797989,39.54113
22,0,161,-4.032167,34.27472
23,0,0,0,0
23,0,0,0,0
23,0,0,0,0
23,0,0,0,0
19,0,232,-1.650608,42.11886
20,0,0,0,0
20,0,0,0,0
22,0,156,-3.031205,33.90434
23,0,0,0,0
23,0,0,0,0
23,0,0,0,0
21,0,181,-0.03619995,40.42045
21,0,172,-4.034365,37.52139
22,0,0,0,0
22,0,0,0,0
22,0,0,0,0
22,0,0,0,0
20,0,202,-0.5404032,40.31251
21,0,0,0,0
18,0,208,0.4583997,45.60854
20,0,165,0.4669994,37.20785
21,0,0,0,0
21,0,0,0,0
18,0,179,0.4641998,39.48792
19,0,0,0,0
23,0,146,-3.029205,33.1223
24,0,0,0,0
24,0,0,0,0
24,0,0,0,0
17,0,215,-0.5430027,41.78087
18,0,0,0,0
18,0,246,-4.54915,48.84775
19,0,0,0,0
19,0,0,0,0
19,0,0,0,0
23,0,216,-4.16535,36.8001
24,0,0,0,0
24,0,0,0,0
24,0,0,0,0
24,0,0,0,0
22,0,181,-0.03619995,38.81302
21,0,152,-1.030405,33.89819
21,0,586,-0.6172126,79.9557
22,0,0,0,0
22,0,0,0,0
22,0,0,0,0
23,0,333,-0.5665978,54.66958
24,0,0,0,0
19,0,422,0.8036048,68.01774
21,0,170,-2.034006,37.8465
22,0,0,0,0
22,0,0,0,0
20,0,334,-2.066811,50.5014
21,0,0,0,0
21,0,0,0,0
18,0,175,-1.035006,35.72608
19,0,461,0.9078021,72.45151
20,0,416,1.211999,70.58739
24,0,132,-1.026404,33.01727
19,0,296,0.9408011,55.56171
22,0,160,-3.032005,37.67889
23,0,0,0,0
23,0,0,0,0
23,0,0,0,0
22,0,196,-0.03919995,41.24363
24,0,222,-4.273747,40.62538
25,0,0,0,0
25,0,0,0,0
25,0,0,0,0
25,0,0,0,0
22,1,367,0.8899219,43.70462
24,0,288,-2.676213,48.19462
25,0,0,0,0
25,0,0,0,0
25,0,0,0,0
19,0,317,-0.06340052,55.08965
20,0,168,-0.03359996,35.82724
19,0,329,-2.565811,56.05696
20,0,0,0,0
20,0,0,0,0
20,0,0,0,0
23,0,310,0.4379994,54.70625
24,0,0,0,0
21,0,152,-0.03039996,36.10923
22,0,229,-1.545808,41.16588
23,0,0,0,0
23,0,0,0,0
19,0,179,-0.03579995,38.15551
20,0,0,0,0
20,0,145,-0.02899997,34.61436
21,0,227,-1.155007,45.06548
22,0,0,0,0
22,0,0,0,0
25,0,183,-0.03659995,38.03697
26,0,0,0,0
23,0,167,0.9666008,39.32234
24,0,0,0,0
24,0,0,0,0
24,0,0,0,0
24,0,0,0,0
23,0,179,0.4641999,38.22737
24,0,0,0,0
23,0,188,-2.537606,41.21784
24,0,0,0,0
24,0,0,0,0
24,0,0,0,0
25,0,209,-4.156154,39.51822
26,0,0,0,0
26,0,0,0,0
26,0,0,0,0
26,0,0,0,0
22,0,126,-0.02519997,31.91972
24,0,146,-1.029205,33.06062
20,0,163,-3.032605,36.41306
21,0,0,0,0
22,0,121,-2.024204,31.77154
23,0,0,0,0
21,0,0,0,0
23,0,0,0,0
21,0,0,0,0
20,0,227,0.4545996,46.30854
21,0,0,0,0
23,0,188,-2.037606,38.36376
24,0,0,0,0
24,0,0,0,0
24,0,130,-4.025973,35.39182
25,0,0,0,0
25,0,0,0,0
25,0,0,0,0
25,0,0,0,0
24,0,129,-3.025804,33.97416
20,0,384,0.4231993,65.71723
21,0,235,0.4529996,47.9397
20,0,267,-0.5534002,49.72162
21,0,0,0,0
26,0,168,-4.033566,37.5199
27,0,0,0,0
27,0,0,0,0
27,0,0,0,0
27,0,0,0,0
21,0,339,0.2291993,53.63752
23,0,170,-0.03399996,35.20135
25,0,133,-4.026573,34.07801
26,0,0,0,0
26,0,0,0,0
26,0,0,0,0
26,0,0,0,0
26,0,317,-0.06340052,55.04344
27,0,0,0,0
25,0,438,-2.087615,62.46143
26,0,0,0,0
26,0,0,0,0
26,0,0,0,0
26,0,0,0,0
26,0,0,0,0
25,0,164,-0.03279996,38.16224
26,0,0,0,0
26,0,0,0,0
23,0,221,-1.544207,39.93068
24,0,0,0,0
24,0,0,0,0
24,0,190,-2.038006,36.9446
25,0,0,0,0
25,0,0,0,0
27,0,146,-4.02917,31.74312
28,0,0,0,0
28,0,0,0,0
28,0,0,0,0
28,0,0,0,0
24,0,371,-0.5741974,61.12812
25,0,0,0,0
21,0,202,-0.5404034,39.05177
22,0,0,0,0
21,0,343,-0.06860039,54.19878
22,0,0,0,0
26,0,166,-2.033206,39.74771
27,0,0,0,0
27,0,0,0,0
22,0,275,0.9450038,53.89455
25,0,245,-1.650208,44.35792
26,0,0,0,0
26,0,0,0,0
26,0,323,-2.564584,62.08941
27,0,0,0,0
27,0,0,0,0
27,0,0,0,0
27,0,0,0,0
22,0,164,-0.5328021,38.39521
23,0,0,0,0
27,0,148,-2.029605,37.82526
28,0,0,0,0
28,0,0,0,0
28,0,0,0,0
24,0,314,-1.16461,57.42157
25,0,0,0,0
25,0,0,0,0
24,0,438,1.709996,77.97498
26,0,376,-4.075123,60.5663
27,0,0,0,0
27,0,0,0,0
27,0,0,0,0
27,0,0,0,0
27,0,0,0,0
25,0,632,2.271192,103.5402
25,0,338,-0.06759894,62.21882
26,0,0,0,0
21,0,578,1.884398,100.2206
22,0,327,-0.06540015,56.83723
23,0,0,0,0
21,0,659,-2.131822,90.34255
22,0,0,0,0
22,0,0,0,0
22,0,0,0,0
27,0,167,-4.033366,38.80737
28,0,0,0,0
28,0,0,0,0
28,0,0,0,0
28,0,0,0,0
28,1,424,0.5972036,57.56984
28,0,162,-3.032405,37.90064
29,0,0,0,0
29,0,0,0,0
29,0,0,0,0
27,0,527,0.3945997,91.07728
28,0,0,0,0
23,0,242,-0.548401,45.64899
24,0,0,0,0
25,0,178,0.4643997,42.69662
22,0,675,1.864993,105.8606
23,0,379,0.313999,60.65344
27,0,244,-4.676943,45.41542
28,0,0,0,0
28,0,0,0,0
28,0,0,0,0
25,0,303,-1.66541,56.02766
26,0,0,0,0
26,0,0,0,0
29,0,152,-3.030405,34.9649
30,0,0,0,0
30,0,0,0,0
26,1,377,2.886888,48.59278
22,0,229,0.4541997,48.02201
28,0,153,-1.030605,37.61645
29,0,0,0,0
26,0,293,0.9414042,59.09666
27,0,0,0,0
26,0,284,-0.5567998,52.39528
27,0,0,0,0
26,0,170,0.4659998,39.27084
24,0,159,-0.03179996,38.49801
28,0,273,-3.554582,48.55531
29,0,0,0,0
29,0,0,0,0
29,0,0,0,0
29,0,0,0,0
23,0,310,-0.5619974,53.93421
24,0,0,0,0
29,1,292,4.9124,41.98808
23,0,230,0.4539995,47.36708
30,0,183,-1.036606,42.51588
31,0,0,0,0
31,0,0,0,0
31,0,0,0,0
24,0,303,-0.5605975,55.25998
27,0,159,-0.03180232,40.8952
28,0,0,0,0
29,0,160,-4.031967,37.56838
30,0,0,0,0
30,0,0,0,0
30,0,0,0,0
30,0,0,0,0
23,0,245,0.4509998,45.89482
25,0,201,0.9598011,43.74878
27,1,295,4.9115,47.43216
29,0,284,-0.5567978,53.8664
30,0,0,0,0
31,0,153,-3.030605,38.6318
32,0,0,0,0
32,0,0,0,0
27,0,324,0.435199,61.68362
28,0,0,0,0
25,0,187,0.4625998,40.41955
26,0,0,0,0
26,0,153,-0.03059996,37.39102
28,0,146,-0.02919997,36.72817
29,0,0,0,0
29,0,0,0,0
26,0,456,-0.6960117,71.59522
27,0,0,0,0
27,0,0,0,0
32,0,146,-2.029205,36.18923
33,0,0,0,0
33,0,0,0,0
30,1,348,4.895603,48.64996
22,0,674,-1.743824,111.7894
23,0,0,0,0
24,0,412,0.9176039,67.91255
28,0,342,0.4315977,65.88052
29,0,0,0,0
30,0,345,-2.568983,61.79854
31,0,0,0,0
31,0,0,0,0
31,0,0,0,0
31,0,0,0,0
29,0,170,-1.534006,40.97105
30,0,0,0,0
30,0,0,0,0
33,0,142,-2.028405,37.73996
34,0,0,0,0
34,0,0,0,0
28,0,657,-1.235022,106.8448
29,0,0,0,0
29,0,0,0,0
29,0,0,0,0
29,0,0,0,0
29,0,0,0,0
27,0,222,-1.676806,42.65604
28,0,0,0,0
28,0,0,0,0
27,0,624,2.170393,102.9614
28,0,320,-0.5639986,55.52769
29,0,0,0,0
31,0,132,-4.026373,35.94572
32,0,0,0,0
32,0,0,0,0
32,0,0,0,0
32,0,0,0,0
25,0,182,0.4635998,40.53955
30,0,446,0.4107977,71.51675
31,0,0,0,0
30,0,160,-1.532005,40.39953
31,0,0,0,0
31,0,0,0,0
24,0,510,1.398002,85.14193
34,0,167,-1.533406,41.89221
35,0,0,0,0
35,0,0,0,0
35,0,0,0,0
26,0,424,0.4151978,74.88277
31,0,359,0.9282008,63.71228
32,0,0,0,0
32,0,0,0,0
32,0,0,0,0
32,0,0,0,0
27,0,412,0.8086044,68.9915
28,0,185,-1.537006,42.28062
29,0,0,0,0
29,0,0,0,0
29,0,295,-0.05900178,54.45306
32,0,137,-4.027372,33.89241
33,0,0,0,0
33,0,0,0,0
33,0,0,0,0
33,0,0,0,0
35,0,139,-3.027805,37.89976
36,0,0,0,0
36,0,0,0,0
29,0,327,-4.683928,57.45868
30,0,0,0,0
30,0,0,0,0
30,0,0,0,0
30,0,0,0,0
23,0,505,-0.1010031,86.96935
24,0,0,0,0
24,0,0,0,0
24,0,0,0,0
29,0,284,0.4431975,55.65096
30,0,0,0,0
30,0,162,-0.03239996,38.14989
31,0,258,-0.05160009,53.86239
32,0,0,0,0
33,0,183,-3.536584,42.01487
34,0,0,0,0
34,0,0,0,0
34,0,0,0,0
34,0,0,0,0
26,0,313,0.9374015,55.35812
24,0,978,2.304392,155.1725
25,0,0,0,0
29,0,239,-1.547808,46.09258
30,0,0,0,0
30,0,0,0,0
31,0,341,-1.068211,60.85496
32,0,0,0,0
32,0,0,0,0
27,0,372,0.9256015,60.56231
34,0,165,-4.032966,38.96369
35,0,0,0,0
35,0,0,0,0
35,0,0,0,0
35,0,0,0,0
28,0,386,0.7054062,60.3055
28,0,544,2.281598,87.5249
25,0,485,1.403001,85.49345
36,0,344,-0.5688078,66.65758
37,0,0,0,0
37,0,0,0,0
24,0,363,-2.688815,63.87232
25,0,0,0,0
25,0,0,0,0
25,0,0,0,0
25,0,0,0,0
25,0,0,0,0
32,1,517,0.8449377,59.1591
25,0,294,-0.05880012,56.47272
26,0,0,0,0
27,0,325,0.9350013,55.51265
30,1,302,2.80399,44.69124
29,0,175,0.965001,40.76529
32,1,324,2.902789,42.98143
31,0,439,1.912197,79.34194
32,0,0,0,0
37,0,193,-1.538606,43.79434
38,0,0,0,0
38,0,0,0,0
38,0,0,0,0
30,0,496,-0.09920045,80.29021
35,1,286,0.9142225,39.53067
26,0,270,0.4459997,50.90806
32,0,133,-1.026604,36.50569
33,0,0,0,0
28,0,404,0.419199,62.00819
29,0,0,0,0
29,0,0,0,0
30,0,209,0.9582013,45.25156
29,0,384,0.9232032,65.31515
38,0,172,-2.034406,41.61756
39,0,0,0,0
39,0,0,0,0
39,0,0,0,0
33,1,302,4.9094,41.85965
26,0,303,-0.06059987,57.96726
27,0,0,0,0
36,0,188,0.4623997,41.16764
37,0,0,0,0
37,0,0,0,0
37,0,0,0,0
37,0,0,0,0
28,0,322,0.4355994,54.23474
31,1,335,4.797103,46.73243
33,0,172,-1.034406,38.61959
34,0,0,0,0
30,1,815,2.151898,101.1871
31,0,315,0.4369993,56.86532
32,0,0,0,0
33,0,387,1.422601,66.02549
34,0,0,0,0
34,0,0,0,0
39,0,196,-2.039207,43.76074
40,0,0,0,0
40,0,0,0,0
40,0,0,0,0
29,0,241,-1.048208,46.77645
30,0,0,0,0
32,0,180,-0.03599995,36.06819
33,0,0,0,0
33,0,0,0,0
34,0,149,-1.029805,36.2114
32,0,904,1.706595,131.8118
33,0,0,0,0
30,0,318,0.8304017,56.14743
25,1,607,0.817993,87.58442
34,0,145,-2.029005,35.48381
35,0,0,0,0
35,0,0,0,0
37,0,298,-3.059579,55.37304
38,0,0,0,0
38,0,0,0,0
38,0,0,0,0
38,0,0,0,0
31,0,320,0.9360015,54.5106
32,0,0,0,0
32,0,0,0,0
32,0,0,0,0
32,0,0,0,0
32,0,0,0,0
31,0,277,0.9446008,56.06201
33,1,335,2.799489,50.06337
35,1,277,2.916891,41.77367
26,0,288,0.4423995,55.54508
27,0,0,0,0
27,0,0,0,0
27,0,0,0,0
27,0,0,0,0
27,0,0,0,0
30,0,541,0.3917997,89.64732
32,0,167,0.4665998,40.24028
38,0,416,-2.583186,65.98141
39,0,0,0,0
39,0,0,0,0
39,0,0,0,0
39,0,0,0,0
27,0,202,-5.040359,32.88804
28,0,0,0,0
28,0,0,0,0
28,0,0,0,0
28,0,0,0,0
34,1,224,4.932802,36.40874
36,0,240,0.2925985,44.64297
37,0,0,0,0
37,0,0,0,0
35,0,657,2.368594,107.2715
36,0,0,0,0
29,0,872,3.117788,139.2506
31,0,957,3.308584,156.5224
39,1,236,0.9292179,38.67916
28,0,235,-3.546976,47.453
29,0,0,0,0
29,0,0,0,0
29,0,0,0,0
31,0,310,0.9380028,56.14913
40,1,932,4.220385,142.0986
37,1,290,2.91299,46.08908
33,0,390,1.921998,69.62087
32,1,687,1.293966,106.1451
27,1,1116,6.165189,155.0625
35,1,336,4.899203,46.35435
32,0,276,1.4448,54.33928
32,0,1069,3.286183,164.2073
33,0,0,0,0
34,0,1226,3.446373,166.1362
35,0,0,0,0
35,0,0,0,0
35,0,0,0,0
35,0,0,0,0
33,0,152,-0.03039996,37.97708
34,0,0,0,0
34,0,0,0,0
34,0,0,0,0
28,0,185,0.9630011,41.56208
29,0,0,0,0
35,0,168,-3.533579,40.63421
36,0,0,0,0
36,0,0,0,0
36,0,0,0,0
36,0,0,0,0
36,1,248,4.9256,41.21712
41,0,307,0.9386017,58.13495
42,0,0,0,0
38,1,303,4.9091,42.26264
30,0,512,1.3976,84.98761
40,0,472,0.9056063,70.16339
41,0,0,0,0
41,0,0,0,0
41,0,0,0,0
41,0,0,0,0
34,0,183,-2.036606,42.24229
35,0,0,0,0
35,0,0,0,0
35,0,0,0,0
29,0,443,-2.088615,80.97378
30,0,0,0,0
30,0,0,0,0
30,0,0,0,0
33,0,427,0.9146022,74.21506
32,0,621,2.375797,95.81655
39,1,244,4.926803,37.44349
36,0,282,-3.056388,52.61522
37,0,0,0,0
37,0,0,0,0
37,0,0,0,0
37,0,0,0,0
37,1,296,4.9112,42.88364
33,0,1499,4.20019,208.2716
34,0,0,0,0
41,0,327,-3.065387,56.64894
42,0,0,0,0
42,0,0,0,0
42,0,0,0,0
42,0,0,0,0
42,0,402,0.4196003,67.97047
43,0,0,0,0
40,0,158,-0.03159996,38.89398
41,0,0,0,0
41,0,0,0,0
34,0,748,3.740787,131.5974
35,0,0,0,0
38,1,207,4.937902,35.77026
27,0,2045,6.284508,314.073
37,0,265,-3.052982,54.2426
38,0,0,0,0
38,0,0,0,0
38,0,0,0,0
38,0,0,0,0
29,0,621,0.3757967,94.30106
30,0,0,0,0
30,1,509,2.847283,84.30343
35,0,134,-1.026804,33.96183
36,1,1107,7.054079,157.8057
28,0,128,-0.02559997,29.27683
38,0,142,-4.028371,37.17458
39,0,0,0,0
39,0,0,0,0
39,0,0,0,0
39,0,0,0,0
34,0,477,1.404598,86.21293
35,0,0,0,0
35,1,658,3.302579,94.23495
41,1,314,2.761991,44.25593
42,1,394,1.381805,57.1151
36,0,181,0.4637998,41.60332
37,0,177,0.4645998,41.50126
38,0,0,0,0
39,0,168,-3.533578,41.00528
40,0,0,0,0
40,0,0,0,0
40,0,0,0,0
40,0,0,0,0
33,0,605,1.878996,94.11186
31,0,906,2.318786,141.629
33,0,1202,4.15721,183.6301
40,0,158,-4.031568,35.5623
41,0,0,0,0
41,0,0,0,0
41,0,0,0,0
41,0,0,0,0
43,1,261,4.9217,42.01815
42,1,317,4.9049,42.29613
43,0,645,0.8710021,94.81558
44,0,0,0,0
30,0,537,0.8926002,83.98841
31,0,0,0,0
35,0,394,-0.0787974,57.54896
36,0,0,0,0
34,0,158,0.4683999,38.36697
31,0,674,2.365188,105.7592
32,0,0,0,0
32,0,0,0,0
32,0,0,0,0
32,0,0,0,0
41,1,264,0.9208122,43.80489
38,0,509,0.8982019,94.74176
39,0,833,2.833391,116.2647
40,0,0,0,0
40,0,0,0,0
35,0,191,0.9618014,44.67807
44,0,324,0.9352024,58.14113
45,0,0,0,0
45,0,0,0,0
45,0,0,0,0
45,0,0,0,0
34,1,998,6.598789,149.6326
43,1,384,4.884799,56.91385
37,0,656,1.868793,107.2746
40,0,167,-1.533406,39.7851
41,0,0,0,0
41,0,0,0,0
42,1,284,4.9148,44.01154
36,0,483,0.4033994,79.43756
37,0,0,0,0
45,1,261,0.9217087,48.78104
36,0,275,1.944999,54.66722
39,0,316,0.9368024,65.05581
34,0,804,3.226588,142.5254
44,0,649,1.370195,111.06
45,0,0,0,0
32,0,461,-2.092187,82.79678
33,0,0,0,0
33,0,0,0,0
33,0,0,0,0
33,0,0,0,0
33,0,0,0,0
44,1,283,4.9151,41.77636
41,1,262,3.421391,45.22704
43,1,237,4.9289,41.02617
46,1,260,4.922,41.82975
45,0,195,-0.1774002,39.86235
46,0,0,0,0
46,0,0,0,0
31,1,837,6.74889,142.2462
42,1,178,4.946602,35.0155
33,0,266,-4.053145,54.01595
34,0,0,0,0
34,0,0,0,0
34,0,0,0,0
34,0,0,0,0
34,0,0,0,0
44,1,278,4.589602,40.33268
40,0,484,2.303196,94.50494
41,0,0,0,0
47,1,247,4.9259,41.43969
46,1,268,2.919591,41.00258
41,0,156,-0.5312017,40.02808
42,0,0,0,0
45,0,570,1.385999,99.91028
46,0,0,0,0
36,0,1552,3.96617,229.0596
37,0,0,0,0
37,0,0,0,0
37,0,0,0,0
35,1,959,7.712281,143.5335
48,1,300,4.807603,46.1702
45,1,404,5.378801,59.48959
37,0,891,3.720581,149.9716
38,0,1070,4.185997,169.1862
39,0,0,0,0
47,1,339,4.898303,48.97625
43,1,608,6.211591,87.87404
32,0,1620,5.575484,246.7769
34,1,583,1.11315,92.74942
49,1,260,4.922,42.18405
48,1,241,4.9277,40.84511
46,1,289,4.913302,46.50771
37,1,493,2.852084,83.19064
44,1,244,4.823803,39.68901
46,0,632,0.8736022,104.7324
47,0,0,0,0
50,1,256,4.923203,43.13144
45,0,155,0.9690013,39.9403
46,0,0,0,0
46,0,0,0,0
49,0,187,-0.1764002,39.90014
50,0,0,0,0
50,0,0,0,0
32,0,1059,3.788178,169.7132
33,0,0,0,0
47,1,317,4.9049,41.47505
35,1,522,5.8434,87.31823
35,0,1480,6.2041,238.2229
46,1,229,2.830092,40.81867
36,0,867,2.716984,137.733
37,0,0,0,0
50,1,287,2.801289,41.96878
51,1,413,4.876102,52.12288
38,1,844,7.635983,140.3793
38,1,609,6.214294,97.221
47,1,249,4.821103,39.25395
36,0,348,1.430401,64.924
51,1,257,4.9229,41.77982
33,1,952,7.004783,139.717
37,0,1955,5.109064,270.099
38,0,0,0,0
39,0,209,-0.1910001,38.89813
40,0,0,0,0
40,0,0,0,0
40,0,0,0,0
52,1,276,4.9172,40.94493
33,0,670,1.365995,125.2672
34,0,0,0,0
34,0,0,0,0
34,0,0,0,0
52,0,162,0.967601,40.46585
53,0,0,0,0
53,0,0,0,0
37,0,483,0.4033992,84.3356
38,0,0,0,0
29,0,3112,10.17169,457.2185
40,0,172,-3.166811,37.31838
41,0,0,0,0
41,0,0,0,0
41,0,0,0,0
36,1,686,5.464199,93.9767
48,1,354,4.893804,50.60139
39,0,1285,4.242999,201.6556
34,0,157,-3.031405,36.98052
53,1,201,4.834902,36.63998
53,1,257,2.922892,42.25417
54,1,328,4.901604,51.40492
47,1,1272,7.508784,192.5379
54,1,280,4.806403,44.56139
34,1,771,6.768691,132.0405
48,0,1230,4.253992,188.3244
49,0,0,0,0
49,0,0,0,0
49,0,0,0,0
49,0,0,0,0
41,1,562,2.409778,90.25533
49,1,566,5.720598,84.16774
37,1,573,6.328095,92.57504
37,1,920,8.116803,145.5019
55,1,269,4.919302,44.23347
38,1,878,6.633587,144.1672
50,1,247,4.9259,41.00622
42,1,2419,13.17138,383.6413
55,1,539,6.338294,84.84193
42,1,489,5.8533,86.89744
40,0,1055,4.289005,170.3331
41,0,0,0,0
39,0,342,0.9316029,59.6387
40,0,0,0,0
38,1,598,6.820587,97.18396
56,1,235,4.9295,41.09628
35,1,1189,8.643308,188.0013
51,0,411,1.417796,77.60835
52,0,0,0,0
52,0,0,0,0
43,0,282,0.9436026,53.4867
44,0,0,0,0
44,0,0,0,0
44,0,0,0,0
44,0,0,0,0
35,1,875,6.510478,134.2864
57,1,254,4.923802,44.51489
41,0,390,0.3141975,65.67937
49,1,936,3.219197,129.5495
52,1,274,2.917791,46.83595
36,0,208,0.4583997,42.58731
39,0,534,2.393196,96.10638
40,0,0,0,0
40,0,0,0,0
40,0,0,0,0
40,0,0,0,0
40,0,0,0,0
36,0,482,0.9036052,80.5153
58,1,282,4.9154,42.43939
50,1,263,5.421103,42.12795
43,1,842,6.747389,141.0755
53,0,339,0.8148047,61.17239
54,0,0,0,0
54,0,0,0,0
37,0,166,0.966801,40.17289
38,0,0,0,0
48,0,1474,5.598676,234.1706
49,0,0,0,0
49,0,0,0,0
49,0,0,0,0
44,1,564,2.216405,92.14967
38,0,1338,5.232456,209.1136
39,0,0,0,0
59,1,290,4.913003,45.55061
38,0,282,-0.1582014,53.98964
39,0,0,0,0
40,0,538,-3.107556,99.56614
41,0,0,0,0
41,0,0,0,0
41,0,0,0,0
41,0,0,0,0
41,0,0,0,0
39,0,2688,9.643274,438.7769
60,1,265,4.9205,41.54251
54,0,551,0.2861955,96.31149
55,0,0,0,0
55,0,0,0,0
49,0,527,-1.105417,87.2881
50,0,0,0,0
50,0,0,0,0
45,1,563,5.728697,93.13951
44,0,772,2.725186,135.8447
45,0,0,0,0
61,1,260,4.922002,43.02428
56,1,1998,11.40077,265.0549
39,0,708,2.358394,133.7654
40,0,0,0,0
55,0,454,-0.6932058,79.60168
56,0,0,0,0
56,0,0,0,0
51,0,1119,4.276206,183.0088
52,0,0,0,0
52,0,0,0,0
52,0,0,0,0
52,0,0,0,0
40,0,1753,6.649516,279.7935
41,0,0,0,0
46,1,495,5.750298,83.81783
57,1,308,4.907603,48.54623
39,0,822,1.724186,132.5672
40,0,0,0,0
52,1,229,0.9313117,40.24876
62,1,608,6.817587,92.77286
50,1,784,5.764793,131.7886
58,1,317,4.788102,48.24464
53,1,217,5.434898,38.22603
40,0,636,1.872801,107.238
41,0,0,0,0
40,0,409,0.9182012,71.89465
41,0,0,0,0
45,1,878,6.507794,140.9298
56,1,557,3.729289,84.43822
47,1,520,6.343994,87.7075
63,1,314,5.405804,45.54669
59,1,235,4.8283,40.44883
30,1,3570,16.42883,547.7265
40,0,1341,4.520387,218.3844
54,1,309,4.9073,46.86126
57,1,223,4.933102,42.1528
64,1,199,4.940302,36.92725
60,1,258,4.922603,45.75338
41,0,892,1.96578,155.2124
42,0,0,0,0
38,1,4028,20.29116,620.1329
58,1,275,4.917503,46.19976
51,1,778,7.162989,135.1684
55,0,363,1.427402,72.14595
56,0,0,0,0
56,0,0,0,0
56,0,0,0,0
56,0,0,0,0
65,1,340,4.898,47.11499
48,1,548,5.835596,94.24698
61,1,269,4.819303,46.45831
41,1,847,6.138091,138.4503
59,1,270,4.919003,44.94283
41,0,815,2.135791,145.2567
42,0,0,0,0
42,0,0,0,0
42,0,0,0,0
56,1,240,0.9280094,43.17202
42,0,464,0.9072009,92.31162
43,0,0,0,0
66,1,242,4.927402,43.38149
42,0,2796,12.38668,432.8053
31,1,755,6.666892,131.065
62,1,289,4.807903,46.51476
41,0,2151,4.258441,325.3914
42,0,0,0,0
42,0,0,0,0
42,0,0,0,0
42,0,0,0,0
42,0,0,0,0
60,1,231,4.930702,39.18078
41,0,841,2.229386,142.4921
49,0,492,2.401596,97.27805
50,0,0,0,0
50,0,0,0,0
50,0,0,0,0
67,1,253,4.9241,40.39548
57,1,296,4.794399,43.6693
43,0,290,0.9420021,55.52792
61,1,248,4.821403,40.68944
52,0,776,2.844789,124.0484
53,0,0,0,0
68,0,262,0.947602,54.12413
69,0,0,0,0
69,0,0,0,0
58,1,292,4.912402,46.60295
42,0,422,1.915601,85.75238
63,1,551,5.834702,81.66269
42,0,753,-0.259617,136.2357
43,0,0,0,0
43,0,0,0,0
43,0,0,0,0
39,1,1147,8.446922,179.1215
43,1,744,6.776789,128.103
62,1,340,4.898,48.3625
50,0,512,-0.6024144,95.97776
51,0,0,0,0
51,0,0,0,0
51,0,0,0,0
69,1,302,2.90939,48.24744
40,0,122,-0.02439997,30.90326
64,0,211,0.8236039,44.47986
65,0,0,0,0
65,0,0,0,0
65,0,0,0,0
65,0,0,0,0
32,1,889,7.233285,135.5196
63,1,249,4.7181,41.52432
43,0,312,-2.06241,59.0336
44,0,0,0,0
59,0,466,1.406797,76.21822
60,0,0,0,0
60,0,0,0,0
60,0,0,0,0
60,0,0,0,0
42,0,919,-1.183767,142.0937
43,0,0,0,0
43,0,0,0,0
43,0,0,0,0
43,0,0,0,0
43,0,0,0,0
70,1,305,4.908503,47.92195
44,1,867,7.739883,142.3415
65,1,365,0.7605021,52.17771
60,1,281,1.297707,45.7405
53,1,814,6.527586,126.2431
71,1,231,4.930703,38.57259
43,1,804,7.027589,130.0538
66,1,242,4.927402,44.67355
64,0,514,2.397193,94.48196
65,0,0,0,0
65,0,0,0,0
44,1,836,7.147384,133.8972
61,1,352,4.8944,46.37723
67,1,266,5.420198,45.04262
65,1,241,2.927692,41.74379
54,0,445,1.910996,83.91388
55,0,0,0,0
55,0,0,0,0
55,0,0,0,0
33,1,813,6.530292,130.3517
42,0,1875,7.125125,301.1849
43,0,0,0,0
62,1,236,4.929202,43.00307
72,1,562,6.331393,88.44646
68,1,261,4.717499,41.66438
45,0,855,2.482187,127.9937
66,1,284,4.914803,46.702
41,1,1282,7.154787,195.871
63,1,234,4.9298,42.09367
73,1,284,4.813003,46.00853
69,1,297,4.583904,40.61998
45,1,759,7.272285,130.9598
67,1,312,5.286599,48.58871
44,1,914,6.725792,140.4249
46,1,3201,16.4341,498.7472
64,1,267,4.919903,46.92696
74,1,250,4.925,40.99538
70,1,242,4.9274,41.3424
68,1,213,4.836102,38.33241
65,1,226,4.932202,38.60101
55,1,882,4.735384,143.2484
34,1,885,6.923686,140.3073
51,0,1884,3.123161,277.8351
52,0,0,0,0
52,0,0,0,0
52,0,0,0,0
52,0,0,0,0
52,0,0,0,0
75,1,258,4.9226,41.32421
69,1,250,5.325003,42.79309
46,1,809,7.139891,127.6037
66,1,268,4.816599,43.30847
56,0,260,0.9480029,57.21085
57,0,0,0,0
57,0,0,0,0
57,0,0,0,0
42,0,796,3.419784,134.8028
37,0,5567,18.28926,782.5759
47,0,560,2.387994,88.55155
48,0,0,0,0
52,0,289,-4.057741,55.57619
53,0,0,0,0
53,0,0,0,0
53,0,0,0,0
53,0,0,0,0
76,1,272,4.918402,48.79888
70,1,303,4.693502,46.85143
71,1,630,6.001392,87.70792
45,0,804,2.83919,147.3024
67,1,305,4.908503,47.26087
46,1,883,7.735085,140.9657
77,1,263,4.9211,43.7067
44,0,2274,7.729785,360.005
45,0,0,0,0
47,0,485,2.402997,83.14091
43,0,1559,5.188241,260.4409
44,0,0,0,0
71,1,257,4.9229,41.68863
43,1,2327,8.490546,332.5592
78,0,164,0.9672011,40.23431
79,0,0,0,0
79,0,0,0,0
48,0,515,1.396997,86.27453
49,0,0,0,0
68,1,306,4.805803,50.23779
72,1,374,5.167404,50.6437
35,1,989,7.102087,154.6909
57,1,825,4.435693,132.9419
69,1,268,4.9196,43.25382
36,0,153,0.9694011,41.52616
72,0,447,1.910596,84.63551
73,1,294,4.9118,43.91158
73,0,0,0,0
73,0,0,0,0
43,0,1010,4.19799,156.192
44,0,0,0,0
46,1,778,6.76659,138.8103
47,0,736,2.852791,138.0699
48,0,0,0,0
79,1,592,4.322394,86.72065
70,1,243,4.927103,43.02958
73,1,254,2.821392,39.72664
44,1,817,6.254892,135.4157
80,1,249,4.925303,44.67541
74,1,232,5.430403,41.83612
71,1,294,4.911803,45.99405
74,1,643,6.098688,94.15059
49,0,1066,4.170586,174.3003
81,1,274,4.6992,41.83811
75,1,232,4.9304,41.48864
72,1,235,4.929502,43.05485
58,1,814,7.498179,130.4261
44,0,1276,5.244897,204.4684
45,0,0,0,0
45,0,0,0,0
45,0,0,0,0
37,1,927,7.221879,152.1268
76,1,217,4.934902,39.92823
82,1,241,4.927702,39.2061
73,1,274,4.808803,46.40977
75,1,380,5.386003,47.80601
77,1,238,4.820803,40.45919
83,1,224,4.932803,40.61139
47,0,1070,3.67218,186.8385
74,1,255,4.9235,41.79795
53,1,2157,9.352962,318.2467
76,1,304,4.9088,48.39845
48,0,1256,4.044009,214.663
49,0,0,0,0
38,0,491,0.7904056,81.37092
84,1,235,4.9295,41.44937
75,1,222,4.9334,40.83345
38,0,2399,8.711999,368.1286
45,1,652,2.884579,96.82196
48,1,2003,10.48543,292.1165
44,1,1515,9.514354,221.0927
85,1,298,4.795603,44.67404
76,1,299,4.792302,46.59469
54,1,502,6.140394,91.10812
86,1,217,4.934902,39.14977
77,1,232,4.9304,41.77065
46,1,531,6.340694,91.07132
78,1,1006,8.698223,161.3053
77,1,975,7.491281,135.7388
39,1,922,6.042994,141.0263
55,1,550,6.225394,89.98923
45,1,2874,13.90493,444.4656
87,1,448,5.865599,69.42883
39,1,904,7.511383,133.5992
45,1,788,6.65099,134.5891
79,1,242,4.9274,41.6805
47,1,507,7.347888,93.86687
46,0,212,0.2083994,45.68907
47,0,0,0,0
45,1,2238,13.82864,351.5807
88,1,248,4.9256,41.43631
80,1,233,4.930102,40.86859
78,1,781,7.265688,115.054
89,1,242,4.827402,43.81859
81,1,209,5.437298,38.6194
56,1,536,6.339193,94.05571
79,1,250,4.925003,43.94121
50,1,2425,14.52572,355.0483
90,1,249,4.924702,44.41437
82,1,253,4.924102,45.10178
48,1,586,5.572598,88.5493
78,0,892,2.821588,138.293
79,0,0,0,0
79,0,0,0,0
79,0,0,0,0
79,0,0,0,0
46,1,856,7.132987,142.7841
80,1,234,4.9298,41.74659
91,1,238,4.928603,42.11003
47,1,827,6.151294,138.615
46,1,819,7.146485,135.807
48,1,2255,11.34096,363.0347
79,1,272,0.9184132,45.88092
83,1,354,5.393799,57.44292
81,1,265,4.9205,43.03189
92,1,251,4.924703,45.31139
49,1,2300,13.70041,383.9727
49,1,570,6.725987,91.13064
82,1,221,4.933702,38.42843
84,1,328,4.9016,46.96453
57,1,931,6.72069,157.0381
93,1,238,4.928603,43.41297
48,0,453,1.909397,90.41647
49,0,0,0,0
80,1,477,5.540704,68.77939
47,1,775,7.267484,136.7728
85,1,267,4.705503,43.47156
51,1,1099,9.069147,180.8799
81,1,284,4.8016,41.58802
50,1,538,6.238593,90.07001
49,1,836,7.146186,138.5075
49,0,437,1.412598,88.51764
50,0,0,0,0
86,1,236,4.929203,40.54589
58,1,547,6.623287,91.94173
47,1,951,6.373897,141.8255
94,1,546,6.132594,80.67061
82,1,253,4.9241,41.25959
95,0,154,1.469199,41.71123
96,0,0,0,0
96,0,0,0,0
50,1,887,7.233881,135.568
87,1,303,5.409099,52.30727
83,1,913,7.923712,134.1399
59,1,3980,21.44744,627.312
83,1,243,4.8259,41.43881
96,1,237,2.827092,40.00203
84,0,177,1.464599,43.55797
85,0,0,0,0
85,0,0,0,0
85,0,0,0,0
85,0,0,0,0
84,1,234,4.929802,41.04885
59,1,610,5.574999,90.33492
97,1,252,4.822602,44.83799
85,1,228,0.9316115,41.84717
50,1,842,6.747388,138.2739
48,1,1175,8.544503,184.688
85,1,278,4.916603,47.68162
48,1,926,6.96158,140.9344
86,1,262,4.921402,44.69656
51,1,819,6.942884,131.3911
98,1,368,4.8896,46.05828
60,1,542,5.837396,94.08814
88,1,912,7.726383,136.6331
86,1,296,4.911202,46.20547
49,0,4059,18.05359,637.7911
87,1,280,4.7968,42.17069
99,1,264,4.9208,41.74918
51,1,1468,9.338055,229.0174
89,1,215,4.9355,40.90812
87,1,285,5.313303,41.45456
40,1,3531,16.83807,571.5508
40,0,3478,15.59932,537.1797
100,1,308,4.9076,44.38112
49,1,762,7.271388,135.511
88,1,368,4.7716,44.48675
90,1,269,4.919302,48.14944
88,1,230,4.931002,43.34235
61,1,575,5.827499,92.0804
52,1,720,7.783987,126.2476
49,1,889,7.233286,146.3536
52,1,1980,12.90608,294.1452
101,1,237,4.9289,41.85526
89,1,237,4.9289,44.06376
91,1,287,4.9139,45.23703
89,1,251,4.9247,41.54846
52,1,643,6.307092,103.2261
60,1,1695,11.67906,278.0022
90,1,212,4.936402,37.40757
50,1,914,7.607781,141.8692
92,1,212,4.936402,38.72107
50,1,2244,13.32689,367.0477
90,1,239,4.928302,38.91537
102,1,366,4.890202,55.26693
41,1,784,6.764791,134.1719
91,1,213,5.436098,38.82454
62,1,645,5.468099,91.73438
93,1,258,4.922603,44.52423
91,1,241,5.427703,39.70676
50,1,851,8.042911,138.5129
53,1,482,5.855399,90.67869
92,1,209,4.937303,37.65055
50,1,788,7.153986,137.521
42,0,354,1.429201,72.72773
92,1,264,4.9208,42.30304
94,1,333,4.9001,48.02108
93,1,237,4.928903,42.56031
63,0,378,0.2697985,62.25773
64,0,0,0,0
64,0,0,0,0
64,0,0,0,0
64,0,0,0,0
64,0,0,0,0
103,1,605,6.818486,90.93352
93,1,205,4.938502,37.62616
51,1,771,6.963284,126.1238
95,1,213,4.835503,40.38241
94,1,218,4.831002,39.04498
51,0,794,2.993779,130.3859
54,1,526,5.842196,90.81079
104,1,260,5.421998,43.93047
64,1,521,0.8437674,89.29241
51,1,804,7.258786,137.9301
96,1,348,4.750602,49.0259
105,1,300,4.91,43.45954
95,1,450,5.365002,66.47591
97,1,227,4.9319,40.61356
55,1,533,5.730497,89.65677
43,1,987,6.99428,137.5757
96,1,260,5.421997,45.86078
98,1,194,4.941803,37.55779
52,1,772,7.565384,128.7592
65,1,534,5.839797,95.2066
97,1,246,4.9262,43.68246
106,1,538,6.338594,82.56005
51,1,1329,9.60135,215.3946
99,1,267,4.919902,46.88861
94,1,1136,7.659171,163.4094
56,1,611,6.316693,99.79814
107,1,245,5.220499,44.61708
98,1,265,4.920503,45.75401
66,1,466,5.750598,85.6243
100,1,297,4.910903,48.22886
95,1,262,4.921402,45.31046
51,0,3653,16.94621,584.1157
52,0,0,0,0
53,1,2609,15.40771,433.2232
108,1,329,4.7809,43.29279
44,1,897,7.525483,143.3716
101,1,251,4.9247,42.36316
96,1,266,4.920203,47.66912
61,1,2548,12.82191,398.7972
57,0,512,2.180197,94.24747
58,0,0,0,0
58,0,0,0,0
58,0,0,0,0
58,0,0,0,0
58,0,0,0,0
52,1,760,7.27199,130.5427
109,1,222,4.933402,39.63021
97,1,317,4.675499,44.03572
67,1,637,5.574702,92.61789
52,1,1645,11.68386,262.4156
53,1,1191,10.14277,193.4319
110,1,236,4.9292,42.59184
99,1,831,7.250684,123.1755
58,0,446,-3.089149,90.15375
59,0,0,0,0
59,0,0,0,0
59,0,0,0,0
59,0,0,0,0
59,0,0,0,0
52,1,702,6.789392,127.0347
98,1,326,5.402199,53.55211
111,1,264,4.9208,43.23026
102,1,723,5.783102,109.6126
100,1,252,4.924403,45.32257
45,1,825,7.644084,133.7349
62,1,785,6.561491,136.3779
68,1,526,5.842197,86.0329
112,1,254,4.923803,41.72268
101,1,213,4.9361,40.54119
103,1,240,4.822602,44.36937
53,1,824,7.133588,136.1737
59,1,582,1.118253,96.00126
54,1,793,7.561485,135.2183
104,1,221,4.933702,39.26271
113,1,251,4.924703,44.4031
102,1,247,4.9259,41.85127
99,1,539,6.83829,90.12938
52,0,2876,13.82401,488.8284
53,1,883,7.735084,141.4028
105,1,212,5.436398,40.14968
103,1,230,4.931,40.24325
54,0,1533,6.375469,253.6507
55,0,0,0,0
100,1,256,4.923203,44.42145
114,1,301,4.770102,41.47422
53,1,901,7.028487,141.0361
46,1,750,7.774986,130.5834
106,1,251,5.322303,41.09906
104,1,237,4.928903,41.43398
101,1,225,4.932502,42.72779
60,1,532,6.340394,88.42824
115,1,245,4.9265,41.29957
63,1,892,7.083178,144.2253
54,1,849,7.491875,141.2627
105,1,204,5.438802,38.39671
102,1,273,4.801899,43.0198
116,1,227,4.9319,40.86125
107,1,341,4.897699,50.42328
69,0,1168,5.266429,203.3093
70,0,0,0,0
70,0,0,0,0
70,0,0,0,0
70,0,0,0,0
70,0,0,0,0
106,1,225,4.9325,41.29396
54,1,929,7.388878,145.6893
117,1,268,4.919602,47.75149
108,1,241,4.927702,43.94544
54,1,752,7.165383,130.5126
61,1,604,6.318793,95.42635
55,1,862,6.138992,142.4349
47,1,798,7.158785,133.0905
107,1,280,4.916002,48.86053
62,0,102,-0.02039998,28.57762
63,0,0,0,0
63,0,0,0,0
63,0,0,0,0
63,0,0,0,0
70,0,386,-3.577141,75.01791
71,0,0,0,0
71,0,0,0,0
71,0,0,0,0
71,0,0,0,0
71,0,0,0,0
109,1,226,4.932202,41.50003
64,1,727,7.781886,131.2206
118,1,284,5.414799,50.43021
103,1,631,5.810701,101.7929
108,1,267,4.819303,44.63716
55,1,872,7.031784,143.8959
110,1,283,4.9151,46.14787
71,0,372,-3.574344,74.32986
72,0,0,0,0
72,0,0,0,0
72,0,0,0,0
72,0,0,0,0
72,0,0,0,0
104,1,275,4.917502,46.23048
63,1,501,1.84971,85.15675
109,1,279,4.812702,45.74118
111,1,229,4.9313,41.37824
55,1,783,7.063891,134.4857
53,1,5815,30.51799,922.1824
105,1,216,4.935203,40.71603
56,1,806,7.445586,137.4354
48,1,802,7.759385,132.3248
72,0,373,-3.574544,75.20251
73,0,0,0,0
73,0,0,0,0
73,0,0,0,0
73,0,0,0,0
73,0,0,0,0
112,1,284,4.9148,46.23709
55,1,2131,13.6259,325.1528
119,1,822,7.441986,128.0174
65,1,920,7.723981,153.7564
64,1,555,6.231092,89.1608
113,1,238,4.928602,44.16747
110,1,629,6.81129,105.1887
41,0,6553,28.98769,958.8954
120,1,237,4.928902,44.00311
73,0,385,-3.576946,73.32128
74,0,0,0,0
74,0,0,0,0
74,0,0,0,0
74,0,0,0,0
74,0,0,0,0
55,1,1429,10.5714,233.1833
114,1,277,4.809703,45.53762
111,1,232,4.9304,41.46751
56,1,1124,9.162804,176.9542
121,1,283,4.610903,47.29147
106,1,795,7.261488,124.6142
54,1,839,6.641691,136.4801
57,1,840,6.909586,142.8109
115,1,231,4.830703,40.83745
65,1,552,5.834397,90.14365
122,1,231,4.930702,42.19836
56,1,809,7.149488,135.6505
107,1,269,4.9193,42.21988
66,1,801,6.656691,134.6327
123,1,231,4.830703,42.64964
112,0,549,2.390194,97.75024
113,0,0,0,0
113,0,0,0,0
113,0,0,0,0
113,0,0,0,0
49,1,1164,9.041245,173.1296
108,1,266,4.9202,43.67443
66,1,511,5.8467,88.57796
124,1,243,4.9271,41.89273
116,1,579,6.826288,89.58608
113,1,264,0.9208089,47.99967
57,1,785,7.663284,133.6735
109,1,229,4.9313,41.14854
56,1,1736,9.943861,265.615
55,1,870,7.629384,131.7393
58,1,847,8.245896,141.131
125,1,237,4.818103,39.63295
114,1,271,4.918703,46.28886
117,1,303,4.783299,41.8947
110,1,281,4.915703,46.36143
74,0,1393,1.569831,231.3706
75,0,0,0,0
75,0,0,0,0
75,0,0,0,0
75,0,0,0,0
75,0,0,0,0
57,1,880,6.715587,139.4448
126,1,235,4.929503,39.41898
42,0,1511,6.197901,225.827
115,1,216,4.9352,40.92592
67,1,586,5.907393,92.89526
58,0,494,2.300596,93.90279
111,1,234,4.9298,42.0043
118,1,282,4.915403,46.78817
67,0,1021,5.295827,181.4685
68,0,0,0,0
68,0,0,0,0
68,0,0,0,0
127,1,239,5.428303,41.61775
116,1,235,4.9295,41.89605
119,1,263,4.8097,41.93644
75,1,462,1.361439,84.45157
57,1,745,7.276486,130.392
128,1,220,4.934002,43.40306
117,1,231,4.930702,43.05421
59,0,438,1.809397,86.01904
50,1,1308,8.607607,187.2946
68,1,555,5.8335,89.00578
120,1,252,4.924403,46.51472
59,1,887,7.41888,139.4593
112,1,561,6.83169,96.58298
58,1,773,7.663286,130.1862
129,1,289,4.913303,48.37488
118,1,246,4.926202,44.00291
60,0,320,0.7306041,68.20379
121,1,230,4.931003,44.20309
113,1,218,4.9346,40.59771
119,1,195,4.941502,37.67846
130,1,262,4.921402,45.64798
76,1,614,6.396587,92.08226
68,1,844,4.746789,150.7832
122,1,224,4.932803,42.2031
69,1,494,6.351795,85.59675
114,1,221,4.9337,40.32487
120,1,255,4.923502,46.36755
123,1,208,4.937603,37.72485
115,1,287,4.813903,47.41951
121,1,239,4.828302,43.87856
131,1,517,5.844898,85.05975
124,1,227,5.431902,41.07082
77,1,552,6.334396,91.63846
61,1,788,7.763586,136.2402
116,1,240,4.927999,41.38355
58,1,1240,8.801044,189.1037
122,1,245,4.8151,41.75005
69,1,699,7.790282,128.5535
132,1,242,4.9274,42.14508
59,1,1119,9.06013,176.6641
117,1,287,4.9139,44.63964
123,1,256,4.815403,43.04651
70,1,856,7.828175,134.3572
133,1,274,4.9178,44.21955
78,1,495,6.351494,89.56947
53,1,5877,28.73601,910.5546
125,1,601,6.110091,88.93008
124,1,270,4.919003,47.23245
134,1,246,4.9262,43.75724
126,1,254,5.423798,45.92966
125,1,202,4.939403,37.42207
59,1,746,7.063589,131.4016
118,1,532,6.140394,86.12334
62,1,863,7.032085,142.5681
70,1,780,7.160583,135.6087
79,1,482,6.355395,86.64855
51,1,1955,12.71123,303.8854
126,1,224,4.9328,41.37069
56,1,2923,16.62295,451.4198
71,0,692,3.361589,123.3999
72,0,0,0,0
72,0,0,0,0
72,0,0,0,0
127,1,286,4.914202,51.78666
119,1,240,4.928,41.72202
127,1,272,4.817802,47.58665
128,1,245,4.819903,41.21292
135,1,643,6.3071,93.7144
120,1,246,4.810002,40.58976
60,1,1159,8.72591,178.3355
80,1,493,6.352095,88.81746
128,1,227,4.9319,40.42193
54,0,1067,4.786618,182.4194
71,0,666,3.366792,134.2401
72,0,0,0,0
72,0,0,0,0
72,0,0,0,0
129,1,246,4.9262,45.305
136,1,255,4.923502,44.53324
121,1,248,4.925603,44.1445
72,1,551,3.834687,99.68469
63,1,782,6.765392,133.1341
56,1,4662,28.10066,792.8715
60,1,895,7.731486,149.4998
52,1,780,6.76599,135.3893
129,1,246,4.612402,43.959
137,1,245,4.8247,41.69545
60,1,2790,16.45453,380.5303
122,1,239,4.928303,41.75436
130,1,292,5.412398,51.80579
130,1,237,4.9289,42.03304
131,1,214,4.935802,40.40002
138,1,263,4.720503,44.84377
123,1,253,4.924103,44.89827
73,0,572,2.885591,103.4394
74,0,0,0,0
74,0,0,0,0
74,0,0,0,0
61,1,786,8.264201,137.2973
131,1,235,4.9295,41.20041
132,1,208,5.437602,40.22899
57,1,1244,10.02687,190.1281
139,1,241,4.823503,43.76364
57,0,721,3.640785,138.5537
61,1,761,7.271688,137.9969
64,1,827,7.642886,139.6522
133,1,240,4.928002,44.72502
140,1,201,4.939702,37.55945
132,1,288,4.913604,52.63494
72,1,1037,4.188877,170.4413
81,1,1192,8.035199,201.923
124,1,564,6.419391,86.77773
134,1,236,4.929202,45.55448
133,1,233,4.930102,43.78768
141,1,268,5.419602,49.45171
125,1,223,5.433098,40.73967
135,1,191,4.942702,37.75447
53,0,1248,6.750466,222.5885
142,1,241,4.8277,41.18401
134,1,285,4.914504,48.6964
82,1,502,5.745799,88.05753
126,1,264,4.920802,47.37643
135,1,205,4.938502,39.00267
65,1,765,7.770485,132.6335
143,1,228,4.9316,41.81832
62,1,823,7.645882,147.3935
73,1,724,6.570791,131.4917
127,1,305,4.781499,42.16604
136,1,235,5.429499,43.45948
144,1,250,4.824402,42.77261
58,1,1183,10.14515,200.4714
83,1,474,6.357794,86.29309
128,1,241,4.927702,44.09367
74,1,1513,7.936468,247.8078
137,1,230,4.931003,41.95481
145,1,217,4.9349,41.08752
129,1,207,4.937902,38.68356
61,1,2066,13.88022,339.8787
62,1,1719,9.848417,278.651
146,1,215,4.935502,40.27089
138,1,247,4.925902,45.08352
66,1,800,7.656385,139.2167
84,1,477,5.8569,86.3372
130,1,230,5.431003,41.23842
75,1,436,5.869199,81.83584
147,1,199,4.940302,39.35451
136,1,1259,8.622317,178.1836
139,1,247,4.8199,41.55737
74,1,964,8.710835,162.9286
63,0,399,1.420199,77.58574
131,1,248,4.722602,45.59605
63,1,1086,8.468805,176.5615
59,1,789,7.763284,138.6048
148,1,263,4.921103,45.92878
140,1,237,4.928903,44.15435
137,1,255,4.923502,49.07869
85,1,523,5.730499,89.27586
76,1,493,6.352094,89.62976
149,1,222,4.828602,39.36695
132,1,284,4.914803,49.72594
62,1,813,7.136889,134.696
138,1,288,4.801602,45.85099
141,1,295,4.911503,51.14521
58,0,2506,12.39869,418.7031
59,0,0,0,0
150,1,245,4.9265,44.86756
139,1,225,4.932502,43.07675
67,1,916,6.905388,135.1237
64,0,661,3.86779,131.4347
65,0,0,0,0
142,1,238,4.9286,41.44025
54,1,2045,13.38651,323.1926
86,1,446,6.366194,82.78872
77,1,449,6.264695,83.76682
64,1,729,7.176487,129.5595
151,1,235,4.929502,44.64628
133,1,466,5.860197,79.34251
68,0,156,0.968801,42.79659
69,0,0,0,0
143,1,208,4.937602,40.75425
140,1,244,4.7112,41.83284
60,1,824,7.752785,147.4284
152,1,227,4.931902,41.99473
134,1,259,4.922303,44.98797
144,1,242,4.9274,42.50308
141,1,257,4.922903,45.95689
78,1,436,6.369194,80.15832
87,1,488,6.353594,89.34183
135,1,219,4.9343,41.17444
145,1,226,4.932202,40.86946
142,1,232,4.930402,44.68187
55,1,778,6.547992,136.055
65,1,817,6.754891,141.6067
65,1,790,7.662985,135.7054
146,1,281,5.415702,42.85507
143,1,253,4.814503,45.64581
61,1,776,7.267188,138.5651
79,1,490,6.243996,87.99858
88,1,513,6.234696,92.453
153,1,788,6.263594,107.5094
147,1,243,4.9271,42.11956
144,1,241,4.927702,45.57838
63,1,1517,10.32222,212.9774
154,1,199,4.940302,38.25412
148,1,226,4.932202,41.40263
145,1,256,4.923203,46.82173
75,1,2175,13.84752,385.9556
80,1,495,6.351494,88.38099
89,1,489,6.151494,85.41051
155,1,267,4.714499,40.88153
66,1,810,7.256987,138.4249
56,1,812,7.544983,129.2486
149,1,228,4.9316,41.65005
136,1,1048,7.685579,157.5661
59,1,1889,12.43341,301.5515
146,1,245,4.804902,38.94061
62,1,748,7.471383,134.7993
137,1,223,5.433097,39.99875
156,1,319,4.770102,46.74367
150,1,289,4.708504,48.40083
147,1,258,4.715404,43.96399
81,0,463,2.203796,89.55836
82,0,0,0,0
82,0,0,0,0
82,0,0,0,0
64,1,727,7.174087,130.2962
55,0,5441,24.10313,849.5428
90,1,534,5.839797,91.73698
138,1,229,5.331298,42.43324
157,1,210,4.937,40.76214
60,0,468,2.406397,90.18143
61,0,0,0,0
148,1,237,4.928903,45.39115
69,1,2107,12.36802,371.1214
151,1,355,4.8935,50.57678
139,1,206,4.938202,39.13308
76,1,888,7.62398,154.735
158,1,231,4.930703,41.92821
149,1,225,4.932503,41.35812
63,1,705,6.788491,134.2602
91,1,481,5.855697,90.66893
66,1,1673,9.559172,260.761
152,1,297,4.910903,50.28731
159,1,267,4.919902,45.27308
150,1,234,4.829202,43.95102
153,1,209,5.437303,38.57365
65,1,856,7.493387,136.7416
140,1,513,6.846088,81.35473
151,1,215,4.9355,41.03133
160,1,247,4.925902,45.21307
82,1,914,4.441176,136.7098
70,1,738,7.778586,133.123
92,1,465,5.757498,86.75133
154,1,243,4.927103,44.32822
161,1,237,4.9289,41.85114
152,1,267,4.919902,49.43768
141,1,366,4.783,44.66369
64,1,760,7.771984,141.1792
155,1,187,4.943902,36.40723
67,1,751,7.274689,134.4369
162,1,244,4.9268,41.85994
153,1,239,4.928303,43.70187
142,1,242,4.822602,43.31822
156,1,263,4.817502,44.99429
163,1,244,4.9268,43.71732
154,1,248,4.825003,43.38762
83,1,815,6.755491,149.0285
143,1,258,4.814802,43.03573
71,1,730,7.076186,126.4553
157,1,267,4.919902,47.86306
164,1,240,4.824402,45.51527
155,1,270,4.919003,49.67229
144,1,206,4.938202,38.60293
65,1,769,7.769286,138.0499
158,1,248,4.925603,44.7435
165,1,236,5.429202,43.79495
77,1,1740,12.3703,307.203
72,0,406,1.710396,84.06409
73,0,0,0,0
156,1,246,4.926202,43.80535
68,1,832,6.632387,138.9181
145,1,300,4.91,42.1746
84,1,526,5.842197,93.15886
159,1,253,4.9241,43.20854
166,1,313,4.805503,48.35623
66,0,1626,8.174883,265.9381
67,0,0,0,0
157,1,316,4.569802,46.49231
44,1,1066,8.075406,162.75
93,1,1490,11.55314,243.8287
167,1,214,4.935802,40.63509
158,1,227,4.9319,42.44944
160,1,516,6.345191,89.27784
168,1,210,4.937,40.89214
69,1,688,7.293587,125.3579
78,0,789,2.043781,138.4435
79,0,0,0,0
79,0,0,0,0
79,0,0,0,0
146,1,694,5.791799,110.1621
56,1,2895,18.13127,455.2223
159,1,252,4.924403,45.20832
73,1,888,6.902986,140.9597
94,1,510,6.037997,84.23129
161,1,251,4.9247,43.98042
169,1,236,4.9292,41.7707
147,1,224,4.932802,42.55897
162,1,211,4.9367,41.19088
170,1,217,4.9349,41.45096
160,1,332,4.760201,51.62217
45,1,869,7.137487,136.7957
66,1,1477,10.436,244.6849
67,1,1014,8.195794,173.6298
61,0,3317,15.83634,556.5891
62,0,0,0,0
163,1,262,4.9214,43.01481
171,1,250,4.815403,43.45993
57,1,3919,17.82412,642.9706
95,1,551,6.195093,88.867
148,1,540,6.235593,83.24479
79,1,774,3.648578,136.6233
172,1,228,5.431602,40.98259
164,1,256,4.923203,48.38034
74,1,752,7.274386,136.584
70,1,947,6.455283,141.7946
57,1,919,6.995477,143.8057
161,1,575,5.827501,97.72711
165,1,257,4.7097,41.20877
173,1,274,4.917803,47.39451
96,1,468,6.255394,87.61368
162,1,216,4.9352,40.6415
67,0,676,2.247991,126.4358
68,0,0,0,0
68,1,717,7.784886,130.5462
174,1,213,4.836102,39.3461
166,1,228,4.931602,44.214
149,1,611,5.5957,99.63303
163,1,238,4.928603,43.80305
58,1,808,6.738983,133.0019
80,1,704,7.28879,132.4993
175,1,223,4.933103,43.20313
75,1,723,6.671692,131.1128
150,1,239,4.928302,44.39471
167,1,283,4.8019,41.73491
164,1,234,4.9298,44.00968
97,1,499,6.139495,89.01479
71,1,783,7.165085,134.7874
85,1,2406,16.57211,384.4703
46,1,1330,7.794979,202.7701
62,0,1269,6.246253,231.7964
63,0,0,0,0
176,1,296,4.9112,45.02143
165,1,226,4.932202,42.32174
168,1,234,4.929803,41.88201
58,1,991,8.202703,155.9579
68,0,692,1.2406,118.0016
69,0,0,0,0
69,1,746,7.673785,132.2788
166,1,224,4.932802,41.6539
177,1,247,4.925902,45.0859
151,1,535,6.339494,89.06948
169,1,298,4.910604,49.55523
59,1,728,7.781586,129.5131
81,1,811,8.13931,140.687
86,1,565,5.623897,87.89792
167,1,222,4.9334,41.35641
178,1,227,4.8301,41.37512
76,1,802,7.759383,135.4085
72,1,722,7.783386,135.2288
168,1,224,4.932803,40.6222
179,1,224,4.9328,42.2324
170,1,420,5.873996,68.48446
152,1,449,6.865291,78.68903
47,1,908,7.407182,138.4717
59,1,799,7.659084,135.9387
169,1,202,4.9394,40.20309
87,1,481,6.254494,90.13476
171,1,213,4.9361,41.07716
180,1,264,4.920803,46.41732
153,1,232,5.430403,44.34381
63,0,1083,4.283391,194.4092
64,0,0,0,0
170,1,217,4.934903,41.23093
172,1,227,4.9319,41.96875
60,1,869,8.239307,142.3426
181,1,234,4.929802,44.75455
77,1,718,6.784592,131.5898
154,1,308,4.387802,47.66944
171,1,231,4.930702,43.62898
88,1,503,6.349094,90.80299
173,1,261,4.815702,44.55879
182,1,292,4.791402,44.9676
155,1,224,4.932802,38.72652
172,1,289,5.413304,46.08421
98,1,1831,13.13937,309.9917
174,1,218,4.834599,41.56675
82,0,1246,6.750889,227.4365
83,0,0,0,0
156,1,286,5.414202,44.51263
89,1,442,5.867398,83.5225
173,1,267,4.810304,45.11456
175,1,249,4.821103,44.35293
48,1,1125,8.662511,171.4666
78,1,903,7.417083,141.079
183,1,746,6.776187,119.6579
60,1,1433,11.25883,238.7468
99,1,823,7.530286,133.8831
184,1,241,4.821702,43.35316
176,1,620,6.313996,90.84143
64,1,1493,10.05218,246.7598
174,1,706,5.788199,115.4162
185,1,247,4.821702,43.79422
79,0,586,2.12158,111.3581
157,1,979,8.206307,159.2176
177,1,267,4.919903,47.2986
175,1,241,4.825302,42.67072
100,1,460,6.361994,86.96892
69,0,2836,9.256099,462.9818
70,0,0,0,0
49,0,956,4.0926,173.4007
186,1,220,5.434002,39.7594
158,1,206,4.938202,38.16752
178,1,221,4.9337,41.02316
83,1,1369,9.589347,245.4588
176,1,233,4.930099,40.87214
187,1,231,4.9307,42.47932
179,1,216,4.9352,41.17537
159,1,261,5.301904,41.35039
177,1,219,4.9343,41.24166
61,1,1060,7.077775,167.2667
188,1,214,4.9358,40.44967
101,1,499,6.242496,88.82401
160,1,219,4.934302,42.15088
178,1,257,4.922903,44.95447
80,1,818,7.344383,136.808
70,0,703,1.255199,117.0114
71,0,0,0,0
189,1,250,4.925003,46.12986
180,1,420,5.873999,75.40305
161,1,240,4.818403,42.94135
90,1,1835,9.279943,296.0547
179,1,227,4.9319,40.64991
84,1,785,7.264488,137.3135
190,1,243,4.927103,44.10246
181,1,251,4.812702,42.34979
102,1,527,6.341893,95.8086
180,1,216,4.935203,39.12802
191,1,214,4.935802,36.64795
182,1,212,4.9364,40.81707
62,1,753,7.774086,131.6535
91,1,509,5.635896,92.60287
71,0,611,1.377799,117.0562
72,0,0,0,0
81,1,766,7.770185,133.763
103,1,455,6.363495,84.76694
192,1,344,5.396802,61.41617
70,1,4311,18.36272,681.4719
193,1,251,4.8187,42.03158
92,1,492,6.242792,84.66056
181,1,761,7.271686,124.1264
85,0,1069,4.530456,201.075
86,0,0,0,0
194,1,229,4.931303,41.99752
63,0,825,2.834985,146.5144
72,1,729,6.080093,132.7741
182,1,221,4.933702,40.42224
65,1,2557,16.63033,418.239
183,1,1048,6.365789,160.8871
195,1,281,5.415702,43.12043
183,1,267,5.419902,43.25517
184,1,219,4.9343,41.83118
82,1,1077,9.176937,180.8336
73,1,4875,30.03673,859.6119
86,1,668,6.799593,126.8327
185,1,237,4.928903,43.01346
50,0,2714,12.43305,463.5443
71,1,1195,9.141529,200.739
73,1,761,7.670485,137.6409
184,1,489,5.853292,84.83826
64,1,800,7.759984,135.5605
196,0,528,1.9332,85.55724
197,0,0,0,0
197,0,0,0,0
186,1,244,4.8244,43.15277
66,1,778,7.266588,131.6357
185,1,225,4.9325,41.64938
93,1,1266,10.10105,212.697
197,1,253,2.813292,39.20965
104,1,1609,12.01737,271.7498
187,1,217,4.934902,40.60266
68,0,1232,6.253649,212.4184
186,1,203,4.939102,38.3019
198,1,205,4.938502,36.90735
74,1,859,7.497286,135.2021
188,1,251,5.222898,45.2388
187,1,246,4.823202,42.25327
74,1,717,7.784887,129.016
105,1,440,5.868,85.13074
87,1,885,6.915883,142.5332
199,1,263,4.8211,42.91393
94,1,482,5.743399,85.44159
72,1,771,7.659086,135.8932
189,1,211,5.436702,40.13316
65,1,888,7.733582,143.8431
188,1,239,4.928302,45.5947
200,1,209,4.937303,38.99768
162,1,3091,16.50047,452.6071
190,1,287,4.698299,42.40583
189,1,268,4.806402,43.68376
201,1,253,5.315697,43.47094
106,1,522,6.243395,91.08247
75,0,574,2.385192,117.4013
76,0,0,0,0
163,1,261,4.921703,45.56864
191,1,268,4.9196,45.5916
190,1,253,4.824102,45.02624
202,1,281,4.9157,44.45523
88,1,749,7.062088,134.2123
73,1,790,7.137183,133.2091
164,1,226,4.932202,39.88319
192,1,219,4.934302,41.89936
191,1,222,4.933402,43.53315
107,1,433,6.370095,81.97115
203,1,226,4.9322,42.57378
66,1,866,8.240185,148.0866
165,1,252,4.817203,44.03947
193,0,245,1.451001,53.89764
194,0,0,0,0
194,0,0,0,0
194,0,0,0,0
194,0,0,0,0
204,1,246,4.926202,44.73336
194,1,220,0.9340082,42.9473
83,1,2375,12.95766,364.8724
166,1,266,4.9202,45.0065
108,1,429,6.371295,80.86568
192,1,466,5.360202,82.24285
205,1,215,4.935502,40.34925
89,1,728,7.678586,127.4246
195,1,226,4.9322,41.6501
167,1,221,4.933702,42.81401
193,1,214,4.935802,39.01445
75,1,1782,11.85653,314.5976
74,1,836,7.633581,141.4678
206,1,228,5.431602,41.25006
196,1,220,4.934002,43.15408
194,1,267,5.218698,44.25714
207,1,248,4.810599,41.05704
51,0,2762,13.34562,466.9267
197,1,265,4.920502,45.47566
84,1,739,7.278286,131.7323
208,1,222,4.9334,40.95377
90,1,678,8.196585,130.6666
195,1,281,4.592299,41.48325
168,1,646,5.8062,103.8122
109,1,941,6.478096,148.0393
76,1,755,7.668084,132.5564
209,1,288,4.913604,50.12964
169,1,234,4.929802,44.6241
69,0,2826,14.98905,494.3198
75,1,848,6.908989,136.9095
67,1,3049,15.95829,460.124
76,1,2067,12.87996,363.4794
210,1,222,4.9334,41.99306
170,1,227,4.8259,40.68428
91,0,534,2.393195,113.3089
92,0,0,0,0
92,0,0,0,0
92,0,0,0,0
196,1,544,6.336794,87.43245
198,1,693,5.792102,105.746
110,1,474,6.357795,87.99893
85,1,720,7.283986,131.6487
68,0,372,1.4256,74.80844
69,0,0,0,0
171,1,228,4.9316,41.45491
211,1,294,4.695,42.05719
199,1,212,4.9364,40.40784
52,0,1084,4.674241,195.1652
70,1,633,7.710088,118.8735
172,1,211,4.936702,41.55915
212,1,211,4.9367,40.42837
77,1,793,7.658485,140.0585
67,1,2218,13.83459,364.9491
111,1,488,6.146394,87.92135
61,1,8563,37.07905,1345.535
200,1,385,4.6731,62.94287
173,1,238,4.928602,45.08836
77,1,730,7.780985,135.7466
213,1,239,4.928303,46.22528
92,1,801,4.032685,140.5893
201,1,214,4.734002,41.32955
174,1,235,4.929502,44.40309
86,1,802,7.045587,134.7803
214,1,230,4.931,41.1945
202,1,196,4.941202,38.60291
112,1,485,6.354494,89.38742
69,1,904,6.025793,145.7114
175,1,208,4.9376,40.46008
215,1,214,4.935802,41.53315
53,1,797,7.660286,132.4275
76,1,1412,9.866883,216.1425
78,1,738,7.278586,131.8543
203,1,224,5.432802,41.77917
197,1,1268,7.619579,222.3189
176,1,240,4.928002,44.04179
216,1,219,4.9343,41.98604
71,1,942,7.717381,163.806
62,1,775,7.559085,131.1282
78,1,770,7.168986,135.0867
198,1,224,4.9328,42.03555
204,1,251,4.804899,42.18538
217,1,220,4.934002,39.95358
93,1,836,7.111979,138.6935
87,1,771,6.541693,134.0786
199,1,232,4.930403,44.16758
113,1,681,7.295691,119.6161
205,1,256,4.717202,43.95711
177,1,450,5.864998,73.67744
218,1,236,4.929203,43.61347
79,1,774,7.659388,133.9664
200,1,269,4.919302,47.2183
178,1,218,4.9346,41.01514
206,1,250,4.925002,46.35658
219,1,221,5.333698,42.5372
77,1,863,7.034483,134.998
63,1,803,7.559084,132.6163
201,1,211,4.9367,41.47805
79,1,795,6.534492,135.2202
72,1,875,7.334482,138.7584
207,1,222,4.728002,40.26128
179,1,241,4.9277,40.92846
220,1,230,4.931003,43.15448
202,1,231,4.930703,43.35445
180,1,241,4.825303,43.73459
208,1,287,4.8127,43.95286
94,1,924,7.539966,141.6373
221,1,306,4.908202,59.01672
88,0,909,4.213393,162.6183
89,0,0,0,0
89,0,0,0,0
89,0,0,0,0
203,1,203,4.939102,38.0032
181,1,199,4.940302,39.74691
54,1,1627,8.808337,241.0957
78,1,716,7.28519,126.2567
222,1,233,4.930099,41.60104
209,1,273,4.705502,45.87905
80,1,826,7.510184,141.4462
95,0,265,1.447,61.89135
96,0,0,0,0
96,0,0,0,0
182,1,207,4.937902,39.79825
204,1,279,5.416298,48.42815
80,1,725,7.782486,134.0893
223,1,232,4.930402,45.6709
64,1,845,7.746483,134.5411
210,1,309,4.9073,44.12626
183,1,216,5.435202,41.42205
205,1,223,4.933103,42.40139
224,1,236,4.822002,42.15716
206,1,217,4.9349,40.7909
184,1,306,4.701603,50.2037
211,1,317,4.9049,48.74917
225,1,237,4.928903,41.67284
81,1,701,7.789687,132.6201
79,1,746,7.573785,126.7892
207,1,231,4.930702,42.80309
212,1,220,4.934,41.0575
81,1,719,7.784286,131.0483
226,1,230,4.931002,41.8835
208,1,239,4.8283,43.4268
213,1,254,4.923803,44.7445
96,1,1087,6.473887,180.1906
227,1,217,4.934903,41.90291
185,1,563,5.8311,101.0704
209,1,218,4.9346,41.17856
114,1,2361,11.29528,376.2532
214,1,211,5.436702,39.744
228,1,216,4.935202,41.55447
70,0,3093,15.78112,495.2265
71,0,0,0,0
186,1,234,4.929802,41.55005
82,1,722,7.682787,127.7739
80,1,747,6.77589,137.2719
215,1,226,4.9322,40.89234
187,1,216,4.935202,41.29181
65,0,1400,6.618267,247.8895
229,1,285,5.414497,51.37003
210,1,485,5.854496,79.81879
97,1,687,7.193891,127.7042
216,1,261,4.9217,47.91072
115,1,490,6.747596,89.77678
188,1,229,4.931302,44.25387
230,1,262,4.809402,44.36575
82,1,1054,9.68385,180.8004
217,1,239,4.9283,41.58294
189,1,261,4.921702,47.00255
231,1,205,4.938502,37.99216
95,0,7630,42.97615,1326.561
96,0,0,0,0
96,0,0,0,0
96,0,0,0,0
71,1,821,6.645887,134.4463
218,1,216,4.935203,40.64907
232,1,206,4.938202,40.14576
219,1,202,4.939403,38.35038
211,1,720,6.783989,117.1745
81,1,1002,8.599424,175.1343
55,1,2514,14.9002,408.0696
233,1,210,5.436998,40.82471
98,1,824,6.75279,139.5843
72,0,445,2.410996,88.41173
73,0,0,0,0
220,1,225,4.932502,43.57917
212,1,239,4.8277,43.79219
83,1,797,7.157284,136.4975
190,1,640,5.807988,86.93946
234,1,252,5.316002,40.79941
68,1,5035,22.18014,821.5579
83,1,1442,10.94773,248.7432
221,1,213,5.336098,41.45924
89,1,3146,18.14813,560.8582
213,1,262,4.9214,47.13838
235,1,200,4.940002,39.03489
191,1,263,5.421102,43.49612
222,1,237,4.928903,44.62606
214,1,238,4.928602,43.74976
82,1,741,7.677687,127.2277
96,1,1085,5.674483,181.4143
192,1,209,4.937302,39.21562
116,1,1438,11.06871,253.0316
56,1,813,7.151284,134.3336
223,1,242,4.927403,45.99547
236,1,405,5.378501,63.7683
215,1,227,4.931902,45.32913
99,1,898,7.23058,153.8603
73,1,892,6.122794,138.5185
237,1,202,4.939402,39.95444
69,1,813,7.445888,131.2419
90,1,698,8.183381,128.2731
216,1,214,5.435798,41.95443
97,1,445,6.366494,85.9267
224,1,330,4.901002,58.66154
117,1,514,6.12419,88.18993
238,1,261,4.921703,46.50862
217,1,261,4.700702,42.96571
225,1,243,4.927103,47.71246
73,0,4519,25.09549,758.7449
83,1,756,7.671388,129.6264
239,1,227,4.931902,44.32376
70,0,493,1.901398,98.80327
98,1,453,6.264095,88.15477
218,0,278,1.9444,61.34303
219,0,0,0,0
219,0,0,0,0
84,1,1468,10.8585,258.5994
84,1,1327,10.60199,234.8094
118,1,462,6.361396,86.08186
226,1,302,4.8016,44.51216
74,1,734,7.671386,128.3409
66,1,2635,15.25902,439.3354
240,1,212,4.9364,40.72533
91,1,774,7.167783,139.5409
219,1,226,2.932192,42.68795
227,1,233,4.9301,43.40479
241,1,215,4.935502,42.35651
99,1,473,6.258095,89.92459
220,1,202,5.939398,38.90189
74,1,755,7.671688,133.6297
84,1,749,6.775292,129.9249
242,1,214,4.935802,41.03493
119,1,539,5.838296,93.009
228,1,289,4.913304,51.71156
221,1,225,4.932502,42.61674
71,1,755,7.273489,133.9713
243,1,200,4.940002,37.8031
85,1,770,7.768986,137.3155
85,1,822,7.753383,144.1212
229,1,271,4.9187,42.90767
100,1,521,6.343694,90.77901
57,0,1853,8.129552,312.979
244,1,235,4.929502,43.20308
222,1,333,4.786299,46.70175
120,1,473,5.858097,90.65167
230,1,226,4.932199,41.83614
100,0,1758,10.14844,324.8665
101,0,0,0,0
92,1,918,8.020976,154.736
245,1,214,4.9358,40.50311
223,1,283,4.694103,43.66065
67,1,1189,9.033736,200.0173
75,1,760,7.057583,133.0804
231,1,241,4.927702,46.87657
72,0,707,4.245409,134.1401
101,1,470,6.148195,84.89506
246,1,232,4.829802,40.51722
121,1,428,6.371595,83.96763
232,1,232,4.930402,43.63328
86,1,751,7.670485,133.5593
247,1,235,4.929502,45.71744
224,1,520,6.843991,96.63028
233,1,253,4.603702,40.88361
58,1,917,7.585287,134.1233
248,1,236,4.929203,43.82218
86,1,1117,9.664955,191.3333
122,1,427,6.371895,82.43213
102,1,500,6.142194,86.71024
225,1,182,5.445398,36.6145
101,1,899,7.230283,159.1344
68,1,792,7.762386,134.8493
87,0,238,1.4524,57.96029
88,0,0,0,0
226,1,225,4.932502,43.1735
87,1,755,7.353683,133.6812
103,1,469,6.359295,86.40379
75,0,2300,8.120407,389.8009
76,0,0,0,0
227,1,199,4.940302,38.23029
73,0,1065,4.970193,197.6904
234,1,746,7.276189,123.5995
228,1,268,4.8196,46.81775
123,1,788,6.763592,142.3456
102,1,755,7.273489,139.8535
235,1,220,4.934002,42.62852
249,1,884,6.734789,162.6576
85,1,2269,14.31928,373.3987
104,1,457,5.862897,86.88303
88,1,746,5.963593,133.504
229,1,276,4.699203,45.87939
236,1,223,4.933103,43.99442
250,1,232,4.814202,41.05843
88,1,761,7.148289,135.9065
230,1,230,4.931,40.74363
124,1,541,5.604696,91.04333
76,1,851,5.641093,137.1057
251,1,233,4.930099,44.17854
237,1,258,4.9226,45.81233
193,0,4219,21.15561,708.8437
194,0,0,0,0
194,0,0,0,0
194,0,0,0,0
194,0,0,0,0
105,1,494,5.851799,88.55264
76,1,2095,11.77166,359.9004
103,1,690,7.792987,130.5692
238,1,204,4.938802,40.0537
86,0,694,2.86119,137.7076
87,0,0,0,0
231,1,410,5.876998,70.75469
89,1,736,7.279189,134.3154
69,1,1587,10.92041,275.2994
93,1,2527,14.2161,420.2269
239,1,208,4.937602,40.60306
106,1,467,6.359893,87.31091
232,1,219,4.9343,41.43203
89,1,720,7.283986,133.0956
125,1,600,5.819997,110.1692
252,1,612,4.816399,103.6308
240,1,208,4.837602,39.55029
233,1,208,4.937603,40.05399
77,0,701,4.359797,135.1947
77,1,852,7.744383,141.423
253,1,266,4.9202,44.22725
104,1,704,7.083989,132.5074
234,1,193,4.942102,37.75445
107,1,445,5.866499,85.51186
90,1,708,6.787591,135.5629
78,0,243,1.951399,60.4796
241,1,473,4.8581,83.09969
126,1,535,6.339495,94.54413
254,1,273,4.503703,44.90333
235,1,270,4.919,44.4751
105,0,413,2.917392,90.12669
106,0,0,0,0
242,1,240,4.928003,45.36911
87,0,1125,4.275034,210.4109
88,0,0,0,0
255,1,237,4.928902,44.27076
90,1,826,6.731785,137.4605
236,1,223,4.833102,42.89028
108,1,470,6.358994,87.44931
74,0,2312,11.53753,401.1271
243,1,272,4.9184,45.80403
237,1,203,4.9391,40.49802
194,1,1737,8.478921,285.6455
238,1,202,4.939402,40.28262
91,1,779,7.76628,140.5108
244,1,271,4.7007,41.29097
70,1,1496,9.744699,233.5113
109,1,472,5.758397,88.44962
79,0,859,4.828213,159.6467
78,1,1117,10.16496,183.3114
195,1,233,5.430098,43.0309
106,1,699,6.382486,130.4857
239,1,240,4.8154,45.04731
245,1,222,4.829803,40.15482
91,1,754,7.455784,130.809
196,1,244,4.725602,45.11246
240,1,184,4.944802,37.55444
88,0,986,3.802784,189.0794
89,0,0,0,0
246,1,274,4.788399,42.19946
127,1,1280,10.41071,224.8604
110,1,524,6.342793,97.93498
197,1,232,4.930403,42.59484
241,1,212,4.936402,41.95436
247,1,192,4.841202,37.79649
92,1,754,6.773793,134.0317
198,1,210,4.937,40.22974
80,1,747,7.675286,132.749
242,1,228,4.931602,42.75448
256,0,1438,8.212495,255.9838
257,0,0,0,0
257,0,0,0,0
92,1,696,7.791187,133.5765
111,1,492,6.352394,87.47395
199,1,290,4.6776,41.64479
243,1,271,4.9187,44.27525
244,1,208,4.937603,38.60146
71,1,1301,11.1098,230.2273
200,1,255,4.923502,47.32834
93,1,671,7.29869,129.2115
248,1,714,7.185785,123.0755
112,1,441,7.367692,83.76189
245,1,211,5.436702,40.49715
201,1,213,4.9361,41.79999
249,1,189,4.943302,37.43946
93,1,717,7.172887,128.844
128,1,1179,9.045733,205.7179
89,0,1223,4.25539,222.0992
90,0,0,0,0
81,1,945,8.609308,170.6333
246,1,253,4.822303,46.91406
202,1,223,4.732502,40.95271
250,1,244,4.825,40.05463
257,1,937,6.718884,158.009
94,1,3368,20.56705,575.8155
203,1,224,5.432798,43.00265
247,1,274,4.917802,48.59343
251,1,214,4.832202,37.69283
72,1,755,7.173484,129.8179
129,1,434,6.369795,83.42789
94,1,746,7.776187,136.7329
204,1,208,5.337002,38.63086
258,1,337,4.8989,61.72654
252,1,197,4.940902,38.4289
248,1,215,4.9355,40.97688
75,1,2684,17.98444,456.5506
79,1,2308,12.28311,361.8144
94,1,711,7.186686,133.3431
259,1,199,5.440302,38.15451
253,1,204,4.938802,38.83094
249,1,211,4.936702,38.95448
205,1,264,4.9208,45.14507
82,1,758,7.27259,135.8556
90,1,807,6.257891,134.5592
260,1,214,4.935802,40.7504
130,1,503,5.7461,86.87645
250,1,215,5.435502,41.27333
113,1,1185,9.144545,213.526
254,1,239,4.928303,45.44099
73,1,746,7.27619,129.517
95,1,709,7.787287,130.9829
261,1,227,4.825903,38.53297
255,1,235,4.818102,44.81397
262,1,228,4.931602,43.15199
131,1,476,6.357195,89.50546
256,1,202,5.439398,38.10167
80,1,773,7.559684,127.8156
114,1,512,6.231393,93.08977
263,1,282,4.9154,44.31613
257,1,258,5.422597,47.38993
132,1,441,6.265895,85.86896
264,1,210,4.937002,41.49617
258,1,255,4.715702,43.74272
96,1,809,6.64229,143.8016
83,1,1181,9.145727,197.2938
115,1,484,6.354794,92.7608
74,1,905,7.106889,153.2045
251,1,1113,10.16617,197.6183
81,0,648,2.870389,124.6666
82,0,0,0,0
265,1,269,4.9193,43.79662
259,1,219,4.934302,42.95415
95,1,2068,11.67741,368.2928
252,1,203,4.939102,40.40309
133,1,480,6.355995,87.38064
266,1,240,4.928002,46.56148
260,1,255,4.800099,42.39093
116,1,488,5.853596,92.80286
206,1,1705,13.98849,288.2995
253,1,232,4.8232,41.14508
267,1,204,4.938802,41.00307
207,1,207,4.937902,40.84319
97,1,726,7.676785,132.2026
75,1,682,7.795386,127.4068
254,1,215,4.9355,41.27563
134,1,475,6.157493,87.55068
268,1,225,4.932502,43.83731
82,1,745,6.674689,132.4484
117,1,450,6.364995,84.84577
208,1,279,4.9163,43.85509
255,1,226,4.932202,42.35278
91,1,2183,15.84501,390.1395
269,1,214,4.9358,41.08175
96,1,773,7.112278,132.144
209,1,217,5.434903,40.39481
256,1,222,4.824403,40.72761
135,1,482,6.355395,90.38023
270,1,279,4.916304,51.79206
118,1,435,6.869495,83.4272
210,1,220,4.831602,41.2777
84,1,1442,10.05606,230.8031
257,1,245,4.7079,41.00891
97,0,427,1.414597,85.4586
76,1,771,7.268689,135.8513
271,1,184,4.944802,36.39659
211,1,218,4.832802,42.78927
258,1,223,5.433103,42.43149
76,0,3133,17.37306,500.702
272,1,265,4.8193,42.21872
259,1,204,4.9388,40.65814
136,1,595,5.587896,94.19003
92,1,916,8.424007,157.3301
273,1,244,4.820203,43.91552
261,1,1662,12.5015,273.5038
119,1,754,7.061787,133.0446
260,1,270,4.919,46.00734
98,1,1469,11.55942,255.9443
107,1,5771,28.36638,998.7457
274,1,205,4.938502,39.73316
95,1,3529,22.94092,627.2541
77,1,795,7.261489,143.5744
262,1,211,4.936702,41.35487
261,1,235,4.9295,47.23124
137,1,519,6.735287,88.57864
212,1,781,7.265688,132.0284
263,1,246,4.8256,41.25723
120,1,429,6.267095,80.61931
77,1,813,7.146485,135.8212
275,1,372,4.755399,59.28345
262,1,203,4.939102,40.01433
213,1,193,4.942102,37.50667
138,0,214,0.4571995,48.17632
139,0,0,0,0
139,0,0,0,0
139,0,0,0,0
139,0,0,0,0
139,0,0,0,0
264,1,250,4.925,44.0811
263,1,214,4.935802,42.60305
98,0,1328,5.234454,245.5811
276,1,248,4.816603,44.19865
214,1,249,4.925303,47.43443
96,1,698,7.790586,131.407
108,1,738,7.778585,139.8858
99,1,788,7.058789,138.5411
264,1,205,4.938502,39.75444
78,1,731,7.678286,130.8927
121,1,470,6.258995,84.45273
277,1,199,4.940302,39.10917
265,1,242,4.927402,45.36918
215,1,218,5.434598,42.79972
139,1,560,1.332061,100.2553
265,1,258,4.922603,47.52069
278,1,236,4.929203,41.92571
216,1,219,4.934302,42.46737
85,0,1855,10.12905,344.3616
266,1,291,4.8073,42.59659
279,1,213,4.9361,40.5307
266,1,221,4.933702,43.75443
122,1,502,5.849399,89.99811
99,1,740,7.277987,135.5587
217,1,264,4.9208,44.22452
83,1,2692,15.10235,434.3269
267,1,274,4.9178,46.48151
109,1,722,7.174389,132.4244
280,1,229,4.9313,42.51947
218,1,198,4.940602,38.75433
281,1,202,4.939402,39.81447
219,1,230,5.324397,40.92835
123,1,521,5.843697,92.81028
140,0,881,5.223825,174.2891
141,0,0,0,0
141,0,0,0,0
141,0,0,0,0
268,1,481,6.355694,84.7898
79,1,1123,8.16311,198.8743
282,1,253,4.819303,43.60991
220,1,210,5.436998,40.60298
100,1,759,7.171091,135.8424
283,1,215,4.935502,42.80309
221,1,204,4.9388,40.48328
267,1,985,8.204508,163.5586
222,1,215,4.835503,38.80133
269,1,564,6.830793,105.2394
268,1,212,4.936402,41.95433
78,0,2209,9.855242,379.5155
223,1,208,4.9376,41.4129
270,1,232,5.219599,42.92704
80,1,752,7.274384,132.4488
269,1,214,4.9358,40.50575
141,0,884,1.611188,172.0544
142,0,0,0,0
142,0,0,0,0
142,0,0,0,0
101,1,701,7.085485,128.9913
124,1,963,8.711114,179.6494
224,1,197,4.9409,39.75425
270,1,192,4.942402,38.5676
271,1,271,5.418702,44.19674
225,1,199,4.940302,39.60294
271,1,226,5.432202,46.28804
272,1,214,5.435802,40.56744
142,1,449,3.865291,82.66898
284,1,1066,10.18026,192.785
226,1,312,5.406399,53.92511
272,1,219,4.934302,42.72819
125,1,528,6.241594,92.20566
273,1,221,4.933702,42.41292
81,1,704,7.788786,126.2259
285,1,210,4.937,40.33288
102,1,769,7.561484,135.6855
227,1,267,4.919904,47.55883
273,1,264,5.310002,42.26836
274,1,269,4.9193,45.2476
143,1,478,6.356593,92.0135
126,1,462,6.361395,87.95231
228,1,218,4.9346,41.71027
274,1,216,4.935202,42.75447
84,1,2555,11.85635,382.6247
286,1,491,6.852692,90.69598
103,0,395,1.421,78.49684
275,1,204,5.438798,40.83113
82,1,660,7.699587,127.211
275,1,436,5.267398,76.72292
229,1,301,4.791703,46.37859
110,1,2671,17.69434,455.5301
144,1,474,6.248193,84.97039
287,1,213,4.9361,40.80534
276,1,190,4.943002,37.59841
276,1,188,4.943602,37.55447
104,0,353,1.4294,75.87904
127,1,552,7.334388,105.1864
230,1,244,5.817198,43.51065
288,1,232,4.821403,41.91629
277,1,227,4.931902,43.16467
277,1,229,4.931302,44.55433
145,0,392,1.421602,77.14309
146,0,0,0,0
146,0,0,0,0
146,0,0,0,0
146,0,0,0,0
146,0,0,0,0
278,1,219,5.434302,44.49961
85,1,772,7.664184,130.7147
100,1,3980,26.7886,715.5048
83,1,688,7.793587,124.2831
278,1,267,4.919902,49.03692
231,1,495,6.351494,88.79025
279,1,219,4.9343,42.39325
289,0,492,2.901593,102.3212
290,0,0,0,0
290,0,0,0,0
128,1,552,7.334388,101.684
111,1,800,7.014378,140.4527
279,1,210,4.937,40.604
232,1,216,5.435198,41.40259
105,1,757,7.772887,137.312
280,1,245,4.810302,45.59564
280,1,227,4.7265,41.79835
233,1,224,4.732802,43.14032
146,0,760,-1.151973,148.9821
147,0,0,0,0
147,0,0,0,0
147,0,0,0,0
147,0,0,0,0
147,0,0,0,0
290,0,435,0.9129973,92.69418
291,0,0,0,0
291,0,0,0,0
129,1,450,6.158393,85.32701
281,1,254,4.9238,44.72955
281,1,210,4.937,40.91704
84,1,698,7.790587,132.2159
234,1,217,4.834899,40.47608
291,1,198,2.940593,40.13899
282,1,200,4.940002,39.80291
112,1,715,7.285489,139.5163
79,1,3078,19.16137,505.0424
147,1,439,1.268332,82.29346
235,1,251,4.924702,47.74233
106,1,702,7.289389,131.6583
292,1,268,4.919602,48.12225
130,1,473,6.358094,90.51572
283,1,209,4.8313,40.39917
86,1,1166,10.15026,189.0219
282,1,617,6.814892,113.5031
236,1,233,4.930102,43.50177
293,1,241,4.8193,42.15479
101,0,1343,4.626019,248.3315
102,0,0,0,0
284,1,269,4.9193,44.8551
237,1,201,4.939702,39.35414
148,1,466,6.760193,87.42407
294,1,194,4.941802,38.3562
131,1,455,5.759298,83.58567
285,1,215,4.935502,42.55439
80,1,734,7.677987,131.1572
295,1,197,4.940902,37.75452
238,1,252,4.9244,43.55646
283,1,513,6.346093,92.59361
286,0,255,2.448996,62.23936
287,0,0,0,0
287,0,0,0,0
287,0,0,0,0
287,0,0,0,0
296,1,210,4.937,40.90888
87,1,811,6.341691,134.9197
239,1,218,4.934603,42.7049
284,1,219,5.434302,41.70684
107,0,941,3.369181,164.0095
132,1,476,5.8572,87.29434
297,1,204,4.9388,40.7527
102,1,803,6.153692,137.0668
285,1,201,4.939702,39.35447
298,1,258,4.793802,41.79154
81,1,831,8.150682,149.7744
133,1,473,5.858099,86.14544
240,1,603,7.21609,100.1698
299,1,204,4.938802,39.21477
103,0,459,1.908196,99.77605
104,0,0,0,0
286,1,443,4.8671,79.20046
113,0,1723,9.390023,319.1565
88,1,753,7.066886,126.9605
300,1,195,4.941502,38.95451
241,1,227,4.8217,41.68042
108,1,770,7.768989,138.1653
287,1,927,4.603906,164.7151
134,1,451,6.864695,85.75545
288,1,207,4.937902,41.92791
242,1,223,4.824103,40.73341
301,1,235,4.822302,42.06099
289,1,188,4.943602,37.38219
82,1,690,7.792986,127.3282
302,1,212,4.936402,42.20306
243,1,227,4.931902,42.43504
287,1,645,5.8065,111.5307
149,1,1846,10.34511,343.4757
104,1,739,6.177693,134.1111
135,1,448,6.365595,86.80068
303,1,195,4.941502,38.80324
244,1,205,4.938502,39.603
290,1,266,4.9202,48.67406
288,1,212,4.936402,38.85463
304,1,208,4.9376,40.9342
291,1,196,4.941202,37.80295
245,1,212,4.936402,42.62167
289,1,211,4.936702,41.60537
305,1,205,4.938502,41.22906
246,1,188,4.943603,37.15432
150,1,506,5.848197,90.23746
292,1,207,4.9379,41.03012
60,1,7760,32.12507,1259.131
290,1,207,4.9379,41.25751
109,1,1159,8.522326,202.6172
247,1,206,4.938202,39.60275
105,1,678,7.296591,130.0482
306,1,217,4.934902,42.59845
293,1,210,4.937,40.77483
86,0,7701,44.46241,1401.095
291,1,197,4.940902,38.8031
85,0,3398,19.31996,618.9103
248,1,212,5.436399,39.82904
294,1,207,4.9379,40.60695
89,1,1569,10.02936,253.8516
151,1,476,5.8572,87.06837
292,1,227,4.9319,44.70844
136,1,1002,8.996437,175.3565
249,1,190,4.943002,37.82891
295,1,207,4.937902,40.40295
293,1,212,4.9364,41.10402
250,1,203,4.9391,40.4597
152,0,352,1.929601,78.672
153,0,0,0,0
153,0,0,0,0
153,0,0,0,0
296,1,228,4.931602,44.66521
106,1,688,7.793586,124.4315
86,1,689,7.793286,123.6441
251,1,208,4.937602,40.22218
137,1,448,5.8656,84.71112
297,1,288,4.913604,49.62317
90,1,727,7.781887,132.4796
294,1,479,5.856294,83.67986
110,1,1109,9.060741,198.6571
153,1,416,3.375191,81.9541
252,1,281,4.9157,49.36406
298,1,207,4.830103,39.79757
138,0,343,1.431401,73.18822
139,0,0,0,0
139,0,0,0,0
139,0,0,0,0
139,0,0,0,0
139,0,0,0,0
295,1,213,4.828903,40.21178
307,1,1276,10.61732,231.4335
253,1,222,4.8334,40.79185
299,1,201,5.333703,38.60628
83,1,2263,13.62811,358.5527
296,1,227,4.8211,41.38983
154,1,423,6.171895,83.14948
308,1,217,4.934902,42.35936
254,1,208,4.937602,39.72818
300,1,214,4.835802,41.90522
91,1,651,7.804683,123.2628
297,1,231,4.9307,44.02358
309,1,193,4.942102,38.30185
255,1,218,4.9346,41.74606
301,1,216,4.935203,41.52572
298,1,187,4.943902,37.60305
155,1,466,5.746399,88.66965
256,1,208,4.833402,39.57589
310,1,277,4.7857,43.43628
302,1,200,4.940002,38.75427
107,1,1361,10.67739,248.6581
299,1,211,4.936702,40.41439
257,1,198,4.940602,39.01435
303,1,197,4.940902,39.55916
311,1,214,4.935802,42.56426
84,0,770,3.345986,139.8994
300,1,218,4.934602,42.75047
258,1,217,4.934902,41.90314
304,1,200,4.940002,39.23096
312,1,235,4.828302,45.43589
87,0,2469,15.00598,466.2183
301,1,252,4.803999,41.51937
305,1,205,4.938502,39.35033
313,1,218,4.934602,42.46979
259,1,272,4.918402,48.05685
61,0,2844,14.01841,481.2319
108,1,665,7.800487,129.1019
111,1,1716,12.98526,323.2888
302,1,201,4.939702,40.15433
98,1,819,7.03688,132.856
306,1,250,4.802202,42.33772
314,1,213,4.9361,41.33069
303,1,249,4.805499,43.72444
156,0,1054,4.289219,201.7409
157,0,0,0,0
157,0,0,0,0
157,0,0,0,0
157,0,0,0,0
157,0,0,0,0
315,1,203,4.939102,39.54593
139,0,1885,4.123022,341.5913
140,0,0,0,0
140,0,0,0,0
140,0,0,0,0
140,0,0,0,0
140,0,0,0,0
114,0,4476,24.88441,834.7144
115,0,0,0,0
260,1,502,6.037993,84.35176
304,1,193,4.942102,38.02637
88,1,681,7.692086,129.4771
157,0,266,-4.053145,63.96637
158,0,0,0,0
158,0,0,0,0
158,0,0,0,0
158,0,0,0,0
158,0,0,0,0
316,1,205,4.938502,40.5545
85,0,1095,2.780988,200.8681
307,1,459,6.048491,79.29269
112,1,632,7.810388,123.3687
140,0,309,-3.561758,67.3871
141,0,0,0,0
141,0,0,0,0
141,0,0,0,0
141,0,0,0,0
141,0,0,0,0
261,1,235,4.8157,41.5511
305,1,248,4.806399,42.01658
317,1,218,4.9346,41.65509
99,1,680,7.795987,130.3456
308,1,195,5.441502,39.05407
262,1,192,4.942402,38.22874
306,1,209,4.937302,41.61443
141,0,308,-3.561557,71.19047
142,0,0,0,0
142,0,0,0,0
142,0,0,0,0
142,0,0,0,0
142,0,0,0,0
309,1,233,4.930103,44.05394
263,1,198,4.940602,39.79459
318,1,326,4.9022,62.56603
307,1,216,4.835202,43.97035
310,1,216,5.435198,43.00302
142,0,307,-3.561361,71.72141
143,0,0,0,0
143,0,0,0,0
143,0,0,0,0
143,0,0,0,0
143,0,0,0,0
158,0,725,-2.144978,136.4825
159,0,0,0,0
159,0,0,0,0
159,0,0,0,0
159,0,0,0,0
159,0,0,0,0
319,1,188,4.943602,37.95446
264,1,238,4.819603,45.0196
87,1,3234,17.98218,557.0386
89,1,894,6.399379,135.0634
113,1,729,7.674087,132.7599
308,1,253,4.809702,44.21521
92,1,2515,16.30754,411.7892
311,1,194,4.941802,38.3983
86,1,911,6.906285,139.9634
265,1,210,4.937002,41.55424
309,1,231,4.826499,40.70808
143,0,379,-3.575743,76.24795
144,0,0,0,0
144,0,0,0,0
144,0,0,0,0
144,0,0,0,0
144,0,0,0,0
312,1,222,5.331003,41.31877
320,1,467,6.159293,84.97446
310,1,200,4.940002,40.35444
313,1,198,4.940602,37.55434
314,1,199,5.440299,40.28545
311,1,230,4.931003,44.20116
88,1,856,7.243189,161.4209
109,0,2170,10.74928,399.0891
110,0,0,0,0
87,1,765,7.169286,132.7248
159,0,1008,-0.7015685,193.1472
160,0,0,0,0
160,0,0,0,0
160,0,0,0,0
160,0,0,0,0
160,0,0,0,0
100,1,1508,11.83697,253.7486
315,1,249,4.925302,45.82825
312,1,299,4.9103,46.26431
93,1,1017,9.087136,178.0656
101,0,187,0.9626009,45.62331
102,0,0,0,0
316,1,208,5.437602,40.67879
313,1,220,4.825003,41.25885
115,0,2330,12.06135,432.761
116,0,0,0,0
116,0,0,0,0
317,1,240,4.805799,41.73975
314,1,198,4.940602,39.95446
144,1,1150,3.155013,205.7762
89,1,715,7.785486,134.9468
160,1,676,2.797219,122.2124
90,0,1595,7.681153,288.5388
318,1,229,4.9313,40.64611
315,1,215,5.435502,41.04161
266,1,1493,12.55219,257.227
316,1,219,4.834302,44.67377
145,1,438,5.8686,85.40719
267,1,267,4.9199,46.08072
161,1,464,6.360794,87.7066
317,1,215,4.9355,42.70831
268,1,207,4.937902,40.95399
146,0,270,1.8454,65.21806
147,0,0,0,0
147,0,0,0,0
147,0,0,0,0
90,1,684,7.794788,128.9769
318,1,193,4.942102,38.80309
88,1,1387,11.58401,233.5148
319,1,739,6.675888,126.4407
269,1,250,4.925,43.43736
91,1,787,7.657887,140.7761
147,0,276,-1.167811,60.02063
148,0,0,0,0
148,0,0,0,0
148,0,0,0,0
319,1,186,4.944202,37.20274
162,1,448,5.8656,86.8938
321,1,2149,15.85518,385.2863
320,1,201,4.9397,39.94973
270,1,212,4.9364,41.02763
320,1,201,4.9397,40.16856
322,1,224,4.828,40.20948
321,1,216,4.935202,42.21406
271,1,294,4.911802,53.77446
148,0,455,-0.09101269,92.80865
149,0,0,0,0
149,0,0,0,0
149,0,0,0,0
322,1,217,4.834902,41.68197
163,1,517,5.844895,99.77061
323,1,305,4.703702,54.24606
321,1,463,5.751498,83.92844
149,0,283,-1.556609,64.27353
150,0,0,0,0
150,0,0,0,0
150,0,0,0,0
272,1,309,4.694099,49.56702
323,1,207,4.9379,40.93438
92,1,798,7.405982,128.6182
94,0,2144,13.07112,397.5842
324,1,206,4.938202,40.61442
324,1,189,4.943302,38.15415
273,1,219,4.833102,42.02259
322,1,291,5.412699,52.91378
164,1,443,5.8671,84.69866
325,0,205,-0.1914001,39.79499
326,0,0,0,0
326,0,0,0,0
116,1,2246,13.57224,407.5295
323,1,213,4.827702,38.32609
274,1,267,4.8181,43.28122
326,1,280,2.68539,42.1601
150,0,619,-0.2454186,110.6963
151,0,0,0,0
151,0,0,0,0
151,0,0,0,0
62,0,5135,30.05106,869.2408
325,1,425,5.2641,72.87071
324,1,232,4.9304,43.78383
93,1,674,7.691186,126.9987
91,1,1687,12.18021,276.3579
165,1,420,6.373995,82.35398
95,1,691,7.292686,127.1625
275,1,282,4.9154,43.84743
151,0,261,-2.694216,49.65205
152,0,0,0,0
152,0,0,0,0
152,0,0,0,0
152,0,0,0,0
152,0,0,0,0
325,1,208,4.937602,40.79979
110,0,3265,15.21317,604.3079
111,0,0,0,0
276,1,248,4.807,41.74858
327,1,459,6.862292,86.16133
326,1,437,6.368895,78.40584
326,1,210,4.828003,39.40078
96,0,402,2.419596,86.59112
97,0,0,0,0
89,0,2073,10.08544,384.1428
277,1,200,4.940002,39.41431
117,1,824,6.647387,150.8495
328,1,237,4.928903,44.94606
327,1,234,4.711202,42.85142
327,1,213,4.9361,41.14797
166,1,603,6.100491,107.3241
152,1,493,1.352141,91.89774
92,1,702,7.181587,130.1689
278,1,202,5.439398,39.15429
63,1,820,6.639584,137.978
94,1,752,8.274402,135.1002
328,1,222,4.726802,40.76278
329,1,267,4.500703,43.06181
328,1,276,4.9172,48.92681
279,1,210,4.937,40.96653
111,0,732,2.753592,148.774
112,0,0,0,0
330,1,228,4.931602,44.82747
329,1,210,4.937002,41.6536
102,1,3859,21.43235,622.0189
329,0,303,1.439398,67.22658
330,0,0,0,0
330,0,0,0,0
280,1,214,4.627402,39.92406
90,1,701,7.28969,128.9323
114,0,5044,22.4904,929.8316
115,0,0,0,0
97,1,835,6.438093,138.1022
331,1,219,4.8325,40.17978
330,1,206,4.732802,39.681
153,1,681,7.18609,123.0751
281,1,211,5.436702,40.32795
330,1,259,2.922291,48.18615
93,1,746,6.776191,135.4608
331,1,243,5.321703,41.35892
332,0,278,1.9444,65.63886
333,0,0,0,0
333,0,0,0,0
282,1,247,4.713902,42.86459
331,1,299,4.786903,47.46642
112,0,791,2.726192,154.9601
113,0,0,0,0
332,1,207,4.937902,41.35403
103,1,678,7.685785,126.3425
64,1,1051,9.184729,175.2966
154,1,452,6.364394,89.174
333,1,235,2.929492,44.83206
283,1,206,4.9382,40.11747
115,1,695,6.291493,129.4032
91,1,756,7.665384,128.0592
332,1,266,4.9202,45.20832
333,1,242,4.817803,43.51222
284,1,280,4.916,46.25584
98,1,828,6.923986,132.8165
104,0,345,1.430999,72.79033
105,0,0,0,0
334,1,324,4.775199,46.61901
333,1,201,4.939702,39.96755
334,1,205,4.9385,40.55128
94,1,753,7.27409,134.3402
155,1,424,5.872798,85.28979
285,1,238,4.819002,42.45796
335,1,206,4.9382,40.81769
334,1,207,4.837302,40.34587
105,0,353,0.4293994,74.35847
106,0,0,0,0
286,1,192,4.942402,37.99972
336,1,288,4.812402,51.24606
335,1,490,4.836201,71.94431
156,1,490,5.853,90.81522
287,1,203,4.939102,39.92814
167,1,2135,11.54169,366.2124
95,1,2031,12.57704,374.3994
95,0,575,2.384994,118.8218
337,1,222,4.933402,42.61448
336,1,190,4.943002,38.35439
335,1,512,6.533187,89.10372
99,0,827,3.615381,156.2598
100,0,0,0,0
288,1,288,5.313602,48.16286
338,1,201,4.9397,40.07428
337,1,194,4.941802,38.5709
336,1,208,4.9376,40.58447
106,1,729,6.662086,130.1786
168,1,463,5.761097,87.12637
289,1,212,4.9364,41.2146
157,1,524,6.236794,91.95324
337,1,208,5.437602,41.15443
116,0,1455,9.007883,263.8108
117,0,0,0,0
339,1,356,4.8932,62.63094
338,1,338,5.898596,63.15686
96,1,674,7.797787,128.0345
290,1,237,4.827703,44.59364
92,0,1553,6.257145,269.9941
107,0,305,1.438999,70.0015
108,0,0,0,0
339,1,221,5.433702,43.11975
291,1,203,4.939102,39.21411
340,1,271,4.9187,46.50308
169,1,474,5.857797,91.03335
100,1,774,6.166592,138.8857
338,1,500,6.040993,88.45152
158,1,565,5.830497,107.3276
292,1,199,4.940302,40.42214
339,1,205,5.438498,41.35442
293,1,211,5.436698,41.35398
340,1,506,4.8482,85.4061
170,1,482,6.355393,89.51736
340,1,253,4.9241,44.07981
108,1,768,6.769587,131.5244
341,1,606,5.8182,105.9486
341,1,207,4.9379,41.23323
294,1,274,4.917802,47.3744
341,1,183,4.945102,37.35448
342,1,254,4.704602,42.6155
342,1,202,4.939402,40.06949
295,1,209,4.937302,41.58241
95,1,1589,13.02334,286.8899
171,1,461,6.361697,87.14349
93,0,1159,4.225603,207.9043
342,1,282,4.915402,49.61784
97,0,1281,9.243854,237.984
296,1,201,4.939702,40.15454
343,1,240,4.928002,44.55819
343,1,248,4.8208,40.62259
297,1,203,4.939102,39.68134
343,1,248,4.8094,42.46095
344,1,193,4.942102,38.55449
344,1,237,4.819303,43.0144
96,0,2249,9.550277,432.8558
172,1,502,5.849398,90.25545
344,1,189,4.943302,37.75451
101,1,1488,11.3279,262.4801
345,1,237,4.9289,41.80402
96,1,722,7.283391,128.3952
109,0,1104,4.659428,202.5124
110,0,0,0,0
345,1,256,4.9232,45.009
345,1,434,5.869799,78.73285
97,0,383,1.423397,86.28388
102,0,273,0.9454041,63.61402
103,0,0,0,0
346,1,216,4.834599,40.8261
94,1,829,8.032079,136.9615
98,0,778,5.344414,148.9345
298,1,622,5.588202,98.0175
173,1,468,6.154195,89.73019
346,1,210,4.834602,39.23772
346,1,247,4.925902,44.71719
159,1,1922,12.42351,353.7067
113,0,3998,18.55375,733.2494
114,0,0,0,0
95,0,323,1.435399,65.78008
347,1,190,4.943002,37.9562
299,1,267,4.9199,46.26594
347,1,213,4.936102,41.74793
99,0,425,2.914995,91.94682
348,1,213,4.936102,41.75446
117,0,2706,12.97529,472.9418
118,0,0,0,0
96,0,268,1.4464,63.78744
348,1,226,4.932203,42.93139
300,1,258,4.9226,43.78889
349,1,204,4.9388,40.30057
160,1,541,6.237094,95.45201
103,1,813,7.256088,145.8008
97,0,210,0.4579995,50.65077
349,1,212,4.936402,41.44928
301,1,271,4.792302,45.14711
98,0,1030,5.294017,211.2166
350,1,269,4.804302,45.71168
350,1,220,4.934003,41.93233
302,1,204,4.938802,39.32804
100,1,703,7.789087,132.5538
118,0,6106,34.87508,1042.376
119,0,0,0,0
119,0,0,0,0
119,0,0,0,0
351,1,218,4.834002,43.04166
351,1,213,5.326498,40.1227
161,1,485,5.634097,89.3266
303,1,249,4.925303,45.03274
352,1,203,4.829503,38.70895
99,0,509,1.898193,108.7132
352,1,244,4.825603,43.49585
304,1,226,4.823802,41.19578
98,0,833,3.333383,148.0837
353,1,228,4.9316,42.12476
353,1,213,4.936102,42.15446
162,1,505,6.248493,92.36929
101,1,645,6.806493,125.7009
305,1,232,4.930403,40.5994
354,1,202,4.9394,40.43024
163,0,95,-0.01899998,28.2604
164,0,0,0,0
164,0,0,0,0
164,0,0,0,0
164,0,0,0,0
354,1,239,4.8115,41.24828
99,0,332,1.933598,66.91084
110,1,2143,12.60866,371.0836
306,1,273,4.9181,47.84459
355,1,259,4.9223,42.69631
174,1,1997,11.30106,373.8906
355,1,217,4.934902,42.81432
307,1,212,4.936403,41.50241
164,1,443,1.867111,86.61393
356,1,207,4.9379,41.12116
356,1,222,4.828602,41.68899
119,1,1328,8.477595,235.7599
308,1,230,5.431003,42.78042
118,0,1966,9.60845,333.9633
357,1,217,4.731302,38.95098
111,1,682,7.194786,127.5507
97,1,2876,17.32679,483.6094
309,1,214,4.935802,41.92913
358,1,219,4.9343,43.18566
359,1,214,4.831,41.05764
310,1,275,4.917502,46.2266
165,0,742,3.646185,146.7352
166,0,0,0,0
166,0,0,0,0
166,0,0,0,0
175,1,1018,8.694609,183.0299
357,1,773,7.165683,133.0699
120,1,708,6.774986,129.9309
360,1,252,4.9244,43.3116
119,1,717,7.784887,133.942
311,1,265,4.9205,44.87711
347,1,3382,21.485,589.6099
358,1,254,5.317198,43.39236
312,1,215,5.435503,42.07078
98,1,786,7.264188,138.3733
166,1,527,2.707684,87.50119
176,1,440,5.868,87.43723
359,1,206,4.938202,38.96766
361,1,452,6.364395,81.18388
114,1,3466,18.8126,602.1534
112,0,1009,5.298213,211.6353
113,0,0,0,0
100,0,2320,11.53598,440.8976
360,1,196,4.941202,39.01445
313,1,361,4.768299,62.1484
121,1,650,7.804987,126.4353
362,1,188,4.943602,38.20309
167,1,445,6.366494,87.86356
361,1,212,4.936402,40.35435
177,1,459,6.362294,89.07018
363,1,205,4.9385,40.77842
314,1,223,4.832502,39.65619
65,0,7831,43.66977,1318.645
66,0,0,0,0
99,1,725,8.174111,130.7133
362,1,239,4.928302,46.03336
348,0,912,5.31762,171.317
349,0,0,0,0
349,0,0,0,0
349,0,0,0,0
349,0,0,0,0
315,1,246,4.926202,43.87886
364,1,257,4.9229,44.21474
168,1,438,6.368595,85.95386
349,1,188,0.9436104,37.95427
115,1,787,6.646482,133.6822
178,1,482,6.253594,86.63937
101,1,721,7.783688,135.157
365,1,196,4.941202,39.67085
363,1,260,4.922,44.53061
122,1,744,7.656984,132.6692
316,1,380,4.886,62.54846
366,1,204,4.9388,40.66843
350,1,261,4.9217,47.65821
364,1,207,4.9379,40.69402
351,1,192,4.942402,38.6348
317,1,230,4.821403,41.9028
365,1,230,4.931,42.06506
120,1,1762,12.47152,331.4589
100,1,796,7.158188,133.2872
318,1,196,4.941202,38.35421
367,1,423,4.8731,66.88512
366,1,202,4.839402,40.57878
352,1,262,4.9214,45.15561
116,1,684,7.794786,128.6757
169,1,772,7.168391,128.8175
123,1,702,7.289391,132.1388
319,1,191,5.442702,37.83144
368,1,191,4.942702,37.75449
367,1,197,5.440902,39.04209
353,1,224,4.728003,43.38261
369,1,209,4.937303,41.35044
368,1,205,4.836102,39.36388
100,1,3674,19.4861,596.9539
354,0,252,1.949599,61.81878
355,0,0,0,0
355,0,0,0,0
355,0,0,0,0
355,0,0,0,0
170,1,491,5.852699,88.28615
369,1,217,4.9349,41.15902
370,1,243,4.9271,42.28365
355,0,241,-2.548191,59.8828
356,0,0,0,0
356,0,0,0,0
356,0,0,0,0
356,0,0,0,0
117,1,770,7.165387,141.7422
371,1,209,4.937303,40.70185
370,1,221,4.833102,43.23264
179,0,1558,7.577757,288.8249
180,0,0,0,0
180,0,0,0,0
180,0,0,0,0
124,1,798,8.260584,151.1418
171,1,440,6.367995,83.78208
66,0,2047,10.87201,361.4631
372,1,201,4.939702,39.16755
371,1,212,4.9364,41.00602
373,1,228,5.328003,41.32718
372,1,222,4.933403,42.75447
101,1,983,8.795536,165.5061
374,1,213,4.936102,42.15446
118,1,698,7.186986,133.5771
113,0,2933,11.41329,541.3368
373,1,230,4.831002,45.12157
102,1,2179,12.03028,369.1436
356,0,811,0.8378,145.2375
357,0,0,0,0
357,0,0,0,0
357,0,0,0,0
357,0,0,0,0
172,1,574,5.592399,90.40634
375,1,220,4.934,40.59316
374,1,303,4.586904,47.61914
376,1,225,4.932503,42.58848
357,1,495,2.8515,90.12428
375,1,266,4.9202,45.89251
377,1,224,4.9328,42.49162
173,1,608,5.600801,104.339
358,1,205,4.938502,40.66907
102,1,796,7.656385,142.4485
103,1,784,7.164788,135.2536
114,0,834,5.33321,155.6208
115,0,0,0,0
378,1,194,4.941802,39.55444
376,1,286,4.803403,47.18475
119,1,909,7.525486,159.9389
101,0,2541,10.78934,441.2042
102,0,0,0,0
359,1,200,4.940002,39.803
379,1,214,4.9358,41.08258
377,1,246,4.926202,46.67555
360,1,208,4.937602,41.95386
380,1,199,4.9403,40.23103
361,1,205,4.938502,40.80302
378,1,393,5.882097,67.42052
104,1,699,7.08729,130.4197
381,1,260,4.922002,48.7681
102,0,756,2.239788,145.0483
103,0,0,0,0
120,1,771,7.268685,146.4285
379,1,188,4.943603,37.41386
382,1,211,4.836702,42.66763
320,0,3166,16.57528,518.0053
321,0,0,0,0
321,0,0,0,0
321,0,0,0,0
321,0,0,0,0
383,1,178,4.946602,36.35447
380,1,215,4.9355,41.17551
121,0,3638,19.27193,629.5995
122,0,0,0,0
321,1,195,0.9415102,39.1043
67,0,2601,15.86582,448.733
381,1,231,4.930703,43.60302
384,1,250,4.925,42.5613
105,1,689,7.793286,130.1482
180,1,2878,12.63894,499.1813
382,1,255,5.423502,44.18195
385,1,252,4.796201,41.98828
121,1,779,7.766282,139.4153
322,1,460,6.861989,73.82629
386,1,222,4.9334,42.79243
383,1,241,4.826502,45.4637
323,1,216,5.332202,40.57957
102,0,7588,34.63496,1269.867
103,0,1999,10.57982,351.6245
181,1,505,6.237691,94.45097
115,1,1989,12.90336,341.6744
125,1,3396,22.35022,640.7964
387,1,223,4.9331,41.52762
384,1,238,4.9286,44.22166
324,1,301,4.7947,46.04834
106,1,828,6.650391,136.7418
388,1,240,4.928002,42.98755
385,1,239,4.809102,41.78506
104,0,414,2.417196,88.72382
122,1,727,7.281885,135.3964
325,1,208,4.9376,41.01794
182,1,495,5.729897,90.74006
122,1,1347,10.09596,239.0571
386,1,254,4.9238,44.38507
326,1,232,4.930403,45.49418
116,1,646,7.698986,125.3339
126,1,667,7.799888,130.1182
387,1,215,4.935502,41.6602
105,0,479,2.404196,94.86092
327,1,216,4.9352,42.19432
389,1,606,6.318195,99.13699
388,1,197,5.440898,39.75441
183,1,498,6.731994,89.17033
174,0,3115,18.87661,561.8887
175,0,0,0,0
175,0,0,0,0
175,0,0,0,0
328,1,323,4.788099,44.7999
389,1,206,4.9382,40.71075
123,1,706,7.288186,133.2196
390,1,362,4.422401,50.24692
106,0,467,2.406597,95.67269
127,1,646,7.806187,125.0057
117,1,684,7.794787,130.1366
390,1,192,4.841202,38.13789
329,1,238,4.813,41.54074
184,1,424,6.372795,82.75661
391,1,196,4.941202,38.59484
391,1,211,4.936702,40.29872
392,1,198,5.440598,39.55444
330,1,261,4.9217,46.69242
392,1,214,5.435802,41.26321
393,1,215,4.935502,42.76751
331,1,206,4.9382,40.77763
124,1,670,7.298988,126.9949
185,1,524,5.842796,91.65724
128,1,677,7.083684,125.7613
393,1,244,4.926803,44.11646
332,1,201,5.439702,39.12805
394,1,208,4.9376,41.094
123,1,1743,11.26762,297.3162
118,1,828,7.008988,142.5005
394,1,194,4.941802,38.35445
362,0,3711,22.25726,654.3607
363,0,0,0,0
363,0,0,0,0
363,0,0,0,0
363,0,0,0,0
103,0,3406,16.90293,595.3964
104,0,0,0,0
395,1,210,4.937002,41.15443
333,1,244,4.8088,42.3304
186,1,452,6.364395,87.42793
395,1,190,5.442998,37.7949
396,1,219,4.830703,41.68697
175,1,1526,10.04225,273.3223
105,0,1301,6.88585,219.8952
396,1,235,4.815102,41.46981
129,1,674,7.297787,129.8046
397,1,207,5.437902,40.83249
125,1,814,8.143806,150.4167
334,1,447,6.257494,77.11047
187,1,412,6.376395,79.95551
176,0,295,2.440994,67.54901
177,0,0,0,0
177,0,0,0,0
177,0,0,0,0
124,1,715,7.685487,136.8293
397,1,199,4.940302,37.85406
119,1,702,7.688186,132.6951
398,1,198,4.940602,39.63099
398,1,209,4.9373,40.99576
335,0,336,1.932797,72.00548
336,0,0,0,0
336,0,0,0,0
336,0,0,0,0
336,0,0,0,0
399,1,223,4.833099,41.18107
125,0,385,1.423,76.82171
126,0,0,0,0
399,1,209,4.9373,41.34501
126,0,587,3.882589,127.4482
127,0,0,0,0
127,0,0,0,0
400,1,200,4.940002,40.7544
130,1,648,7.305587,127.1571
188,1,583,5.682499,92.21129
363,1,1150,6.654993,196.1591
400,1,248,4.7154,42.25223
401,1,224,4.831602,43.31579
120,1,695,7.291487,134.6151
336,1,539,2.8383,91.83521
401,1,192,4.942402,37.55445
402,1,220,4.934,42.03128
189,1,474,6.857793,90.32752
337,1,227,4.8319,41.30537
177,1,1131,6.660677,198.8445
127,1,653,5.804094,127.3569
402,1,270,4.919,46.04931
121,0,417,2.308796,92.31235
122,0,0,0,0
403,1,232,4.9304,42.79316
131,1,680,6.795992,130.7181
107,1,3812,17.0502,648.5137
338,1,220,4.934,41.45475
104,0,1894,8.520685,340.0005
105,0,0,0,0
404,1,189,4.943302,37.63084
364,1,780,8.766009,138.9467
126,1,1103,8.567332,190.1065
405,1,228,5.431602,41.65509
106,0,1815,9.112463,330.7309
107,0,0,0,0
365,1,248,5.425598,46.84541
178,1,509,5.847298,90.1874
406,1,219,4.934302,44.80416
366,1,243,4.927103,47.24894
122,1,733,6.675289,138.0404
128,1,785,7.156684,135.767
105,0,583,1.883391,125.1731
106,0,0,0,0
179,1,517,5.844897,92.54049
127,1,741,7.453086,135.0474
132,1,1076,7.975405,194.3211
190,1,1249,9.816955,230.4027
407,1,494,6.351794,86.28423
367,1,455,5.258097,81.51732
108,1,1201,6.639694,214.6824
368,1,205,4.9385,41.14655
107,1,4066,21.17969,640.5638
403,1,1393,10.08219,224.0695
129,1,665,7.691488,125.4388
180,1,444,6.261395,83.2903
408,1,279,4.916303,50.91578
404,1,217,4.834902,42.34346
369,1,262,4.504603,44.72305
191,1,530,6.340991,102.4521
409,1,242,4.927402,45.50056
370,1,194,4.840002,39.05029
123,1,1158,8.443008,195.5329
410,1,224,4.831602,44.33507
405,1,352,5.394397,66.17159
371,1,200,5.439999,40.75417
109,0,782,4.734,154.0472
128,1,970,7.599382,163.6051
130,1,654,7.692388,126.2682
192,1,425,6.372495,82.41365
411,1,288,4.9136,45.78736
372,1,193,4.942102,38.15432
68,0,6920,36.25669,1163.724
412,1,201,4.939702,40.15049
373,1,204,5.438798,39.15434
133,1,1422,11.1579,256.3611
124,1,661,6.801692,128.6078
193,1,499,6.350293,95.16739
106,0,1869,5.214229,335.0822
107,0,0,0,0
110,0,720,4.756001,148.1032
111,0,0,0,0
406,0,811,2.059178,137.4152
374,0,358,2.928392,79.96684
407,0,0,0,0
375,0,0,0,0
407,0,0,0,0
375,0,0,0,0
375,0,0,0,0
375,0,0,0,0
413,1,470,5.858997,79.18322
181,1,1432,11.45492,237.5875
407,1,201,2.939693,36.70279
414,1,236,4.822603,43.92654
69,0,932,5.211221,177.3475
70,0,0,0,0
408,1,203,4.939102,40.55457
134,1,655,7.803488,128.6951
129,0,1201,5.759835,247.6697
130,0,0,0,0
182,1,469,6.047895,85.60345
375,0,587,-0.1173995,110.306
376,0,0,0,0
376,0,0,0,0
376,0,0,0,0
376,0,0,0,0
409,1,232,5.430402,44.97904
415,1,319,5.404296,61.58702
103,0,7519,35.99625,1243.477
194,1,898,9.230609,168.4579
376,1,242,0.9274089,42.54664
410,1,281,4.9157,47.59326
377,1,223,4.9331,42.28
183,1,518,5.844597,94.05648
131,1,1791,11.36285,322.3458
135,1,674,7.797786,131.746
70,0,751,2.349792,143.1307
411,1,271,4.788699,41.89866
111,1,1282,10.01489,238.5275
378,1,259,4.9223,43.45507
412,1,213,4.936102,42.38241
379,1,213,4.936102,42.15438
195,1,879,6.736292,150.6931
112,0,310,0.938005,66.56476
184,1,533,6.340095,98.16644
413,1,216,4.935202,42.62888
132,1,664,7.698987,129.8736
136,1,782,6.765396,151.5553
380,1,367,5.889899,65.15359
113,0,328,1.4344,69.75652
196,1,481,6.145495,92.26446
381,1,219,4.827103,40.04855
185,0,555,3.88899,112.2478
186,0,0,0,0
186,0,0,0,0
186,0,0,0,0
114,0,346,1.930799,73.03734
416,0,1629,5.174274,265.0892
417,0,0,0,0
417,0,0,0,0
108,0,3719,16.75585,656.09
382,1,230,4.931,41.17979
130,1,1930,11.92113,365.069
133,1,661,7.699287,127.3734
107,0,2571,10.96422,460.6873
108,0,0,0,0
197,1,502,5.849401,91.95147
414,1,944,8.216801,174.428
383,1,247,4.806699,41.50781
115,0,464,1.407203,85.23619
415,1,213,4.936102,42.25421
384,1,196,4.941202,38.06878
131,0,411,1.917798,89.14417
132,0,0,0,0
417,1,602,3.819389,100.4084
186,0,802,2.839586,157.5703
187,0,0,0,0
187,0,0,0,0
187,0,0,0,0
385,1,209,4.937302,41.52802
339,1,5715,36.28472,992.5826
198,1,492,5.852399,89.05495
416,1,276,4.917202,48.91838
418,1,216,4.835202,41.64889
134,1,736,6.779192,134.684
386,1,265,4.9205,44.17925
417,1,220,4.824399,42.26767
419,1,206,4.834002,38.31551
340,1,306,5.308198,54.97799
387,1,218,4.934602,43.15395
418,1,214,4.834602,42.72451
341,1,199,4.940302,40.03434
420,1,254,5.423802,43.86751
132,1,744,6.650992,135.5873
199,1,525,6.132893,88.4408
388,1,187,4.943902,37.65733
419,1,188,4.943602,36.87101
421,1,205,4.938502,41.21441
342,1,252,4.702802,44.07722
135,1,659,7.802287,126.7883
109,1,1479,9.929979,252.5583
389,1,202,4.9394,40.31149
420,1,258,4.922603,48.73685
125,1,4153,21.56609,720.2002
422,1,189,4.943302,37.35051
200,0,378,1.9244,74.58026
201,0,0,0,0
201,0,0,0,0
201,0,0,0,0
201,0,0,0,0
201,0,0,0,0
343,1,204,4.938802,40.35415
390,1,261,4.921702,48.78772
423,1,222,4.9334,41.72446
421,1,259,4.9223,43.7764
116,1,1488,9.944103,239.0232
344,1,219,4.728302,42.24908
133,1,686,7.294189,133.6301
107,1,6566,26.58447,1042.12
424,1,222,4.9334,42.4989
391,1,257,4.9229,43.05005
345,1,215,5.435502,41.41339
422,1,271,4.9187,44.70242
187,0,1540,7.19208,282.6057
188,0,0,0,0
188,0,0,0,0
188,0,0,0,0
425,1,206,4.938202,41.02535
392,1,213,4.936102,42.41779
346,1,192,4.942402,38.35427
423,1,194,4.941802,39.40304
126,1,735,7.639878,131.7106
201,0,780,-0.6559672,150.227
202,0,0,0,0
202,0,0,0,0
202,0,0,0,0
202,0,0,0,0
202,0,0,0,0
426,1,232,4.8196,41.74731
393,1,232,4.9304,42.97084
424,1,213,4.936102,42.40311
347,1,263,4.9211,45.60138
134,1,664,7.800787,128.7543
108,0,2501,14.99961,465.2836
109,0,0,0,0
188,1,444,3.36679,84.46999
136,1,1164,8.223203,198.9481
427,1,192,4.942402,39.15447
394,1,224,4.9328,42.60608
202,0,335,-3.566949,71.84697
203,0,0,0,0
203,0,0,0,0
203,0,0,0,0
203,0,0,0,0
203,0,0,0,0
425,1,199,4.940302,39.35452
348,1,211,4.9367,41.25947
428,1,215,4.935502,41.99482
426,1,202,4.939402,39.78229
395,1,259,4.9223,44.46204
349,1,239,4.7157,41.58047
127,1,682,7.295386,130.1222
189,1,437,6.161694,83.89028
203,0,353,-3.570546,76.04695
204,0,0,0,0
204,0,0,0,0
204,0,0,0,0
204,0,0,0,0
204,0,0,0,0
429,1,215,4.935503,42.55444
427,1,229,5.322298,43.1072
396,1,212,4.9364,41.17677
350,1,200,4.940002,39.56956
430,1,225,4.932502,44.36753
137,1,705,7.788486,135.7221
428,1,219,4.828303,38.40967
351,1,184,5.444798,36.85397
204,0,308,-3.561564,71.3447
205,0,0,0,0
205,0,0,0,0
205,0,0,0,0
205,0,0,0,0
205,0,0,0,0
71,0,4583,25.0617,793.6851
72,0,0,0,0
117,1,1544,12.93148,270.1316
431,1,215,4.935502,42.19846
429,1,217,5.434898,41.4977
135,1,1043,7.567879,181.8685
397,1,439,6.368293,79.79351
352,1,260,4.922,45.04692
128,1,703,6.683092,131.4512
432,1,189,5.443298,38.55443
190,1,745,5.741086,115.47
430,1,224,4.823203,40.1433
205,1,444,1.366836,85.182
104,1,5582,31.22086,946.0272
398,1,319,5.904297,59.23914
433,1,220,4.7316,40.79855
353,1,340,4.738601,49.82658
138,1,662,7.301391,128.6816
431,1,202,4.939402,39.95445
118,1,739,7.065083,126.8069
399,1,212,4.9364,41.38142
434,1,205,4.938502,38.57396
354,1,242,4.825602,43.42217
432,1,207,5.437902,41.07628
206,1,439,6.268295,85.87955
136,1,684,8.294784,127.3309
400,0,220,0.3055986,45.21419
401,0,0,0,0
401,0,0,0,0
401,0,0,0,0
401,0,0,0,0
435,1,227,4.931902,44.36752
433,1,204,4.938802,40.35055
355,1,227,4.931902,45.57147
401,1,208,0.834608,39.90973
436,1,219,4.934302,42.6417
434,1,222,4.933402,42.35056
109,0,2128,11.07435,390.3598
110,0,0,0,0
356,1,281,5.415702,44.61394
207,1,477,5.856898,88.92265
105,1,834,7.749786,156.7874
119,1,677,8.296887,126.4504
437,1,246,4.814799,41.61706
435,1,199,5.440298,38.40546
357,1,193,4.942102,38.2309
137,1,683,7.795087,129.355
402,0,451,2.909792,95.8653
403,0,0,0,0
403,0,0,0,0
403,0,0,0,0
403,0,0,0,0
438,1,249,4.811502,43.29173
436,1,253,4.9241,43.81384
191,1,1331,10.60082,240.0374
358,1,194,4.941802,39.55398
208,1,462,6.248195,86.43647
439,1,206,4.9382,40.48355
359,1,210,4.937,40.91918
108,1,3516,19.7101,587.1839
106,1,687,7.793886,127.2023
120,1,680,7.195992,127.7507
403,1,479,2.856301,89.95508
360,1,202,4.939403,40.0124
440,1,246,4.926202,47.54083
192,1,476,6.357194,93.3522
139,1,1614,9.808108,283.2639
138,1,677,7.796887,130.5509
209,1,470,6.245194,88.18345
404,1,223,4.9331,43.32831
441,1,212,4.9364,41.29243
361,1,312,5.406399,52.18872
405,1,209,4.937302,40.15443
442,1,216,4.825603,39.67347
437,1,881,8.235704,160.0401
406,1,233,4.930102,45.48589
438,0,248,0.9504036,61.64758
439,0,0,0,0
439,0,0,0,0
139,0,606,2.378789,116.2303
140,0,0,0,0
140,1,694,7.690587,128.4197
193,1,777,8.156702,139.6999
407,1,212,4.731603,40.69175
439,1,228,2.931592,42.16422
443,1,536,6.339195,93.11501
362,1,677,6.796896,109.8588
110,0,5125,30.25844,960.9415
408,1,217,4.934902,43.53745
440,1,220,4.934,40.73087
109,0,1312,6.422679,238.2979
444,1,236,4.818402,42.82304
363,1,269,4.919304,43.00829
140,0,558,0.8884037,114.8036
141,0,0,0,0
409,1,221,4.933702,43.61428
194,1,457,6.146094,84.48354
441,1,208,4.937602,41.88271
121,0,1457,8.601527,273.6755
141,1,656,7.803187,125.6064
210,1,1290,8.278818,230.7412
445,1,224,4.932802,41.55848
129,1,3286,18.51395,572.6117
364,1,266,4.9202,44.25423
410,1,262,4.9214,45.26038
446,1,219,5.434299,43.75621
442,1,324,4.7962,61.51955
195,1,426,6.372195,82.86905
411,1,191,4.942702,38.15435
122,0,326,1.434802,65.46584
110,0,598,4.380397,110.0617
111,0,0,0,0
365,1,280,4.916,44.50889
141,0,560,0.8880032,117.7301
142,0,0,0,0
447,1,234,4.929802,45.55981
443,1,223,4.9331,41.26057
211,1,471,6.024489,83.30743
412,1,208,4.937602,41.25395
107,1,2078,13.6334,354.0849
366,1,217,4.934902,42.15421
142,1,686,7.576186,127.4887
444,1,213,4.936102,41.45408
448,1,258,4.9226,43.97981
413,1,199,4.940302,40.15028
196,1,479,6.239494,88.32217
367,1,209,4.937303,40.83054
445,1,198,4.940602,38.75447
449,1,208,4.9376,40.80906
212,1,509,6.043095,92.30832
368,1,207,4.937902,40.87404
414,1,289,4.9133,44.50734
72,0,4635,26.71705,785.02
446,1,201,4.939702,40.95452
123,0,773,4.345397,140.7365
450,1,192,4.942402,38.35446
142,1,784,6.264793,139.336
110,0,3463,19.1986,619.45
111,0,0,0,0
111,0,1592,9.072661,287.2545
369,1,227,4.827102,43.51295
197,1,495,5.751498,88.10062
415,1,257,4.698902,43.72952
447,1,207,4.937902,40.80314
108,1,742,7.639579,130.8891
213,1,443,5.867098,85.79906
143,1,745,7.16449,129.6939
370,1,213,4.9361,41.82296
416,1,207,4.937902,41.7541
448,1,204,4.938802,41.42892
111,1,1222,9.133448,196.2265
130,1,1584,10.92068,274.3278
371,1,196,4.941202,38.0539
451,1,613,6.816092,100.9582
449,1,266,4.920202,47.5133
214,1,448,6.265594,83.19382
143,1,680,7.795986,129.6918
372,1,262,4.9214,43.33486
452,1,195,4.941503,38.00309
450,1,188,4.943602,38.35447
109,1,770,7.055786,141.6215
373,1,204,4.938802,39.37831
453,1,228,5.431598,44.75444
451,1,208,4.9376,41.1582
