Episode,Success,Steps,Reward,PathDistance
0,0,190,0.9620011,41.6919
0,0,203,0.4593997,41.71635
1,0,0,0,0
1,0,0,0,0
1,0,0,0,0
1,0,0,0,0
1,0,0,0,0
0,1,335,4.793499,41.5437
0,1,344,4.896803,44.58223
0,1,358,4.8926,45.05664
0,0,413,1.417399,68.76058
1,0,153,-0.03059996,30.75221
2,0,0,0,0
2,0,0,0,0
1,0,213,0.4573997,41.72374
2,0,0,0,0
2,0,0,0,0
2,0,0,0,0
2,0,0,0,0
0,0,643,2.871393,90.89314
1,0,0,0,0
1,1,319,4.904303,45.21288
1,0,480,0.9040011,65.28239
0,0,684,1.762596,84.13091
1,0,518,-3.103532,77.93672
2,0,0,0,0
2,0,0,0,0
2,0,0,0,0
2,0,0,0,0
2,0,0,0,0
1,0,406,1.4188,63.97984
2,1,371,2.888688,41.07656
0,0,872,1.499785,112.2691
1,0,0,0,0
0,0,878,3.324386,120.5261
2,1,325,0.9025149,41.50301
3,0,162,-0.03239996,31.52236
4,0,0,0,0
4,0,0,0,0
4,0,0,0,0
4,0,0,0,0
0,1,1101,5.669695,131.0411
3,1,306,4.908203,38.31008
2,1,521,5.343702,62.55446
1,0,335,-0.9425958,50.24756
2,0,0,0,0
1,1,345,4.8965,44.72962
4,1,295,4.911503,41.66032
2,1,754,1.273856,91.01199
0,0,1507,3.268566,187.8894
3,1,354,4.667399,42.08605
1,0,1092,2.781585,144.3575
2,0,0,0,0
0,0,1794,3.641162,237.8049
1,0,0,0,0
5,1,340,4.898004,44.54943
2,0,437,0.4784051,64.35101
3,0,0,0,0
3,0,0,0,0
4,1,375,4.760502,46.53523
2,1,1089,7.673277,134.8522
0,1,2052,9.074225,239.7042
6,1,309,4.907303,39.72903
0,1,2127,9.761411,243.9384
3,1,281,2.815691,42.6564
5,1,297,4.910903,44.15123
1,0,197,1.460599,41.85763
2,0,0,0,0
1,0,756,2.848788,116.3801
2,0,0,0,0
3,1,822,5.753392,112.3652
2,1,1632,8.400826,195.0497
2,1,1109,6.667285,144.0582
7,1,301,4.909703,38.58836
4,1,306,4.9082,41.95782
6,1,351,5.394696,49.12434
4,1,1523,2.543087,188.8992
0,0,2617,7.476826,320.8299
1,0,0,0,0
1,0,0,0,0
1,0,0,0,0
4,0,326,1.434799,52.871
5,0,0,0,0
5,0,0,0,0
5,0,0,0,0
5,0,0,0,0
5,0,0,0,0
8,1,269,4.9193,41.28873
5,1,273,4.918103,38.83178
5,1,277,4.916903,38.63393
7,1,338,4.898603,46.58126
1,0,2223,5.452529,269.1246
9,1,240,4.928002,38.33452
3,1,1125,7.559479,140.0915
6,1,275,4.917503,43.13602
6,1,390,4.7788,42.23791
2,1,1442,8.067401,176.9586
1,1,1085,7.674477,149.8167
10,1,300,4.91,41.37765
8,1,352,4.8944,44.55574
1,1,668,3.299578,88.00092
5,1,698,1.087648,88.47952
3,1,1105,7.454076,135.8091
7,1,290,4.8124,42.36127
11,0,220,0.956001,41.79768
12,0,0,0,0
12,0,0,0,0
7,1,319,4.9043,41.34359
2,1,1370,7.088979,190.1643
8,1,281,4.806103,44.77875
12,1,296,2.91119,41.23338
8,1,311,4.906703,40.76559
9,0,611,1.672992,86.29418
10,0,0,0,0
10,0,0,0,0
10,0,0,0,0
10,0,0,0,0
2,1,649,6.204092,89.55729
4,0,543,2.891395,94.76274
9,1,309,4.907303,43.92581
13,1,330,4.901,41.69256
6,1,754,6.27379,94.13461
9,1,319,4.904303,45.99262
10,1,293,0.8037157,40.42154
2,1,1063,7.465483,135.3707
10,1,307,4.9079,41.64518
10,1,566,5.830199,73.26618
3,1,697,5.969291,90.9252
11,1,299,4.8097,42.08542
7,1,704,6.288794,87.19197
14,1,858,5.616201,104.4959
11,1,788,5.763602,100.2198
5,1,984,7.704782,134.8996
11,1,621,6.813685,83.17359
3,0,948,3.310384,137.9095
4,0,0,0,0
12,1,297,4.910903,45.14955
12,1,573,5.328097,72.58444
4,1,777,6.266893,97.10291
4,1,2415,13.16602,306.4568
3,0,3159,9.868362,404.5565
1,1,4618,21.61406,607.9717
12,1,310,4.907002,44.84597
13,1,305,4.695304,40.24084
13,1,405,4.662299,44.55128
13,1,301,4.8091,42.20773
14,1,266,4.920202,44.01797
14,1,254,4.923802,41.82472
1,1,4125,10.76269,489.562
5,1,594,5.821798,84.09136
15,1,1154,7.153781,140.7232
14,1,278,4.816603,42.40353
2,1,3219,12.82013,385.4111
15,1,299,4.9103,41.18604
15,1,306,5.408204,41.80255
4,1,982,6.205392,134.0692
3,1,3075,14.57753,400.4172
15,1,315,4.905499,42.38794
5,1,997,6.981686,130.3638
16,1,324,4.800403,45.49575
16,1,370,4.7806,42.77914
16,1,288,4.913603,42.76867
2,1,1140,7.437579,138.3172
16,1,265,4.920503,45.31335
4,0,1213,3.757376,161.2306
17,1,284,4.9148,42.055
17,1,270,4.919003,43.1991
8,1,1977,8.077456,239.7425
17,1,322,4.789602,42.60739
2,0,861,3.827786,135.7309
6,1,812,6.028193,93.35792
17,1,338,4.670999,45.2624
18,1,277,4.916903,43.15379
18,1,299,4.803704,44.82607
18,1,285,5.414503,42.17619
3,1,941,7.217688,128.9795
4,0,180,0.9640012,41.9436
18,1,248,4.816603,38.81821
5,1,1060,8.074184,148.7149
19,1,271,4.918703,43.05473
3,0,532,1.893596,91.24494
4,0,0,0,0
19,1,266,4.920202,44.39824
19,1,292,4.701602,44.76706
19,1,303,4.9091,47.72894
20,1,299,4.910303,46.06332
20,1,274,4.9178,41.99651
6,0,1225,2.94177,161.509
20,1,391,4.7827,45.09632
5,1,1057,7.182878,148.7944
3,1,4191,15.51503,530.252
20,1,283,4.815103,45.19357
21,1,290,4.913,41.43622
21,1,315,4.797102,44.89426
21,1,270,4.919,40.97125
21,1,267,4.919903,47.41188
5,1,873,7.238084,133.2964
6,1,876,7.435985,132.4152
22,1,251,4.924703,42.27068
22,1,224,4.932803,37.32123
22,1,367,4.760503,47.04409
7,1,1556,8.927284,220.4977
4,1,2135,11.35969,290.1579
23,1,235,4.929502,40.65616
23,1,289,4.9133,41.76159
23,1,345,4.791703,54.34096
22,1,495,5.351502,60.47719
24,1,271,4.9187,42.32203
24,1,432,4.642805,46.82226
23,1,280,4.808202,42.5269
8,1,610,6.316993,96.8734
4,1,1680,9.388256,240.8559
6,1,872,6.738389,134.2879
25,1,279,4.9163,42.43624
9,1,2324,9.30295,312.0205
7,1,1006,6.968785,144.8926
24,1,570,6.007391,77.46562
24,1,304,4.799799,43.43853
26,1,280,4.916,42.90496
5,1,1009,8.197298,152.93
25,1,303,5.303099,43.45464
9,1,582,6.325393,89.53046
27,1,286,4.914203,45.64544
10,1,554,5.833798,86.49208
26,1,263,4.9211,41.74489
25,1,639,5.808297,83.74216
6,1,4895,18.18984,618.9199
28,1,270,4.919003,44.22431
27,1,318,4.785399,42.77064
26,1,263,5.421103,42.85607
3,1,3506,14.44831,502.3261
10,1,616,5.8152,89.26238
11,1,575,6.327494,95.70731
7,1,1238,6.709376,141.1297
7,1,2604,9.196651,341.3226
28,1,253,4.9241,41.18282
5,1,1345,7.883301,202.4033
27,1,265,4.920503,44.1972
25,0,1582,8.68373,256.8544
26,0,0,0,0
26,0,0,0,0
26,0,0,0,0
26,0,0,0,0
29,1,270,4.919003,44.13495
29,1,745,6.166885,84.1917
8,0,500,2.399996,88.92448
6,0,1357,5.518479,206.1839
7,0,0,0,0
11,0,610,3.377992,108.5047
12,0,0,0,0
12,0,0,0,0
12,0,0,0,0
12,0,0,0,0
12,0,0,0,0
30,1,228,4.9316,41.82322
12,1,591,6.115493,91.50178
7,1,1084,8.674807,155.7357
4,1,811,6.65489,127.8628
28,1,618,6.314591,87.4374
31,1,268,4.9196,42.42277
8,1,804,7.258786,128.817
29,1,222,5.433398,39.42862
8,0,2085,8.583166,317.182
9,0,0,0,0
9,0,0,0,0
32,1,246,4.926202,43.37714
12,0,580,-1.615952,106.4563
13,0,0,0,0
13,0,0,0,0
13,0,0,0,0
13,0,0,0,0
13,0,0,0,0
30,1,256,4.923203,43.59856
13,1,672,7.298387,110.2228
33,1,252,4.924402,41.17378
30,1,959,5.712302,138.5314
4,1,3853,14.34419,580.7739
8,1,817,7.254883,134.0221
9,1,1047,8.685904,170.083
31,1,335,5.399503,44.80301
31,1,247,4.925903,40.76213
9,1,832,7.250383,136.8891
32,1,281,4.9157,43.09504
14,1,691,6.073491,92.95588
34,1,625,5.812491,93.50201
32,1,422,5.273398,64.95695
33,1,252,4.9244,43.39738
13,1,1028,4.19163,166.6866
35,1,245,4.9265,41.55666
33,1,217,4.934902,38.39458
5,0,822,3.522988,144.3341
6,0,0,0,0
15,0,453,1.909397,87.91312
16,0,0,0,0
16,0,0,0,0
16,0,0,0,0
5,0,1691,5.127604,250.4706
34,1,350,4.895,54.09908
36,1,239,4.928303,41.35428
34,1,324,4.9028,43.25502
9,0,1142,3.552976,182.5998
10,0,0,0,0
10,1,999,7.700284,157.148
14,1,519,6.344294,87.35223
35,1,283,4.9151,43.77179
6,0,508,2.398394,90.38382
3,1,969,7.20928,151.5915
36,1,389,4.708898,47.65125
6,1,851,6.24469,129.8811
37,1,693,5.79209,103.9784
16,1,915,4.725486,150.309
6,1,5809,21.80069,795.0538
37,1,245,4.926502,41.68517
10,1,1866,9.940284,288.0811
38,1,297,4.808503,47.05891
35,1,877,7.930302,122.0433
15,1,909,6.505692,138.9662
38,1,245,4.9265,42.64933
11,0,947,2.79139,145.8232
4,0,644,1.218398,106.498
39,1,225,5.432498,38.97885
26,1,3466,16.96,527.5222
7,0,364,1.427202,70.69359
36,1,228,4.931602,40.88757
17,1,506,6.348193,89.04612
39,1,262,4.9214,41.38143
40,1,210,4.937002,37.00156
6,1,3786,19.25425,601.1409
27,1,235,4.9295,40.92675
40,1,287,4.913903,44.89714
41,1,318,4.904603,50.45313
18,1,493,6.252094,83.80901
41,1,232,4.8256,41.469
5,1,774,6.767793,126.4713
28,1,505,5.5359,84.0402
42,1,229,4.931303,40.78244
16,0,899,3.597981,148.7565
17,0,0,0,0
17,0,0,0,0
17,0,0,0,0
17,0,0,0,0
17,0,0,0,0
29,1,235,4.929502,40.41823
7,1,1747,9.658016,240.9484
37,1,1039,7.483481,142.0657
8,0,183,0.9634011,46.13742
30,1,254,4.923802,44.36842
43,1,501,6.84969,78.79514
11,0,1501,6.090311,240.3591
38,1,250,5.425003,41.78722
42,1,607,6.31789,100.9586
8,1,1370,10.08908,217.7703
10,1,2411,11.27684,381.942
44,1,260,5.314798,44.04448
17,1,693,1.091541,114.1266
43,1,230,4.931003,41.28374
39,1,260,4.815402,42.96337
9,1,4234,20.11865,668.2239
6,1,870,7.238983,148.7896
31,1,401,4.8797,64.31705
12,0,535,1.892997,92.30689
45,1,281,4.915702,49.10168
44,1,249,4.824102,42.02412
40,1,253,4.924102,44.65398
32,1,240,4.928002,41.65866
46,0,157,0.9686011,41.56789
47,0,0,0,0
47,0,0,0,0
9,1,832,7.650385,134.5327
45,1,262,4.921402,49.4395
33,1,211,4.936702,37.85405
41,1,278,4.9166,42.41455
7,0,1873,8.490715,297.5133
47,1,226,2.726192,42.67553
9,1,858,7.742586,136.1748
19,0,1809,8.138329,295.7905
20,0,0,0,0
20,0,0,0,0
20,0,0,0,0
20,0,0,0,0
20,0,0,0,0
7,1,848,7.644382,143.9594
18,1,951,7.009883,153.4052
11,1,1170,7.938186,191.9615
46,1,556,6.231993,97.18717
42,0,578,2.272401,101.2447
43,0,0,0,0
43,0,0,0,0
43,0,0,0,0
43,0,0,0,0
48,1,530,5.7398,80.39561
34,1,665,6.800488,97.75439
13,1,979,7.706278,152.5055
49,1,257,5.422898,44.99713
8,0,866,4.326793,149.1859
20,1,525,1.23174,88.17459
47,1,529,6.341292,81.87595
8,0,693,2.861388,132.3977
9,0,0,0,0
50,0,346,0.2839985,59.37699
51,0,0,0,0
51,0,0,0,0
19,1,844,7.629979,125.7992
12,1,780,7.765985,134.2126
35,1,606,6.600787,93.14912
21,0,494,1.401197,90.37736
22,0,0,0,0
22,0,0,0,0
22,0,0,0,0
22,0,0,0,0
22,0,0,0,0
48,1,381,5.566497,51.92148
51,1,245,2.826492,41.05944
36,1,201,4.939702,38.62845
49,1,196,4.941202,38.0527
20,1,453,6.764095,81.30054
9,0,637,1.872595,127.2226
10,0,0,0,0
37,1,235,4.9295,42.05499
14,1,1041,8.486507,167.3105
52,1,281,4.9157,43.05497
38,1,211,4.936702,38.00324
53,1,237,4.813902,38.68395
39,1,263,4.809702,45.0604
21,1,530,6.131992,92.18962
10,0,661,2.367793,114.5644
11,0,0,0,0
15,1,732,7.28039,127.7054
10,1,2593,13.09156,406.7603
54,1,647,5.8059,104.7396
50,0,1116,4.96664,184.1025
51,0,0,0,0
51,0,0,0,0
22,1,567,5.829898,88.73096
22,0,1408,0.7184352,237.8471
23,0,0,0,0
23,0,0,0,0
23,0,0,0,0
23,0,0,0,0
23,0,0,0,0
43,0,2244,6.209835,338.7956
44,0,0,0,0
44,0,0,0,0
44,0,0,0,0
44,0,0,0,0
55,1,289,4.9133,41.53996
51,1,256,2.420792,46.60888
9,0,2233,11.3264,376.7775
11,1,757,6.272893,130.2453
52,1,243,4.824102,44.91991
23,1,519,1.344343,92.3018
16,1,931,7.62008,151.8542
11,1,923,8.723112,161.1242
40,1,1299,11.11039,217.2352
53,1,280,4.787799,43.44107
10,0,3441,16.07911,541.0585
56,1,726,8.282185,110.4921
41,1,254,4.9238,44.2832
24,1,440,6.367995,80.01334
12,0,5896,26.66864,934.4886
10,0,4295,16.82765,706.6451
11,0,0,0,0
11,0,0,0,0
10,1,720,7.783985,129.8666
57,1,279,4.9163,42.21239
42,1,239,4.928303,43.47945
11,0,428,2.414396,90.87697
58,1,208,4.937603,37.6483
54,1,651,5.484303,100.5572
12,1,739,7.778286,136.5947
43,1,256,4.811802,43.10139
13,1,3077,14.96723,503.5013
25,1,623,6.813091,104.9994
59,1,264,4.811803,45.47239
55,1,241,4.927702,43.94882
23,1,1737,12.97895,284.9993
17,1,1159,10.15236,185.8799
44,1,1757,7.323078,256.8646
56,1,194,4.941802,38.60311
26,1,464,6.360794,85.33122
11,0,1066,3.160975,196.1677
12,0,0,0,0
12,0,0,0,0
12,0,0,0,0
57,1,307,4.800104,51.58503
45,1,444,6.366794,76.01346
13,1,1298,9.801699,200.7499
24,0,562,2.387595,101.9298
25,0,0,0,0
25,0,0,0,0
25,0,0,0,0
25,0,0,0,0
25,0,0,0,0
60,1,700,6.874385,106.6519
58,1,231,4.9307,41.39508
46,1,200,4.940002,38.3542
27,1,457,6.262895,80.95193
11,1,1555,11.03361,260.4813
61,0,397,3.420593,80.96284
62,0,0,0,0
62,0,0,0,0
47,0,294,1.441198,58.56776
48,0,0,0,0
48,0,0,0,0
48,0,0,0,0
48,0,0,0,0
14,1,1191,8.033682,197.9227
25,1,482,1.355441,85.74786
28,0,363,2.427394,75.49315
29,0,0,0,0
29,0,0,0,0
29,0,0,0,0
29,0,0,0,0
29,0,0,0,0
59,1,518,6.23979,76.04419
62,1,257,2.922892,47.6216
48,1,232,0.9304113,40.72963
18,1,1224,10.03107,195.9302
12,0,923,1.185978,167.1675
13,0,0,0,0
13,0,0,0,0
13,0,0,0,0
60,1,207,4.937902,39.79844
63,1,237,4.8277,41.42559
49,1,238,5.428597,43.02603
26,1,495,5.851498,84.65562
61,1,206,4.938202,39.28762
14,0,1070,5.682455,199.8532
29,1,524,1.23805,88.20883
13,0,2017,11.09658,365.3225
64,1,283,4.9151,43.03582
19,0,581,2.883791,110.8985
12,0,1011,5.697844,184.9492
13,0,0,0,0
15,1,869,7.739286,149.732
62,1,318,4.7974,42.49493
65,1,224,4.932802,41.14745
15,0,417,2.309996,88.19552
50,0,565,3.38699,110.2842
51,0,0,0,0
51,0,0,0,0
51,0,0,0,0
51,0,0,0,0
27,1,521,5.843699,86.7674
63,1,202,4.939402,39.10992
30,1,453,6.364094,82.64607
64,1,231,4.930702,41.50704
20,1,739,7.778286,133.4573
28,1,523,6.239494,89.28072
65,1,279,4.9163,42.9852
12,0,3143,15.11719,528.2567
44,1,2940,17.00743,454.135
14,1,969,8.709314,169.8558
16,1,814,7.095789,135.2842
13,1,930,8.220997,165.8149
66,1,245,4.926502,43.7831
67,1,202,4.939402,37.68357
16,0,1048,5.689258,196.7813
29,1,662,6.699587,109.9965
45,0,624,3.875185,122.3109
46,0,0,0,0
46,0,0,0,0
46,0,0,0,0
46,0,0,0,0
68,1,238,4.928602,43.40311
15,1,765,7.060285,136.1309
12,1,4832,24.04975,820.5786
46,1,227,1.431913,42.09356
69,1,276,5.417202,42.8551
66,1,1628,11.01173,252.6893
17,0,1043,3.964374,178.6259
18,0,0,0,0
47,1,274,4.9178,43.85506
30,1,579,5.710099,86.58314
70,1,263,4.816303,46.23433
67,1,259,4.922303,44.21177
71,1,215,4.935503,39.90715
48,1,279,4.9163,41.65504
18,0,374,0.3054002,77.77724
19,0,0,0,0
16,1,704,7.688787,129.5679
68,0,272,1.945599,61.60999
69,0,0,0,0
69,0,0,0,0
17,0,1125,5.263633,202.3302
72,1,225,4.9325,41.979
49,1,218,4.934602,42.11853
31,1,513,6.139493,87.41859
73,1,213,4.936102,39.94669
50,1,206,4.938202,38.60303
13,0,2039,10.14543,352.7874
51,1,210,4.937002,40.9792
14,1,1891,12.43285,312.2281
74,1,225,4.9325,41.60644
32,1,517,5.743099,86.04163
52,1,228,4.826803,42.02592
8,1,2081,13.67281,372.3843
75,0,292,1.9416,67.94571
76,0,0,0,0
76,0,0,0,0
31,1,3024,15.47339,508.3291
14,0,479,1.904196,93.8262
69,1,1072,7.178382,174.5318
18,0,1011,5.797857,192.9877
9,0,395,2.420996,87.3065
10,0,0,0,0
33,1,501,6.349695,92.45683
19,0,1281,5.004805,211.5302
20,0,0,0,0
15,0,704,2.943587,135.6175
16,0,0,0,0
70,1,233,4.930099,41.09233
51,1,3472,14.45841,543.9575
32,1,468,6.256593,82.78979
53,1,739,6.470488,113.1825
76,1,675,4.797494,121.8524
71,1,321,4.9037,48.97271
20,0,371,0.3185994,70.19308
21,0,0,0,0
52,1,258,4.922603,47.74263
16,0,368,0.6222,83.41561
17,0,0,0,0
10,0,469,1.906198,97.15683
11,0,0,0,0
13,1,4583,20.9341,783.2593
54,1,237,4.928903,43.50692
77,1,229,4.9313,41.45494
53,1,218,4.934602,41.32788
72,1,255,4.923503,44.89717
17,0,1930,9.614044,337.4613
34,1,828,5.751606,134.092
33,1,591,6.115492,93.37831
78,1,303,4.786299,45.30468
73,1,207,4.937902,39.64333
54,1,259,4.819902,44.13083
35,0,177,0.964601,45.87087
36,0,0,0,0
36,0,0,0,0
36,0,0,0,0
11,0,601,1.879798,121.6749
12,0,0,0,0
15,0,1239,6.211444,222.3183
55,1,221,4.9337,41.3729
34,0,288,1.942398,67.62029
35,0,0,0,0
35,0,0,0,0
35,0,0,0,0
79,1,279,4.9163,43.32528
74,1,303,5.909096,55.50312
19,0,1401,7.518126,263.7031
56,1,222,4.933402,42.73068
80,1,214,4.935802,40.88765
75,1,262,4.9214,42.32202
35,0,379,-0.5758095,78.46725
36,0,0,0,0
36,0,0,0,0
36,0,0,0,0
81,1,229,4.931303,40.95445
55,1,1073,8.678126,175.1323
16,0,566,2.780795,114.0236
21,1,1208,7.516579,207.1682
76,1,199,4.940302,38.20629
57,1,466,6.360193,75.42889
56,1,217,4.934902,41.39722
77,0,305,1.938998,64.38843
78,0,0,0,0
78,0,0,0,0
12,1,944,7.216786,165.0393
17,0,1603,8.077711,302.7498
18,0,0,0,0
57,1,205,4.938502,39.04605
58,1,271,4.9187,42.33987
13,1,4027,22.29149,712.3759
78,1,327,3.401896,57.38839
20,0,1011,5.690055,193.3875
17,0,698,3.860388,138.5216
36,1,1320,5.80097,239.179
59,1,254,4.923802,45.83035
22,1,749,7.563883,133.62
79,1,236,5.429203,44.96903
60,1,234,4.9298,42.88196
18,0,596,2.380791,125.3419
14,0,643,2.76659,127.2641
15,0,0,0,0
61,1,212,4.936402,40.72772
37,1,474,6.357794,88.22843
82,1,1298,7.610579,214.7279
13,0,1001,3.94158,178.4633
14,0,0,0,0
62,1,324,4.789,43.19123
23,1,832,6.831783,140.2389
38,1,467,6.255094,87.3484
63,1,271,4.818099,43.80866
21,1,6157,25.74399,1002.109
21,0,1129,6.171276,215.1391
58,0,1393,6.363328,231.5198
59,0,0,0,0
59,0,0,0,0
59,0,0,0,0
59,0,0,0,0
83,1,629,6.811294,110.2496
15,1,772,6.663589,134.6869
64,1,215,4.9355,41.23611
39,1,441,6.367695,83.60197
84,1,294,4.9118,45.68635
65,1,216,4.935202,42.3502
14,1,822,6.428189,143.1225
16,0,340,1.932001,71.08311
17,0,0,0,0
36,1,2411,12.77676,400.1708
24,1,768,7.650982,133.139
66,1,227,4.931902,42.09689
85,1,260,4.922,42.6551
22,1,756,7.773184,141.0052
67,1,227,5.331298,43.00932
86,1,237,4.9289,43.69829
37,1,482,6.255395,87.25325
22,0,1032,5.689454,197.3845
15,1,677,7.296887,129.2754
80,1,1999,13.40037,310.2821
68,1,248,4.925603,47.61866
87,1,220,4.934,41.25494
40,1,803,7.142284,139.8985
17,0,663,2.367398,115.9987
18,0,0,0,0
88,1,213,4.936102,40.72979
81,1,256,4.923203,45.29647
69,1,267,4.9199,41.45501
8,1,9997,48.09121,1682.975
38,1,517,5.844897,88.10023
70,1,209,4.937302,40.86271
18,0,469,1.9062,98.60498
19,0,0,0,0
18,0,2752,14.06238,472.7217
89,1,365,5.890496,62.81986
41,1,620,6.401991,107.0117
71,1,223,4.9331,41.73547
19,0,283,0.9434009,65.85107
20,0,0,0,0
16,1,813,7.056083,135.8134
90,1,257,4.9229,41.85138
39,1,488,6.353598,85.05492
72,1,237,4.928902,46.97622
82,1,780,7.265985,128.7109
73,1,219,5.434298,40.46593
91,1,319,4.682699,43.05879
42,1,562,6.212788,95.70939
83,1,228,4.931602,41.18806
59,1,2407,10.51257,375.9502
25,0,1912,10.29906,343.806
26,0,0,0,0
92,1,220,4.829202,40.88768
74,1,264,4.9208,42.2551
43,0,302,1.4396,69.49919
44,0,0,0,0
44,0,0,0,0
44,0,0,0,0
84,0,263,1.447399,64.22766
85,0,0,0,0
85,0,0,0,0
17,1,761,7.063285,128.9939
23,1,1974,13.80057,343.2982
60,1,273,4.9181,42.33995
9,0,1373,7.725527,244.8612
10,0,0,0,0
61,1,203,4.939102,38.6835
85,1,324,3.402795,66.03807
93,1,532,6.340391,92.65976
20,1,1138,8.658604,208.5219
75,1,537,5.738292,90.04084
62,1,201,4.939702,39.35416
86,1,215,5.435498,41.10696
26,1,745,6.563289,132.3617
18,0,579,2.884192,122.3743
94,1,256,5.423198,47.49588
21,0,330,0.9340043,65.73073
76,1,294,5.411799,56.45834
23,0,2332,13.90643,434.6634
87,1,226,4.9322,41.89712
95,1,190,4.943002,37.9984
24,1,792,6.438991,130.4149
63,1,433,5.7653,68.84218
10,0,739,4.251597,151.4415
11,0,0,0,0
77,1,270,4.919003,45.24849
96,1,297,5.1635,44.11937
88,1,438,6.368594,75.02934
64,1,299,5.410303,45.58673
19,0,4657,23.71201,821.1802
20,0,0,0,0
19,0,641,2.768791,118.6587
27,0,741,3.85179,139.0636
28,0,0,0,0
78,1,358,5.892596,67.31654
97,1,230,4.931,41.83622
22,0,673,2.86539,136.0431
89,1,261,4.9217,41.25501
65,1,255,5.423504,44.80533
79,1,260,4.922003,44.39736
98,1,271,4.9187,42.3868
66,1,215,4.830702,40.82158
23,0,316,1.327201,69.4415
90,1,254,4.711199,42.05373
99,1,242,4.821403,42.94967
80,1,264,4.9208,41.25497
67,1,192,4.942402,38.39817
24,0,1213,6.757498,230.4831
11,0,1022,5.190211,198.9052
12,0,0,0,0
91,1,311,4.906703,48.12351
28,1,708,6.287592,126.4241
100,1,217,4.9349,42.03795
68,1,224,4.932803,41.654
81,1,249,4.9253,42.00863
25,1,1273,7.072473,197.6789
20,1,910,8.121599,168.8872
101,1,199,4.940302,39.30994
92,1,270,4.919,43.93301
69,1,211,4.936702,40.36247
40,1,2945,16.51213,534.5785
82,1,218,4.934602,41.15433
24,1,700,7.789987,131.219
93,1,214,4.935802,42.35447
70,1,252,4.924402,46.45888
83,1,270,4.919,42.65509
102,1,344,4.8968,52.50201
94,1,191,4.942702,38.32817
18,0,8070,39.38682,1339.735
25,0,797,4.2358,158.3007
21,0,614,3.877188,129.0188
71,1,210,4.937002,41.55441
84,1,234,4.9298,41.43615
103,1,262,4.798602,43.52928
95,1,219,4.934302,42.00687
72,1,204,4.737602,40.33392
85,1,222,4.933403,41.94119
104,1,195,4.941502,38.03497
20,1,1888,13.82641,315.0558
25,1,776,7.057587,136.2557
73,1,210,4.937002,41.36743
96,1,279,4.9163,44.8506
14,0,8805,40.4108,1564.678
15,0,0,0,0
15,0,0,0,0
15,0,0,0,0
86,1,210,4.937002,39.55431
105,1,217,4.934902,42.9098
22,0,608,3.77359,127.2945
74,1,206,4.9382,40.90738
12,1,1397,11.08097,244.3512
106,1,197,4.940902,38.80313
44,1,3546,18.43595,580.9162
87,1,304,4.789,42.87599
75,1,217,4.934902,42.08237
26,1,1605,11.0084,290.3109
76,1,199,4.940302,39.20218
107,1,343,5.397099,66.1816
26,0,1094,6.078267,206.0251
21,1,725,8.282483,128.9496
88,1,399,4.8803,62.43224
45,1,490,6.352995,90.81218
15,0,791,0.2201852,148.4464
16,0,0,0,0
16,0,0,0,0
16,0,0,0,0
77,1,245,4.802502,41.46262
108,1,214,4.829802,39.88778
23,0,702,4.2566,145.6523
41,1,1771,10.16641,305.5916
89,1,219,4.9343,42.45664
19,0,5167,25.45243,885.9496
27,0,386,2.422796,82.52997
78,1,215,4.935502,41.62618
109,1,238,4.928602,46.59457
29,1,2259,13.1911,396.4241
79,1,202,4.939402,39.36737
90,1,301,4.668901,44.27175
16,0,537,-1.754216,95.89114
17,0,0,0,0
110,1,291,4.9127,44.70098
22,1,739,7.172887,137.2162
26,1,1494,9.826668,250.8378
91,1,209,4.833102,39.78368
80,1,269,4.9193,42.45506
24,1,685,8.193304,131.0385
97,1,1680,13.49603,281.9228
30,1,746,7.776185,138.3938
81,1,427,4.8719,60.12026
111,1,580,5.826,99.24413
98,0,305,1.938999,69.13361
99,0,0,0,0
99,0,0,0,0
23,1,685,7.690287,128.7386
28,0,1060,6.687472,208.8706
92,1,626,6.212189,98.99741
27,1,708,7.787587,132.4541
112,1,224,4.932802,42.91785
82,1,269,4.813903,49.93296
99,0,316,-0.5632073,67.23541
100,0,0,0,0
100,0,0,0,0
25,0,859,3.677778,157.3216
26,0,0,0,0
83,1,209,4.937303,38.65432
113,1,256,4.9232,45.26571
114,0,163,0.967401,45.17529
115,0,0,0,0
115,0,0,0,0
42,1,1735,12.76873,311.6818
31,1,780,8.266004,146.8219
46,1,1836,11.74279,277.3301
84,1,264,4.9208,42.25506
93,1,699,6.290289,106.07
115,1,264,2.816591,43.83549
19,1,3424,19.47249,592.2224
100,0,732,1.353591,120.0555
101,0,0,0,0
101,0,0,0,0
43,1,419,6.272495,80.80239
116,1,192,4.942402,39.00313
94,1,290,4.913,42.0551
101,0,308,-1.06161,69.80623
102,0,0,0,0
102,0,0,0,0
117,1,326,4.773399,43.31215
32,1,769,8.667514,139.989
47,1,794,8.261802,137.7932
44,1,508,5.847598,87.19518
118,1,239,4.828303,43.27352
20,0,668,2.366388,121.7688
20,0,2672,13.7324,482.5614
102,0,346,-0.5692078,71.39713
103,0,0,0,0
103,0,0,0,0
95,1,566,6.330195,98.52412
24,1,1677,11.49705,298.8121
119,1,197,4.840302,39.12426
96,0,168,1.466399,43.70279
97,0,0,0,0
97,0,0,0,0
97,0,0,0,0
97,0,0,0,0
26,1,1440,10.45068,256.9989
103,1,284,2.914791,49.03886
120,1,203,4.939102,40.00143
45,1,543,6.694493,88.40589
33,1,713,7.28609,128.2547
104,1,190,4.842402,38.82359
121,1,195,4.941502,38.60277
28,1,2069,15.27085,367.4292
97,1,409,2.276703,69.62812
105,1,258,4.9226,41.45514
13,1,4242,27.72674,760.9054
122,1,249,4.6205,41.966
98,1,262,4.9214,41.85511
25,1,784,6.858784,138.6072
27,1,758,7.153389,134.4489
123,1,208,4.937602,41.91611
99,1,205,4.938502,39.54908
34,1,711,7.181286,129.65
29,0,575,3.384994,115.1835
124,1,207,4.937902,39.96755
26,0,397,0.2797987,62.8229
27,0,0,0,0
100,1,215,4.9355,41.73635
27,1,4444,25.33323,752.1132
85,1,2408,18.27744,404.649
21,1,1491,13.05276,258.528
106,1,745,7.276486,123.8183
125,1,312,4.9064,47.00436
101,1,308,4.7986,46.49478
14,1,858,7.137184,153.6258
86,1,230,4.931003,41.55436
126,1,219,4.830102,41.41107
107,1,265,5.420499,50.02639
87,1,189,4.943302,37.8026
102,1,333,4.638301,51.9654
108,1,217,4.934902,42.06457
127,1,238,4.928602,46.15759
27,1,763,6.27109,136.2186
35,1,947,7.913483,169.012
88,1,247,4.703102,41.14629
22,1,669,7.799287,131.0073
103,1,219,4.833702,42.63068
109,1,280,4.916,41.65516
104,1,200,4.940002,37.2835
89,1,237,4.928902,46.28456
28,0,1111,4.018441,192.1132
110,1,222,4.9334,41.38733
105,1,187,4.943902,36.95431
90,1,206,4.938202,41.00275
30,1,1455,12.06362,264.9917
111,1,194,4.941802,37.34501
28,1,657,7.200487,126.3404
106,1,186,4.944202,36.48358
91,1,228,4.9316,42.37644
15,0,1219,6.643091,239.1912
16,0,0,0,0
92,1,216,4.935202,42.18052
112,1,539,4.8383,99.35686
93,1,211,4.936703,41.25071
31,1,641,7.807688,126.1565
29,0,4851,29.08933,888.1815
128,1,1307,6.107883,236.9994
23,1,1257,7.285688,198.2833
29,1,959,9.61175,176.322
113,1,216,4.935202,40.31456
94,0,254,1.9492,62.47976
95,0,0,0,0
95,0,0,0,0
95,0,0,0,0
95,0,0,0,0
129,1,226,4.9322,41.65509
16,1,783,6.513487,134.046
114,1,267,4.695299,42.64189
130,1,209,4.937302,41.87081
17,0,6082,25.98252,1088.468
18,0,0,0,0
18,0,0,0,0
18,0,0,0,0
107,1,1261,10.62179,219.3149
131,1,251,4.924704,47.96212
115,1,299,5.410297,58.61653
32,1,770,6.768992,132.9698
95,1,560,2.831999,92.37022
30,0,774,4.345199,155.402
30,1,811,7.645882,140.0279
116,1,235,4.929502,45.05627
108,1,269,4.919302,50.44079
132,1,262,4.9214,42.85508
117,1,195,4.941502,39.50187
109,1,187,4.943902,37.60298
31,0,392,2.316796,84.06419
133,1,203,4.838502,40.17937
24,1,1077,9.051749,179.5828
118,1,193,4.942102,36.32216
96,1,597,6.011893,106.607
28,0,3715,18.21397,692.1807
29,0,0,0,0
110,1,263,4.820503,42.975
33,1,677,7.19629,127.6778
134,1,392,5.882399,71.55801
119,1,258,4.9226,42.38838
111,1,217,4.934902,40.63091
17,1,1283,10.61518,230.4674
31,1,835,8.249502,151.6629
135,1,196,4.941202,39.32838
97,1,449,6.365295,78.5202
120,1,262,4.9214,42.84441
112,0,255,2.448996,62.34072
113,0,0,0,0
113,0,0,0,0
113,0,0,0,0
113,0,0,0,0
25,1,739,6.660891,134.9583
29,1,2590,11.1094,476.7031
136,1,254,4.9238,41.85509
48,1,5567,31.06287,909.7678
121,1,224,4.831002,44.12588
113,0,244,-2.048791,59.73819
114,0,0,0,0
114,0,0,0,0
114,0,0,0,0
114,0,0,0,0
98,1,421,5.771898,73.22066
46,0,5073,19.39509,846.4565
47,0,0,0,0
47,0,0,0,0
47,0,0,0,0
137,1,239,5.428297,46.29076
122,1,234,4.6268,41.33359
21,0,5614,31.20896,996.4837
99,1,238,4.821403,45.49194
138,1,211,4.9367,42.63947
123,1,214,4.935802,42.69881
49,1,517,5.217894,87.06962
26,1,670,7.798987,131.3946
114,1,462,2.361402,85.07395
30,1,649,7.305287,127.0727
100,1,222,4.933402,43.55079
139,1,231,4.930702,45.05625
34,1,1272,11.61851,229.9332
124,1,196,4.941202,39.23103
22,0,433,2.210996,93.84253
115,1,186,4.944202,37.25383
32,0,1135,5.114871,219.8827
101,1,286,4.914202,49.92906
125,1,237,4.928903,44.74909
116,1,259,4.9223,41.85507
140,1,348,5.895597,58.99512
50,1,516,5.743397,88.82785
126,1,184,4.944802,36.49305
117,1,193,4.942102,37.76846
23,0,463,2.065387,93.67604
141,1,252,4.9244,41.65511
31,1,666,7.199587,130.6014
35,1,702,7.571384,128.8888
127,1,258,4.9226,41.85512
102,1,465,6.251492,77.11376
118,1,259,4.697102,44.73798
142,1,211,4.836102,40.67579
51,1,492,5.748198,86.54416
103,1,223,4.933103,42.03993
119,1,208,4.937602,40.22857
18,1,2076,12.85333,360.1233
143,1,225,4.816902,39.85972
128,1,352,5.894396,67.43008
27,0,1212,5.031219,227.7978
104,1,194,4.941802,38.8706
33,1,1000,8.871237,171.6032
144,1,247,4.925903,43.44852
129,1,309,4.9073,45.43891
36,0,676,3.259987,134.8323
32,1,755,7.439883,138.0243
120,1,486,5.854197,77.4261
145,1,256,4.9232,42.25511
105,0,404,2.813793,86.04491
106,0,0,0,0
106,0,0,0,0
106,0,0,0,0
106,0,0,0,0
130,1,264,4.9208,42.85511
24,0,1154,5.847673,224.8625
52,1,824,6.435395,146.0754
146,1,192,4.942402,38.92822
121,1,257,4.9229,42.43688
29,0,3065,15.88675,581.9221
30,0,0,0,0
131,1,225,4.729502,43.80948
28,1,811,7.256688,139.3638
147,1,188,4.943602,38.35443
122,1,196,4.941202,39.63082
148,1,182,4.945402,37.15445
53,1,474,6.228988,83.48125
37,1,817,8.553717,147.4894
123,1,265,4.9205,42.67124
149,1,206,4.938202,40.56762
124,1,266,4.9202,41.45493
150,1,216,4.835199,42.40604
54,1,465,6.043694,84.09949
29,1,745,6.248887,135.4037
125,1,215,4.935502,41.54257
151,1,224,4.932802,43.61979
30,0,1143,3.652175,221.7009
31,0,0,0,0
126,1,298,4.910604,53.3404
152,1,260,4.922,41.45509
38,0,860,3.121762,162.5005
127,1,200,4.940002,40.20309
153,1,189,4.943302,38.26953
30,1,651,7.804688,124.1544
154,1,205,4.938502,40.8031
55,1,836,6.522795,144.9878
128,1,352,4.8944,60.61758
34,0,2351,11.11424,436.0172
19,1,2691,17.47752,515.1146
39,1,656,7.803187,128.93
129,1,233,4.8289,43.77377
155,1,446,6.366193,80.46967
130,1,196,4.941202,38.75424
56,1,540,5.837996,93.01256
156,1,232,5.430399,44.14735
35,0,549,3.390192,113.7231
131,1,201,4.939702,40.55431
31,0,913,2.162784,173.5891
157,1,206,4.938202,41.66968
36,0,8175,48.8688,1426.767
37,0,0,0,0
57,0,313,2.437398,70.25357
58,0,0,0,0
58,0,0,0,0
58,0,0,0,0
58,0,0,0,0
58,0,0,0,0
40,1,663,7.201087,127.9506
132,1,2542,13.23745,408.0824
20,1,707,6.980091,129.8045
47,1,4952,22.28426,857.4221
158,1,221,4.933702,43.18778
133,1,183,5.445098,36.15415
58,1,417,1.374938,82.70252
159,1,256,4.9232,43.02172
134,1,277,4.9169,43.11965
48,1,400,6.879992,79.15567
32,1,732,6.780392,132.2948
160,1,282,4.9154,42.1924
37,1,773,7.268088,151.952
135,1,258,4.9226,41.45497
21,0,808,4.736598,167.1204
22,0,0,0,0
59,1,504,6.018792,91.10584
161,1,252,4.9244,41.25513
136,1,260,4.922,41.45502
49,1,587,7.20109,108.553
162,1,202,4.939402,41.15449
31,0,2621,13.25822,481.154
32,0,0,0,0
137,1,191,4.942702,38.15444
33,0,4217,23.15597,793.5726
34,0,0,0,0
163,1,183,4.945102,36.65394
138,1,186,4.944202,37.66636
38,1,696,7.19119,132.7765
60,1,530,6.840991,102.6666
164,1,198,4.940602,39.55443
139,1,187,4.943902,37.83104
41,1,1569,11.0294,280.1921
25,0,4287,21.74661,750.0741
165,1,205,4.734902,41.2086
36,0,1995,11.29563,357.9027
140,1,181,4.945702,36.95445
61,1,417,6.374895,81.62035
141,1,200,4.940002,40.31675
166,1,259,4.9223,42.2551
39,1,623,7.313088,123.7415
34,1,914,8.120409,164.581
32,0,995,4.800992,202.8078
33,0,0,0,0
142,1,235,4.812102,41.10034
32,0,8127,45.00439,1456.158
26,0,619,4.167799,131.0717
37,0,521,2.895794,113.5714
62,1,441,5.665898,83.47025
167,1,310,4.907,43.56026
143,1,196,4.941202,38.8081
33,1,1934,14.10963,363.3736
168,1,276,4.8076,42.62389
144,1,241,4.818103,45.5758
40,1,720,7.177391,131.8965
169,1,258,4.9226,41.85509
33,1,614,7.815788,119.7155
145,1,258,4.9226,42.055
170,1,194,4.840602,39.51539
27,0,922,4.895816,175.3312
146,1,292,4.607004,46.92788
34,1,675,7.797486,131.1679
171,1,194,4.941802,38.49298
38,0,1007,5.798643,195.5165
63,0,988,5.302435,179.4321
64,0,0,0,0
64,0,0,0,0
64,0,0,0,0
147,1,194,4.941802,37.40304
172,1,256,4.8226,43.08846
148,1,290,4.812403,49.97694
173,0,287,1.942601,69.48815
174,0,0,0,0
174,0,0,0,0
35,0,633,2.255394,118.3812
149,1,178,4.946602,36.20313
22,0,3130,16.63292,575.9503
23,0,0,0,0
174,0,259,-0.551806,62.53709
175,0,0,0,0
175,0,0,0,0
64,1,757,5.172889,140.019
39,0,813,4.8374,157.1389
150,1,253,4.9241,41.45507
41,0,1398,6.220441,267.8182
42,0,0,0,0
40,0,235,0.9530028,59.4342
151,1,217,4.9349,40.77127
175,0,310,-0.6686067,71.3792
176,0,0,0,0
176,0,0,0,0
65,1,478,6.251792,84.63524
176,0,319,-0.0638077,73.217
177,0,0,0,0
177,0,0,0,0
36,1,843,7.021288,142.3385
177,0,320,-1.064011,70.78162
178,0,0,0,0
178,0,0,0,0
42,0,3436,15.81262,577.8917
43,0,0,0,0
178,1,210,2.532793,42.69148
106,0,8095,32.10482,1283.086
107,0,0,0,0
107,0,0,0,0
107,0,0,0,0
107,0,0,0,0
37,1,696,6.791192,128.7771
179,1,208,4.937603,40.96834
66,1,886,5.528199,165.9726
19,0,2115,9.420043,396.5059
20,0,0,0,0
180,1,258,4.9226,43.28825
35,1,3612,23.50211,671.4313
67,1,436,6.169195,85.41232
43,1,882,7.635387,167.4611
181,1,283,4.915102,51.30332
38,1,751,7.664483,130.2648
182,1,244,4.810602,43.56422
68,1,423,6.171894,82.3533
183,1,202,4.939402,40.46952
152,1,2108,11.36778,365.8442
42,1,2301,13.20553,410.2155
41,0,2201,9.546093,392.3813
184,1,182,4.945402,37.15467
107,0,1401,2.983777,267.7776
108,0,0,0,0
108,0,0,0,0
108,0,0,0,0
108,0,0,0,0
39,1,665,7.800487,129.3543
153,1,375,4.8875,63.09265
185,1,254,4.8238,42.62083
36,1,1060,9.080235,192.7022
23,1,2835,18.24212,539.3038
154,1,185,4.944502,37.35444
42,0,482,2.903594,106.832
186,1,197,4.940902,39.75445
155,1,228,5.431602,45.20845
187,1,252,4.9244,41.6551
69,1,1157,9.152929,209.4542
156,1,194,4.941802,38.57155
188,1,198,4.940602,39.95446
108,0,818,-0.597796,146.9017
109,0,0,0,0
109,0,0,0,0
109,0,0,0,0
109,0,0,0,0
37,1,702,7.661781,132.1434
157,1,204,4.938802,41.25401
189,1,206,4.938202,41.55444
20,0,2107,6.81637,396.4279
21,0,0,0,0
24,1,908,8.227602,162.0299
70,1,455,6.75869,88.2778
158,1,253,4.9241,41.45502
109,0,376,-2.751408,72.76347
110,0,0,0,0
110,0,0,0,0
110,0,0,0,0
110,0,0,0,0
33,0,5830,28.36694,1061.12
34,0,0,0,0
38,1,740,7.677386,140.2731
71,1,507,5.847898,89.05479
159,1,572,5.328402,95.97939
34,0,462,1.407601,98.81808
35,0,0,0,0
50,1,7378,42.78786,1217.365
160,1,253,4.9241,41.67562
28,0,5595,29.63669,977.5275
72,1,478,5.856598,85.05566
40,1,2162,12.33953,368.8919
161,1,381,4.8857,64.47134
51,1,599,6.820291,113.3106
162,1,198,4.940602,39.95456
73,1,500,5.728396,93.21728
190,1,1811,11.71428,296.7999
29,0,715,3.856987,146.2753
163,1,206,4.737,40.98031
43,0,3042,13.68242,566.6932
44,0,0,0,0
52,1,483,5.8551,89.10059
43,1,2582,18.2252,482.0677
110,1,1749,7.662668,282.4495
164,1,196,4.941202,39.95449
41,1,728,7.477986,134.0376
191,1,266,5.112998,42.86954
111,1,185,4.944502,37.75444
165,0,273,1.9454,67.42763
166,0,0,0,0
166,0,0,0,0
192,1,220,4.825003,42.26608
42,0,297,1.440599,71.11623
53,1,448,5.865599,86.06761
112,1,202,4.939402,40.45386
74,0,676,3.742583,131.7981
75,0,0,0,0
75,0,0,0,0
75,0,0,0,0
75,0,0,0,0
75,0,0,0,0
35,1,1606,11.31351,296.9803
193,1,216,4.9352,41.11616
166,0,280,-0.5560057,64.53015
167,0,0,0,0
167,0,0,0,0
113,1,251,4.9247,42.25513
44,1,789,5.444691,136.2487
194,1,198,5.440602,39.15447
114,1,209,4.9373,41.23617
54,1,530,5.497799,89.40562
195,1,202,4.939402,41.15446
44,0,1043,6.291459,192.3122
167,1,448,4.365596,83.1989
115,1,197,4.940902,39.60298
43,1,700,7.789986,130.9164
196,1,290,4.913002,51.65675
168,1,260,4.922,41.25508
116,1,274,5.417802,41.85501
55,1,448,6.160194,88.13264
45,1,705,7.580688,133.626
75,1,1003,4.087126,191.1781
44,1,5124,19.64605,902.9661
44,0,346,0.7798074,71.94554
197,1,183,4.945102,37.35485
56,0,98,-0.01959998,26.91298
57,0,0,0,0
57,0,0,0,0
57,0,0,0,0
57,0,0,0,0
169,1,196,4.941202,39.80303
117,1,215,4.935502,42.08852
57,0,96,-4.01918,26.89481
58,0,0,0,0
58,0,0,0,0
58,0,0,0,0
58,0,0,0,0
45,0,170,0.9660011,45.44393
58,0,102,-4.020379,26.78703
59,0,0,0,0
59,0,0,0,0
59,0,0,0,0
59,0,0,0,0
198,1,267,4.9199,43.52026
118,1,195,4.941502,39.60291
170,1,260,4.7196,41.70901
21,0,3731,16.79398,687.2702
22,0,0,0,0
76,1,443,5.867099,85.72708
199,1,184,4.944802,37.5544
39,1,3234,17.02964,585.015
30,0,2060,11.17299,371.0265
119,1,204,4.938802,40.4272
171,1,212,4.9364,41.57664
46,1,644,7.306787,126.8712
200,1,197,4.940902,39.99482
120,1,217,4.832502,42.87564
59,1,493,1.85211,87.382
172,1,189,4.943302,38.40314
201,1,190,4.943002,38.20324
121,1,214,4.935802,42.23507
77,1,551,6.234694,92.65617
173,1,265,5.420498,46.98756
45,0,1446,8.210857,286.3192
202,1,260,4.922,43.49542
122,1,249,4.9253,41.25975
60,1,490,5.852998,86.25543
47,1,723,7.179489,132.2535
31,1,887,7.218885,160.6683
123,1,224,4.932802,44.7541
40,1,1006,6.698191,180.4009
78,0,512,2.397596,105.843
79,0,0,0,0
79,0,0,0,0
79,0,0,0,0
79,0,0,0,0
79,0,0,0,0
45,0,1624,9.125515,300.7691
124,1,255,4.8235,41.51242
46,0,1680,6.654957,270.0771
125,1,209,4.9373,41.37277
46,1,903,8.729123,174.7468
48,1,699,7.486087,132.502
32,1,702,7.18879,131.2857
126,1,206,4.837002,41.94378
127,1,186,4.944202,37.95437
174,1,1330,9.495659,207.7794
46,0,741,4.351799,155.4373
128,1,194,4.941802,39.55447
175,1,206,4.938202,40.54587
61,1,1340,9.098029,241.7793
47,1,699,7.690283,131.7631
49,1,634,7.809788,126.3555
129,1,209,4.633102,40.60515
79,1,1199,4.140348,221.0458
41,1,1240,10.12808,213.7722
176,1,259,4.9223,41.4551
130,1,190,4.943002,38.43095
62,1,471,6.749088,89.2765
177,0,233,0.953403,59.3546
178,0,0,0,0
178,0,0,0,0
47,1,702,7.687586,134.9748
131,1,206,4.938203,37.39459
80,1,423,6.373095,84.22885
47,1,1369,12.08938,250.8145
36,0,4215,20.97723,772.6635
178,1,214,2.935793,42.41884
132,1,273,4.9181,42.25507
50,1,725,6.975286,134.5297
63,1,438,6.76379,85.10294
179,0,250,0.9500031,62.17212
180,0,0,0,0
180,0,0,0,0
133,1,194,4.941802,39.26947
48,0,995,5.187242,194.2668
42,0,964,5.807239,201.2701
43,0,0,0,0
48,0,494,0.7670065,95.50406
81,1,595,6.693291,108.7779
25,0,7173,30.50589,1244.876
26,0,0,0,0
22,0,3511,14.22375,653.2313
23,0,0,0,0
51,0,710,3.757986,147.6676
52,0,0,0,0
82,0,415,2.416995,94.64642
83,0,0,0,0
83,0,0,0,0
83,0,0,0,0
134,1,626,5.812193,92.74539
49,0,623,3.375388,134.4249
180,1,835,6.249494,145.7014
135,1,203,4.838502,40.19106
49,1,725,7.178888,133.0079
43,1,762,7.271389,142.1506
83,1,419,3.37429,83.53325
181,1,212,4.936402,40.92759
136,1,192,4.942402,38.14567
23,0,705,1.573195,130.7071
24,0,0,0,0
26,1,808,6.051595,147.1942
182,1,182,4.945402,37.15453
52,1,650,6.704389,125.6525
50,0,512,2.897592,113.767
137,1,198,4.940602,39.19839
37,0,1694,8.661267,322.7737
38,0,0,0,0
183,1,212,4.936402,40.65132
84,1,429,6.371294,83.99834
64,1,1587,10.52402,296.8048
44,1,754,7.273791,132.574
184,1,269,4.9193,42.05505
27,1,672,7.694188,130.1266
53,1,650,7.804987,123.4815
85,1,442,6.267395,87.40428
185,1,254,4.9238,41.2549
65,1,435,5.869497,86.14372
51,0,782,4.226809,147.5526
138,1,772,7.268388,130.6415
186,1,204,4.838202,38.98928
38,1,818,7.154592,154.9172
139,1,223,4.933103,42.56865
187,1,215,4.935502,42.75723
45,1,744,7.067784,128.4745
140,1,203,4.939102,40.66928
188,1,259,4.9223,41.65504
141,1,210,4.937,42.07242
52,1,767,8.160301,149.3327
189,1,211,4.936703,41.60412
142,1,195,4.941502,39.45371
39,1,662,7.801388,132.1813
33,1,4326,22.94888,757.4757
190,1,179,4.946302,36.15123
46,1,650,7.704987,126.8296
143,1,259,4.9223,41.65508
86,1,1248,9.904087,222.3693
66,1,1211,10.5344,206.4613
54,1,1388,10.58368,245.0275
191,1,258,4.8214,41.6635
144,1,235,4.929502,40.50258
87,0,285,1.442999,70.31647
88,0,0,0,0
88,0,0,0,0
88,0,0,0,0
88,0,0,0,0
88,0,0,0,0
53,1,718,7.284587,130.6543
192,1,245,4.926502,48.89989
145,1,186,4.843002,37.89204
67,1,449,6.262294,82.93391
193,1,205,4.9385,40.64427
146,1,209,4.937303,42.0882
88,1,416,1.37523,83.50854
194,1,192,4.942402,39.00308
147,1,190,4.943002,38.39801
55,1,865,6.923085,139.4461
148,1,193,4.942102,39.20295
34,0,1261,4.795083,238.2019
68,1,515,6.345492,100.2076
40,1,1273,11.0152,235.459
195,1,260,4.922,42.05491
54,1,691,7.191487,131.7699
89,1,476,5.857198,85.05545
196,1,233,4.930102,41.60311
203,1,6950,45.41668,1208.212
47,1,1513,12.17247,267.2719
197,1,252,4.9244,41.45528
149,1,578,5.8266,104.1111
204,1,206,5.438198,40.78261
90,1,485,5.8545,85.65509
55,1,710,7.286991,126.4502
150,1,219,4.934302,42.82116
35,1,773,6.562693,136.9371
41,1,777,8.266904,153.8968
198,1,285,4.914502,50.02315
205,1,263,4.9211,41.45512
199,1,207,4.937902,41.20307
151,1,245,4.807899,42.02735
206,1,284,4.813,42.68596
91,1,500,6.349994,93.89568
152,1,187,4.943902,38.02877
200,1,263,4.9211,41.25499
207,1,245,4.926502,47.71231
153,1,195,4.941502,39.20287
42,1,622,7.813387,122.5975
48,0,1004,5.870458,197.7078
50,1,4705,30.24211,875.4058
201,1,210,4.8352,42.62439
208,1,215,4.9355,41.69786
154,1,203,4.939102,40.15408
92,1,454,6.250596,86.58054
202,1,212,4.936402,38.60315
93,0,161,1.467799,44.97817
94,0,0,0,0
94,0,0,0,0
94,0,0,0,0
155,1,218,4.9346,41.54234
209,1,231,4.9307,44.09379
203,1,248,4.9256,41.25499
43,0,654,3.869187,138.6459
44,0,0,0,0
210,1,273,4.9181,42.05657
156,1,290,4.799799,43.91066
204,1,217,4.934902,43.46999
51,1,734,7.579786,130.5175
94,1,515,3.743689,98.78917
157,1,184,5.444802,37.23093
205,1,188,4.943602,37.9545
158,1,203,4.939102,40.80298
206,1,263,4.9211,42.80513
56,1,1875,11.93767,299.1359
211,1,589,6.323293,108.9745
95,1,464,6.153593,88.13461
159,1,280,5.314802,42.00113
52,1,689,7.193287,127.8302
212,1,231,4.9307,41.37659
207,1,316,4.775203,51.10343
160,1,181,4.945702,36.95431
161,1,209,4.937302,42.19835
208,1,253,4.9241,42.94543
213,1,267,4.9199,42.05513
49,1,1835,15.23743,346.7449
36,1,2519,19.74406,458.8321
96,1,592,6.822391,99.61975
162,1,182,4.945402,37.1544
214,1,182,4.945402,37.15445
57,1,793,6.860889,140.8345
163,1,255,4.9235,42.05507
53,1,746,7.276191,145.9151
97,1,405,6.378495,81.20243
37,0,528,2.394391,107.5369
164,1,234,4.929802,45.10537
209,1,699,7.790285,121.0979
215,1,545,6.336494,100.6547
210,1,197,4.839702,40.00039
216,1,194,4.941802,39.15447
98,1,425,6.372494,84.78813
58,1,809,6.638682,130.7796
211,1,221,4.933702,43.124
24,1,7426,36.76108,1357.423
217,1,264,4.920802,47.93462
54,1,801,7.654884,142.1629
212,1,196,5.441198,39.01831
38,1,692,7.792387,136.442
218,1,269,4.783301,43.8801
213,1,250,5.425002,41.25504
50,1,1532,10.70327,260.2235
219,1,214,4.9358,41.25514
165,1,1093,9.672167,195.4826
99,1,795,6.761492,144.7491
214,1,249,4.9253,41.45493
220,1,226,4.932203,45.67494
44,0,3055,16.16122,582.5807
55,1,697,7.790887,138.1965
166,1,231,4.825303,40.04813
215,1,208,4.9376,41.23109
221,1,308,4.779999,43.06098
167,1,253,4.9241,41.45506
216,1,249,4.9253,41.25491
59,1,1289,10.00739,218.4842
51,1,776,7.161788,137.3485
39,0,1109,6.778277,219.281
45,0,504,3.399193,111.2833
46,0,0,0,0
217,1,193,4.942102,38.95052
222,1,259,4.8115,41.83881
168,1,256,4.9232,42.25506
100,1,790,5.96939,106.1509
223,1,212,4.9364,41.20122
169,1,196,4.941202,39.95395
218,1,292,4.912403,48.67773
224,1,197,4.940902,40.15445
170,1,230,4.931002,44.76892
219,1,272,4.9184,44.13102
60,1,714,7.285784,135.2093
101,1,486,6.354195,91.14547
28,1,8615,44.03079,1582.924
52,1,746,7.641386,135.9235
225,1,266,4.9202,41.65511
56,1,1228,10.00469,224.3863
171,1,295,4.911503,51.23847
220,1,373,4.783304,54.08013
172,1,196,4.941202,39.65377
226,1,314,4.905806,61.52108
221,1,186,5.444198,37.59849
173,1,197,4.940902,38.80312
227,1,259,4.9223,41.60644
46,1,1293,10.11218,243.269
174,1,250,4.925,42.25428
222,1,287,4.913903,46.73372
228,1,200,4.940002,40.75447
57,1,783,6.76509,136.202
175,1,193,4.942102,38.95445
25,1,2904,18.62858,540.8801
53,1,933,8.720107,172.1868
223,1,211,4.936703,42.01614
229,1,177,4.946902,36.15442
40,0,1774,10.6452,342.4714
176,1,240,4.928,43.47919
224,1,249,4.9253,41.45512
102,0,1273,6.515465,244.0271
103,0,0,0,0
103,0,0,0,0
103,0,0,0,0
47,1,709,7.787286,134.5359
177,1,213,4.9361,41.75085
225,1,193,4.942102,38.15437
230,1,434,5.869796,77.67351
231,1,207,4.937902,41.16859
178,1,251,4.9247,41.4419
61,0,1779,8.696291,318.6339
26,0,821,3.806399,164.8454
27,0,0,0,0
41,1,699,7.290287,132.9671
179,1,246,4.9262,41.25512
58,1,1199,11.14039,227.8325
180,1,202,4.939402,40.6027
48,1,790,7.160584,149.9984
181,1,202,4.839402,40.60253
182,1,205,4.938502,40.40269
103,0,1321,3.035775,247.9233
104,0,0,0,0
104,0,0,0,0
104,0,0,0,0
27,1,767,6.666891,130.8672
183,1,250,4.925,43.88636
42,1,942,7.871778,148.0416
62,1,1148,10.05446,208.6216
54,1,2110,13.46632,347.432
29,1,3073,19.57784,588.2258
28,0,639,2.372192,124.8234
29,0,0,0,0
63,1,633,7.810087,126.6692
30,1,631,7.810687,125.1962
29,0,610,1.377996,123.5218
30,0,0,0,0
55,1,810,8.257004,156.6283
64,1,747,6.675891,130.2441
30,0,612,1.377598,124.9244
31,0,0,0,0
184,0,1838,5.132427,313.1804
185,0,0,0,0
185,0,0,0,0
185,0,0,0,0
185,0,0,0,0
56,1,717,6.784892,128.4972
104,0,2105,5.235789,378.6075
105,0,0,0,0
105,0,0,0,0
105,0,0,0,0
49,1,5820,31.75292,1032.508
65,1,905,8.228506,173.7409
31,1,758,6.272593,136.7673
105,1,550,2.834982,89.83881
57,1,726,7.673189,134.622
106,1,434,6.369795,86.20511
50,1,762,7.667187,147.5988
66,1,654,7.703787,128.0848
32,1,644,7.204387,127.8043
107,0,245,1.451,60.46945
108,0,0,0,0
108,0,0,0,0
108,0,0,0,0
58,1,693,7.691486,133.3665
108,1,424,3.372791,83.4131
67,1,854,7.743781,164.7465
59,1,663,7.801086,128.4808
51,1,1832,10.9506,352.1123
109,1,1357,8.092888,250.6454
36,0,9831,59.23332,1871.871
49,0,5653,26.37287,995.7699
50,0,0,0,0
68,0,1345,5.411238,240.7158
52,1,695,7.18609,126.9847
33,1,2470,12.17761,428.1737
185,1,4010,12.29735,635.0083
59,1,6636,41.88827,1244.87
69,0,712,2.098189,126.7856
226,1,7308,29.30625,1265.998
53,1,703,7.685485,123.4813
227,1,193,4.942102,39.20308
34,1,738,7.067784,129.6619
228,1,243,4.822902,40.90557
186,1,579,5.326302,100.0544
232,1,7667,37.19933,1380.274
43,0,6550,24.18889,1260.645
187,1,185,4.944502,37.60311
60,1,2744,13.67688,512.5512
233,1,197,4.940902,39.75445
135,1,4738,21.07802,839.2486
188,1,253,5.424102,42.05507
229,1,513,6.346095,94.97514
35,1,651,7.200487,126.7014
136,1,193,5.442102,38.80291
189,1,197,4.940902,40.00308
234,1,324,4.9028,46.73549
230,1,187,5.443902,38.01459
235,1,206,4.9382,40.99086
137,1,284,4.9148,44.21063
231,1,197,4.940902,40.00309
190,1,274,4.712402,50.08955
236,1,212,4.936402,42.35445
138,1,209,4.9373,41.23609
36,1,726,7.465985,132.5228
237,1,203,5.439102,41.35449
232,1,395,5.8815,74.15453
61,1,1033,8.690104,186.5276
139,1,231,4.9307,40.61352
191,1,431,5.659895,78.12414
54,1,1611,10.20183,266.813
233,1,211,4.936702,41.60315
140,1,229,4.831303,43.74744
238,1,330,4.901,44.65176
234,1,207,4.937902,39.35443
141,1,184,4.944802,37.4031
239,1,245,4.9265,42.13258
192,1,524,7.842788,103.2465
37,1,650,7.101987,129.0224
31,0,7395,42.02233,1421.408
32,0,0,0,0
142,1,231,4.9307,42.72602
235,1,257,4.9229,41.4551
62,1,763,7.669887,137.65
193,1,201,4.939702,40.80279
38,0,280,1.444,68.24724
39,0,0,0,0
236,1,214,4.9358,41.83633
143,1,233,4.820502,41.68673
240,1,353,4.8941,45.13922
55,0,863,4.827395,180.5084
56,0,0,0,0
194,1,226,4.932202,45.65733
237,1,218,4.934602,42.75453
144,1,219,4.934302,42.43888
241,1,234,4.929802,47.37292
195,1,248,4.9256,41.242
238,1,203,5.439102,41.12826
145,1,200,4.940002,40.75454
242,1,283,5.915097,56.3663
70,0,8225,44.8575,1526.171
71,0,0,0,0
71,0,0,0,0
71,0,0,0,0
146,1,183,5.445098,37.35423
60,1,3263,21.18181,577.1539
196,1,254,4.9238,41.85502
239,1,249,4.9253,41.4551
39,1,689,6.663888,124.053
243,1,201,4.939702,40.55445
63,1,866,7.393384,133.0104
147,1,187,4.943902,37.79854
197,1,184,4.944802,37.55449
240,1,208,4.8364,40.99095
244,1,244,4.9268,41.40417
198,1,185,4.843902,37.55113
148,1,233,5.430099,46.61533
241,1,203,4.939102,41.35458
199,1,189,4.943302,37.82832
149,1,184,4.944802,37.40307
44,0,3262,16.3474,636.5756
70,1,3886,20.92303,714.8815
242,1,200,4.940002,40.60309
61,1,683,7.195086,132.7482
40,1,701,7.080686,130.1278
64,1,644,7.806787,128.2002
200,1,224,4.9328,42.25498
150,1,227,4.931903,38.93082
243,1,208,4.937603,42.03169
56,1,1458,9.957893,274.7986
151,1,199,4.940302,40.55419
201,1,248,4.9256,41.85434
244,1,210,4.937002,41.99834
202,1,260,4.922,41.66241
152,1,294,4.9118,43.55247
71,1,693,7.29209,132.3999
245,0,277,0.9446036,69.94282
246,0,0,0,0
246,0,0,0,0
62,1,704,7.688786,140.0282
153,1,291,5.412699,58.23069
65,1,837,7.509878,152.7612
154,1,196,4.941202,39.55401
246,1,494,3.851791,93.98675
203,0,719,4.356199,145.1899
204,0,0,0,0
204,0,0,0,0
204,0,0,0,0
204,0,0,0,0
155,1,252,4.9244,41.34007
247,1,221,4.933702,38.81438
204,1,214,0.9358089,40.45536
156,1,190,4.943002,38.06929
63,1,916,8.119801,171.6573
66,1,688,7.793586,134.3229
248,1,250,4.925,42.85495
41,1,1692,12.79243,313.1393
205,1,256,5.423202,41.25509
157,1,299,4.9103,61.30769
249,1,259,4.9223,42.49551
158,1,219,4.9343,41.22546
250,1,209,4.937302,42.43268
206,1,318,4.9046,45.0983
67,1,624,7.312788,125.5554
110,1,7233,29.70594,1281.588
159,1,248,4.9256,41.45496
207,1,214,4.9358,41.25505
72,1,1706,14.48818,327.9201
208,1,184,4.944802,37.40286
160,1,203,4.939102,40.95437
37,0,7640,44.97475,1473.27
111,1,469,6.12989,85.44495
161,1,202,5.439398,39.05204
209,1,220,4.934002,45.06333
251,0,830,5.334036,167.8892
252,0,0,0,0
252,0,0,0,0
210,1,229,5.431299,41.60247
112,1,409,6.377295,82.6243
73,1,816,6.841981,131.857
211,1,250,4.925,41.45502
252,0,323,-0.0646086,76.66122
253,0,0,0,0
253,0,0,0,0
162,1,533,5.2389,86.25833
212,1,213,4.936102,43.34327
68,1,1225,9.028971,231.8662
245,1,3813,19.85579,667.6931
163,1,258,4.922603,42.5061
213,1,185,4.944502,37.60311
164,1,232,4.810601,41.18033
214,1,196,4.941202,38.57524
246,1,417,6.874891,76.5546
165,1,203,4.939102,40.15399
71,1,4729,27.58063,862.4186
215,1,257,4.922903,46.09561
69,1,625,7.812488,125.1276
64,1,2520,17.14386,444.1683
166,1,203,4.939102,40.80286
247,1,251,4.9247,43.17529
216,1,201,4.939702,40.40303
167,1,204,4.838799,40.62874
248,1,253,4.9241,41.6551
72,1,421,6.373694,84.47509
217,1,215,4.9355,42.2499
168,1,188,4.943602,38.35435
45,1,4772,26.56769,908.3394
169,1,179,4.946302,36.15402
218,1,310,4.691999,44.55319
65,1,671,7.19389,128.5843
249,1,425,6.372493,76.55458
70,1,780,7.265984,135.9909
170,1,248,4.9256,41.25505
219,1,181,4.945702,36.40312
250,1,227,4.9319,41.28352
171,1,193,4.942102,39.20268
220,1,265,4.9205,43.03307
251,1,252,4.9244,42.05515
74,1,2206,12.21614,360.8069
66,1,624,7.812788,124.2677
221,1,198,4.940602,39.90173
73,1,1124,9.162831,208.8544
252,1,260,4.922,43.37341
172,1,429,6.371293,74.66943
222,1,184,4.944802,36.60275
253,1,2475,14.38309,429.7406
223,1,193,4.840902,39.19855
253,1,249,4.9253,41.45514
254,1,250,4.925,42.04103
74,1,418,6.269794,78.33994
254,1,206,4.8358,42.05286
224,1,227,4.827103,41.13908
173,1,455,6.658092,79.54028
67,1,651,7.602887,129.1547
225,1,185,5.444498,37.60301
255,1,267,4.9199,41.45498
255,1,263,4.9211,41.65312
174,1,255,5.423502,41.25488
46,0,1767,8.430549,317.6271
75,1,475,6.140094,83.34155
256,1,190,4.943002,38.6053
113,0,3363,16.82698,591.1854
114,0,0,0,0
114,0,0,0,0
114,0,0,0,0
256,1,249,4.9253,41.25486
68,0,474,2.905192,106.5083
75,1,1289,12.00798,244.9942
257,1,189,4.943302,38.15448
175,1,373,4.8881,48.68635
257,1,188,4.943602,38.03104
226,1,536,4.8392,101.2982
258,1,191,4.942702,39.30531
258,1,198,4.940602,40.20303
227,1,193,4.942102,39.35437
57,0,6789,43.14414,1295.16
58,0,0,0,0
176,1,315,4.905499,44.57296
69,0,513,2.897392,113.1674
259,1,197,4.940902,39.60302
259,1,215,4.8343,43.2437
47,1,644,7.306791,127.0503
228,1,218,4.934602,43.23708
177,1,223,4.827703,43.50944
260,1,189,4.843302,38.50247
260,1,247,4.9259,41.25479
76,1,671,7.798687,133.7584
178,1,251,4.924702,47.05227
71,1,2607,18.39848,486.3683
261,1,251,4.9247,41.4551
261,1,327,5.700697,64.2427
179,1,190,4.943002,38.75444
70,0,607,3.878587,134.0939
114,1,1220,6.633977,212.3727
262,1,237,4.815102,40.73159
262,1,202,4.939402,40.35445
263,1,256,4.923203,49.20517
77,1,762,6.77139,137.253
115,1,411,6.87669,82.40256
264,1,190,4.943002,38.6031
71,0,599,3.880188,130.5037
42,1,6522,32.32365,1195.438
263,1,534,5.8398,100.3501
265,1,273,4.8181,43.92273
116,1,505,6.848492,93.6922
264,1,265,4.9205,41.25491
266,1,244,4.725599,41.66891
72,1,634,7.809787,127.3189
265,1,258,4.9226,42.65118
267,1,276,4.814199,41.84665
43,1,741,7.676484,130.0273
117,1,484,6.254793,93.14511
266,1,266,4.9202,45.24065
268,1,221,4.933702,42.53772
267,1,189,4.943302,38.40305
269,1,202,4.939403,39.80306
48,1,2346,16.16129,409.6032
268,1,217,4.9349,41.65496
118,1,479,6.75629,91.37086
270,1,197,4.840902,40.15446
269,1,180,4.946002,36.60317
44,1,814,7.025183,131.1971
271,1,236,4.929202,47.90334
58,1,2919,20.30539,538.6158
270,1,197,4.940902,40.00297
78,1,1881,12.93577,358.8069
119,1,483,6.050893,84.74156
272,1,241,4.927702,47.79945
271,1,248,4.9256,41.24177
273,1,250,4.925,41.25514
272,1,208,4.937602,41.1976
73,1,1515,9.428144,278.4085
120,1,422,5.873398,83.52028
274,1,210,4.937002,40.67843
273,1,191,4.942702,38.95424
45,1,787,7.533286,135.5014
59,1,743,7.042886,127.8606
229,1,3556,17.92693,588.734
274,1,196,4.941202,39.40308
275,1,258,4.9226,41.97405
76,1,4370,30.68827,811.1156
121,1,410,6.876995,82.202
230,1,199,4.940302,39.86073
275,1,206,4.838202,41.4082
276,1,250,4.925,42.05514
231,1,212,5.224403,40.35108
46,1,644,7.806788,125.6317
277,1,215,4.935502,43.19696
77,1,484,6.854793,93.69238
122,1,431,6.270694,82.29279
60,1,741,6.649491,134.0567
232,1,265,4.9205,42.55691
276,1,473,5.716698,75.01051
278,1,215,4.830702,41.26728
47,0,281,1.443799,68.31094
48,0,0,0,0
79,1,1586,13.52421,283.4164
233,1,187,4.943902,38.00276
277,1,210,5.436998,41.95447
78,1,424,6.272194,84.30549
279,1,300,4.910003,52.05495
123,1,475,5.8575,85.65501
61,0,526,2.978589,109.2053
280,1,244,4.8118,41.58263
48,1,662,6.80139,125.854
80,1,662,7.301392,124.0337
124,1,453,5.864098,85.85546
281,0,271,1.9458,66.63319
282,0,0,0,0
282,0,0,0,0
282,0,271,-1.054209,65.80617
283,0,0,0,0
283,0,0,0,0
62,1,673,7.495687,131.4153
59,1,1580,12.52608,287.9601
125,1,463,6.254495,90.07474
283,1,217,2.934893,41.89354
49,1,679,7.296286,127.9314
81,1,751,6.659691,130.9783
278,1,1322,8.498007,234.2431
284,1,246,4.802201,43.15051
126,1,489,5.853298,87.10609
79,1,1484,12.05491,284.2656
285,1,200,4.940002,40.3255
63,1,658,7.700188,130.6087
74,1,2899,16.92233,527.0824
60,1,722,7.534177,130.2804
286,1,226,4.932199,42.01132
127,1,420,6.373995,83.43618
287,1,291,4.912702,58.00785
64,1,676,7.692387,130.6413
180,0,6266,37.74747,1114.808
181,0,0,0,0
181,0,0,0,0
181,0,0,0,0
181,0,0,0,0
288,1,222,4.933402,45.44339
61,1,722,7.538377,128.8174
289,1,198,4.940602,40.20303
290,1,197,4.940902,40.00309
80,1,1178,8.646601,234.8663
65,0,617,3.172389,131.4042
66,0,0,0,0
49,1,5132,31.26417,940.0436
128,1,951,7.70988,152.7585
75,0,1484,8.999086,282.9971
291,1,461,6.040689,77.42612
81,1,493,5.852099,87.48286
129,1,429,6.371295,85.48975
62,1,1016,6.695194,179.4546
82,1,485,6.149092,80.93459
234,1,3892,18.22715,664.1385
292,1,743,6.777086,125.4995
235,1,189,4.943302,38.55416
50,1,2889,18.13307,533.8521
83,1,411,6.275495,82.05007
293,1,219,4.833103,42.91961
66,1,1322,9.603458,239.2113
236,1,211,4.936703,42.04128
294,1,208,4.937602,42.35448
237,1,197,4.940902,40.15459
84,1,459,5.862298,81.45516
238,1,190,4.943002,38.60286
295,1,300,5.280005,42.80827
130,0,1365,8.727072,270.1076
131,0,0,0,0
131,0,0,0,0
131,0,0,0,0
51,1,780,7.055187,140.155
296,1,284,4.914804,52.37267
239,1,467,5.943696,83.12402
85,1,518,5.8446,87.97102
297,1,190,4.841202,38.70379
131,1,416,3.375192,83.61955
67,1,1078,8.173576,196.011
240,1,254,4.803399,42.20812
298,1,248,4.925603,48.7728
181,1,3199,19.04012,571.8463
132,0,363,2.324996,84.97385
133,0,0,0,0
133,0,0,0,0
133,0,0,0,0
299,1,188,4.943602,38.35467
241,1,258,4.9226,41.05512
86,1,486,5.854199,88.8306
52,1,799,7.035088,143.7635
182,1,268,4.919602,45.49901
242,1,191,4.942702,38.69734
68,0,623,2.875389,130.871
69,0,0,0,0
183,1,207,4.937902,42.15434
243,1,216,4.935203,41.91107
133,1,598,4.011589,106.5583
87,1,502,6.248193,93.29753
244,0,281,1.443795,67.56652
245,0,0,0,0
245,0,0,0,0
245,0,0,0,0
245,0,0,0,0
279,0,5009,30.49735,917.0527
280,0,0,0,0
280,0,0,0,0
50,0,3569,20.97489,668.4816
51,0,0,0,0
245,0,234,-3.046792,59.69866
246,0,0,0,0
246,0,0,0,0
246,0,0,0,0
246,0,0,0,0
88,1,447,6.262293,86.26639
53,1,851,8.115301,150.8344
134,1,474,5.8578,85.45514
184,1,759,8.272305,138.5959
73,1,973,8.101482,182.3353
76,1,3690,23.87094,675.7592
39,0,5855,33.99721,1111.941
185,1,209,5.437302,41.23606
69,1,1108,9.062846,205.4642
89,1,489,6.119094,88.83822
135,1,485,6.242494,90.48994
280,1,744,6.776786,138.0125
186,1,210,4.837002,42.10897
82,1,5842,20.94125,998.4616
54,1,658,6.802592,129.0612
187,1,201,4.939702,40.65387
281,1,269,4.786302,43.94006
34,1,628,7.811588,127.5597
246,0,918,1.816397,179.4139
247,0,0,0,0
247,0,0,0,0
247,0,0,0,0
247,0,0,0,0
77,1,610,7.816988,121.1974
188,1,210,4.937,40.5906
90,1,514,5.845797,91.8258
74,0,790,4.842001,160.5654
75,0,0,0,0
136,0,526,2.394791,109.3022
137,0,0,0,0
137,0,0,0,0
137,0,0,0,0
137,0,0,0,0
137,0,0,0,0
282,1,209,4.9373,41.6821
70,1,676,7.691783,132.842
189,1,306,5.408198,60.82303
55,1,634,7.809787,126.6047
247,1,465,2.360501,83.27355
137,0,356,-3.571164,81.71201
138,0,0,0,0
138,0,0,0,0
138,0,0,0,0
138,0,0,0,0
138,0,0,0,0
190,1,252,4.9244,41.45497
78,1,646,7.705587,128.7306
248,1,197,4.940902,40.00315
83,1,1101,7.746272,184.4271
91,0,726,3.354786,144.5255
92,0,0,0,0
92,0,0,0,0
92,0,0,0,0
92,0,0,0,0
92,0,0,0,0
249,1,184,4.944802,37.55433
191,1,259,4.9223,42.53623
138,1,428,1.269233,84.82743
71,1,747,6.865689,135.2525
250,1,211,4.936702,41.74623
35,1,1114,7.856175,176.0751
192,1,228,4.931602,44.15424
56,1,756,8.273205,139.8584
300,1,3063,20.7772,529.6514
251,1,180,4.946002,36.60275
92,1,456,1.363242,89.12946
193,1,284,4.9148,44.30405
301,1,250,4.925,41.82673
252,1,216,4.935202,43.25389
84,1,687,7.793891,128.9661
194,1,193,4.942102,39.20273
302,1,192,4.942402,38.75449
253,1,224,5.432803,41.33116
195,1,211,4.936702,42.25178
139,1,893,8.500909,162.9221
303,1,249,4.9253,41.25511
254,1,271,4.8133,41.82677
196,1,221,4.828903,40.87896
304,1,184,4.944802,39.55503
305,1,183,4.945102,37.20308
197,1,262,5.421402,41.6251
140,1,486,6.354196,91.07227
72,1,1337,12.09903,227.3813
40,1,2985,22.1041,573.6866
306,1,217,4.934902,42.02046
141,1,496,5.743998,86.35202
198,1,556,5.519996,102.8936
73,1,623,7.313088,124.8066
142,1,457,6.261093,84.75722
199,1,413,4.8761,80.66388
85,1,1991,12.1771,360.8465
307,1,1162,6.151388,204.8894
36,0,2572,12.88543,479.6942
37,0,0,0,0
143,0,524,2.395196,106.4262
144,0,0,0,0
144,0,0,0,0
144,0,0,0,0
144,0,0,0,0
144,0,0,0,0
308,1,199,4.940302,39.60308
309,1,198,4.940602,40.35443
200,1,941,7.136685,146.0925
86,1,755,7.048884,134.3705
144,1,478,0.8566655,86.40014
310,1,253,5.424102,41.67034
93,1,3091,17.77008,580.1284
311,1,188,4.943602,37.40305
201,1,397,6.380894,70.9547
145,1,428,6.371594,84.39946
312,1,248,4.8244,41.7487
94,1,454,5.863797,86.49023
202,1,263,4.9211,41.70636
313,1,198,4.940602,40.20316
87,1,725,7.28249,135.2189
37,1,1429,9.969561,268.175
314,1,251,4.9247,41.4551
203,1,323,4.759299,44.50322
95,1,436,6.369195,85.87643
315,1,256,4.9232,42.05017
38,0,515,2.673587,105.1646
39,0,0,0,0
204,1,458,6.046995,79.69497
316,1,249,4.9253,41.25509
283,1,5624,29.81176,923.9118
75,1,5667,31.56829,1053.623
88,0,856,3.828782,178.8824
317,1,182,4.945402,36.79833
96,1,579,5.4113,89.14548
205,1,217,4.829503,40.92947
146,1,1290,8.012374,235.5297
284,1,286,4.9142,43.76421
318,1,295,4.781499,42.61876
285,1,176,4.947202,36.78073
206,1,401,6.879692,72.95425
319,1,246,4.9262,41.45512
147,1,433,6.370094,86.40288
286,1,214,4.831002,42.59768
207,1,204,4.838802,40.98067
89,1,694,7.791788,138.1483
320,1,248,4.9256,41.24202
148,1,399,6.380295,80.12035
321,1,188,4.943602,38.3545
90,1,626,7.812187,125.9537
76,1,1409,10.0774,251.4003
149,1,414,6.375795,83.00306
97,1,1596,11.91471,281.4628
208,1,1138,6.751381,199.0515
150,1,435,6.753292,83.10262
322,1,878,6.236593,154.7041
98,0,273,1.445401,66.30415
99,0,0,0,0
99,0,0,0,0
99,0,0,0,0
209,1,254,4.791401,41.6065
77,1,702,7.289391,129.8559
323,1,251,4.9247,41.25513
91,1,805,6.947086,136.3958
41,1,5610,24.90401,963.9467
39,0,2539,13.36983,498.9861
151,1,506,6.228995,91.4536
324,1,412,4.678598,49.58052
210,1,696,7.791183,129.949
325,1,205,4.938502,40.59835
152,1,416,6.77519,82.36655
78,1,694,6.691193,129.8537
326,1,202,4.939402,41.15444
211,1,215,5.231899,42.92295
255,1,6869,38.43902,1240.361
57,0,7728,28.45308,1450.123
58,0,0,0,0
58,0,0,0,0
58,0,0,0,0
327,1,183,4.945102,37.35455
74,0,6018,34.05614,1142.842
153,1,405,6.378495,81.35336
212,1,217,4.827702,40.71901
256,1,189,4.943302,38.40279
92,1,1113,10.16614,205.6542
213,1,203,4.939102,39.2854
328,1,266,4.9202,42.05511
79,1,700,6.789992,129.9952
329,1,246,4.9262,41.25515
154,1,529,5.711299,86.78819
214,1,450,6.263794,76.11487
330,1,299,4.781499,42.56445
52,0,769,3.846183,158.5533
215,1,230,5.431,47.09569
80,1,637,7.808887,126.5903
331,1,208,4.937602,41.95445
42,0,1984,12.98092,381.1129
216,1,290,4.913,43.31838
332,1,250,4.925,41.45509
217,1,202,4.939402,41.15445
333,1,253,4.9241,41.25513
93,0,1399,7.720361,284.6685
81,1,690,7.292986,131.4925
334,1,252,4.8244,41.49644
218,1,469,5.946096,81.61945
94,0,407,1.918595,92.58827
219,1,250,4.925,41.25494
95,0,411,1.917794,95.2186
220,1,218,4.834599,40.89229
64,1,5400,29.87913,1003.08
221,1,196,4.941202,39.80273
96,0,270,1.446,66.69006
82,1,946,8.216182,172.8677
222,1,193,4.942102,39.20304
335,1,1034,8.585026,176.6992
223,1,234,4.724999,41.13724
336,1,212,5.436399,42.46306
97,0,545,3.39099,121.0886
224,1,252,4.9244,41.45505
337,1,256,4.9232,42.51517
83,1,661,7.201688,132.6028
225,1,250,4.925,41.45514
338,1,280,4.916,43.2537
287,1,6196,27.14026,1054.831
226,1,256,4.8232,41.24702
339,1,235,4.9295,41.94932
53,0,2960,16.90773,560.5079
98,1,670,7.798986,133.083
288,1,219,4.9343,41.46782
227,1,222,5.433402,45.2216
340,1,192,4.842402,39.18438
84,1,687,6.989091,126.7209
289,1,196,4.941202,39.95433
290,1,215,4.935502,39.35436
65,1,1977,12.28478,355.3792
341,1,555,5.83349,98.27484
155,1,3972,27.30778,739.1776
99,1,713,6.685492,130.4723
291,1,227,4.931902,41.83585
75,0,4588,23.87725,828.7881
85,1,732,7.280386,132.3727
342,1,193,4.942102,37.14937
292,1,239,4.928303,41.82272
343,1,249,4.9253,41.25511
293,1,194,4.841802,38.20145
344,1,194,4.837602,38.64914
294,1,204,4.834602,40.13515
100,1,697,7.290891,127.2761
295,1,188,4.943602,38.20303
345,1,205,5.438498,40.8031
86,1,748,7.173184,139.0206
66,1,1111,9.044524,197.9689
296,1,185,4.944502,37.60319
156,1,1145,9.556576,212.2924
346,1,416,5.770995,74.18463
297,1,253,4.9241,41.2549
76,0,1237,7.628722,247.471
298,1,188,4.943602,36.60307
347,1,251,5.424699,45.63152
101,1,866,8.531811,165.6362
87,1,693,8.164479,129.0488
43,1,5155,35.3895,959.9713
299,1,219,4.8337,40.83267
67,1,871,8.538708,160.9938
157,1,709,7.787283,136.8239
300,1,190,4.943002,38.75448
40,1,7207,47.33162,1350.571
102,1,638,8.086999,121.9467
44,1,677,7.577089,127.7455
88,1,746,7.665982,133.9441
68,1,718,6.855786,129.9491
158,1,1008,8.197601,178.4264
103,1,697,7.290886,131.6325
58,0,7663,26.46627,1471.171
59,0,0,0,0
59,0,0,0,0
59,0,0,0,0
89,1,711,7.28669,132.685
69,1,658,7.202586,128.2918
301,1,1358,7.986001,214.3291
348,1,1780,10.46612,312.7416
159,1,545,5.728099,87.49483
302,1,205,4.836702,41.07615
349,1,252,4.9244,41.25512
303,1,206,4.938202,41.09406
350,1,209,4.937303,41.60311
257,1,8244,40.02773,1346.201
304,1,198,4.940602,40.20305
160,1,433,6.370095,86.23366
90,1,866,8.740203,162.4981
258,1,194,4.941802,39.55448
70,1,724,7.28279,132.4376
351,1,260,4.803999,42.21901
45,1,1835,11.75909,294.482
259,1,258,4.9226,41.45504
352,1,267,4.690501,44.55157
161,1,488,6.248198,87.21076
260,1,184,4.944802,37.5545
353,1,186,4.944202,37.80307
46,0,285,1.443001,66.7445
91,1,643,7.807087,127.5333
261,1,263,4.9211,41.84167
354,1,200,4.940002,39.99837
71,1,757,7.532079,135.1467
47,0,237,1.452601,60.21004
162,1,399,6.177896,79.61083
355,1,205,4.838502,41.91642
262,1,255,4.9235,41.92565
48,0,225,1.454999,58.21051
356,1,204,4.836402,41.47095
263,1,196,4.841202,39.98953
49,0,238,1.952399,60.44803
163,1,469,6.137094,85.20005
92,1,643,7.307087,125.332
264,1,204,4.9388,40.92118
72,1,698,7.290591,130.4792
164,1,472,6.358393,93.38037
50,0,516,2.396791,112.6606
73,0,369,1.926199,78.92415
74,0,0,0,0
93,1,694,7.077386,130.1783
51,0,240,0.9520032,59.65657
41,1,4200,26.23946,780.8397
305,0,2248,10.55035,395.4757
306,0,0,0,0
306,0,0,0,0
165,1,453,6.743086,81.9285
59,0,3202,9.359669,612.7512
60,0,0,0,0
60,0,0,0,0
60,0,0,0,0
228,1,6956,33.49627,1153.407
52,0,460,1.907993,98.96808
74,1,721,6.783692,134.7328
166,1,424,6.269195,82.56949
229,1,190,4.943002,38.75402
230,1,184,4.944802,37.55442
42,1,713,7.786085,138.9377
94,1,974,9.207829,183.1625
167,1,475,5.857498,84.22605
75,1,722,7.368989,134.5775
231,1,537,6.338892,96.52158
53,0,984,6.303268,193.2238
43,1,629,7.311288,126.1442
104,1,4660,28.10127,895.7551
54,0,240,0.9520033,60.71403
232,1,420,6.773993,75.41643
306,0,1745,3.65097,327.3025
307,0,0,0,0
307,0,0,0,0
55,0,223,0.9554027,58.23997
233,1,194,4.941802,39.403
307,1,210,2.936993,42.15637
357,1,2975,16.10734,521.8073
44,1,654,7.701388,129.6086
234,1,203,5.339098,40.8409
56,0,310,1.438001,70.6908
358,1,188,4.943602,38.20308
76,1,1025,8.391913,179.7964
105,1,713,7.286085,135.6081
95,1,1387,11.084,254.6621
308,1,247,4.9259,41.25481
235,1,198,4.835202,38.93986
168,1,1288,10.5089,237.4751
57,0,233,1.953399,59.43577
359,1,209,4.937303,41.98611
236,1,193,4.942102,39.35445
77,1,7238,42.63808,1347.5
96,0,278,1.444401,64.65776
97,0,0,0,0
58,0,223,1.455399,57.77966
360,1,205,4.938502,41.35431
237,1,185,4.944502,37.60324
45,1,646,7.306187,129.6568
309,1,476,5.548797,82.43073
169,1,467,5.8599,85.25517
97,0,222,0.4555987,57.65255
98,0,0,0,0
59,0,233,1.453399,59.63301
238,1,181,4.945702,36.95458
361,0,277,1.4446,66.86996
362,0,0,0,0
362,0,0,0,0
310,1,183,4.945102,37.20317
98,0,224,0.4551986,58.41404
99,0,0,0,0
77,1,850,6.520984,135.1247
106,1,836,9.249233,157.4478
311,1,186,4.944202,37.95435
362,0,240,-0.04800515,60.98429
363,0,0,0,0
363,0,0,0,0
78,1,633,7.710088,127.2094
99,0,230,0.4539989,59.1786
100,0,0,0,0
239,1,408,6.377594,75.00302
170,0,504,2.799196,110.0755
171,0,0,0,0
171,0,0,0,0
171,0,0,0,0
312,1,186,4.944202,37.76734
46,1,668,7.197787,127.9761
240,1,192,5.942398,39.00283
313,1,263,5.4211,49.29763
55,0,296,1.940799,68.3475
241,1,196,4.941202,39.4026
363,0,518,0.896397,109.797
364,0,0,0,0
364,0,0,0,0
100,0,509,2.398196,111.2709
101,0,0,0,0
265,1,4448,24.66505,747.4177
60,1,926,8.616804,166.3331
314,1,191,4.942702,38.80298
107,1,666,7.698387,131.8553
56,0,253,1.949399,62.98404
100,1,5651,36.80414,993.3532
60,0,3630,11.77401,690.7631
61,0,0,0,0
61,0,0,0,0
61,0,0,0,0
364,0,233,-0.546604,59.8874
365,0,0,0,0
365,0,0,0,0
242,0,281,1.4438,66.49081
243,0,0,0,0
243,0,0,0,0
243,0,0,0,0
243,0,0,0,0
266,1,197,5.340898,39.9038
315,1,203,4.939102,40.55442
47,1,653,7.102291,129.2648
365,0,225,-0.545004,58.48809
366,0,0,0,0
366,0,0,0,0
243,0,222,-3.044391,58.10757
244,0,0,0,0
244,0,0,0,0
244,0,0,0,0
244,0,0,0,0
316,1,194,4.941802,39.403
267,1,218,4.934603,43.10981
78,1,1099,10.17039,206.6086
101,0,597,3.380591,130.5436
102,0,0,0,0
268,1,190,4.943002,38.60309
244,0,218,-3.043591,56.9873
245,0,0,0,0
245,0,0,0,0
245,0,0,0,0
245,0,0,0,0
101,1,507,5.747897,87.11745
317,0,287,1.942601,66.83331
318,0,0,0,0
318,0,0,0,0
79,0,1360,6.728095,275.3061
269,1,190,4.943002,38.60324
61,0,798,4.226591,153.6742
171,1,1316,5.99978,248.3257
245,0,231,-2.046191,58.94749
246,0,0,0,0
246,0,0,0,0
246,0,0,0,0
246,0,0,0,0
102,0,294,0.4411988,67.0612
103,0,0,0,0
318,0,226,-0.545204,58.31738
319,0,0,0,0
319,0,0,0,0
270,1,214,4.935802,43.26094
366,0,677,0.5925952,122.2877
367,0,0,0,0
367,0,0,0,0
103,0,225,0.454999,58.39039
104,0,0,0,0
246,0,282,-2.556393,64.80158
247,0,0,0,0
247,0,0,0,0
247,0,0,0,0
247,0,0,0,0
108,1,1117,9.727195,199.0411
319,0,239,-0.04780509,60.56227
320,0,0,0,0
320,0,0,0,0
367,0,230,-1.046008,59.4566
368,0,0,0,0
368,0,0,0,0
172,1,478,6.152995,93.23911
104,0,221,-0.04420119,57.46324
105,0,0,0,0
247,0,232,-2.046392,59.59763
248,0,0,0,0
248,0,0,0,0
248,0,0,0,0
248,0,0,0,0
102,1,761,7.771686,130.982
271,1,438,6.158995,79.01961
368,0,231,-0.04620482,59.81353
369,0,0,0,0
369,0,0,0,0
57,1,1442,12.06749,276.3134
62,1,741,7.777684,142.2825
105,0,228,0.4543989,58.30789
106,0,0,0,0
80,1,782,7.765384,150.6069
248,0,226,-2.045191,58.31065
249,0,0,0,0
249,0,0,0,0
249,0,0,0,0
249,0,0,0,0
320,0,456,1.408795,99.58618
321,0,0,0,0
321,0,0,0,0
272,1,256,5.423199,45.60893
369,1,241,2.927692,44.6293
173,1,473,6.143694,89.12093
249,1,240,0.928008,43.80031
321,0,229,-0.04580482,58.93742
322,0,0,0,0
322,0,0,0,0
103,1,489,6.752091,89.91198
273,1,248,4.9256,41.18757
370,1,246,5.426202,41.25512
250,1,194,4.941802,39.25386
106,0,513,2.897395,110.9908
107,0,0,0,0
322,0,230,-0.5460038,58.66531
323,0,0,0,0
323,0,0,0,0
48,0,1858,8.31712,356.8664
49,0,0,0,0
274,1,201,4.839702,39.20357
58,1,681,7.295687,135.1013
251,1,191,4.942702,38.80278
174,1,455,6.258697,86.24155
371,1,257,4.9229,43.07014
104,1,419,6.374295,84.05472
323,0,228,-0.5456038,58.6849
324,0,0,0,0
324,0,0,0,0
275,1,208,4.835202,40.16453
252,1,179,4.946302,36.55428
109,1,1332,9.000411,241.4642
372,1,206,4.837002,42.2318
324,0,232,-0.5464039,59.70285
325,0,0,0,0
325,0,0,0,0
276,1,205,4.938502,41.23113
253,1,193,4.942102,39.20303
373,1,210,4.937,41.92431
175,1,518,5.315796,86.76602
325,0,234,-0.04680473,60.00362
326,0,0,0,0
326,0,0,0,0
105,1,470,5.858998,84.6553
254,1,201,5.439698,40.66942
277,1,232,4.930403,45.97581
49,1,669,6.696891,128.4505
107,0,755,4.348998,156.3354
108,0,0,0,0
59,1,703,7.465684,128.5426
374,1,226,4.932202,42.89032
278,1,206,4.832802,40.67681
255,1,301,4.784499,42.15269
375,1,256,4.9232,42.92542
279,1,194,4.839402,39.70802
110,0,744,4.248793,156.7619
106,1,467,6.235889,85.95731
176,1,487,6.149096,92.05292
256,1,202,4.939402,40.75384
280,1,195,4.941502,39.20287
376,0,266,1.9468,65.69125
377,0,0,0,0
377,0,0,0,0
326,0,678,2.864388,140.8521
327,0,0,0,0
327,0,0,0,0
257,1,205,4.9385,40.6679
60,1,605,7.818488,121.1985
281,1,209,4.937303,41.75401
377,1,215,2.935493,42.07978
107,1,427,6.166494,83.25241
177,1,462,5.861398,83.85511
258,1,248,4.9256,41.25494
282,1,218,4.934603,40.64486
378,1,249,4.9253,41.45514
111,1,692,7.191185,134.7113
327,0,467,1.906594,102.8179
328,0,0,0,0
328,0,0,0,0
178,0,233,0.9534029,60.02431
179,0,0,0,0
179,0,0,0,0
179,0,0,0,0
259,1,199,4.940302,40.9907
108,0,1183,6.763464,238.8924
109,0,0,0,0
283,1,269,4.9193,45.22145
108,1,460,5.861998,83.05495
328,0,221,-1.044207,58.0872
329,0,0,0,0
329,0,0,0,0
61,1,634,7.809787,125.7646
260,1,203,4.9391,40.51618
109,0,290,0.9419999,67.57678
110,0,0,0,0
284,1,253,4.9241,42.28534
329,0,232,-0.04640498,59.65786
330,0,0,0,0
330,0,0,0,0
261,1,246,4.9262,41.25477
179,0,503,0.3993907,105.8183
180,0,0,0,0
180,0,0,0,0
180,0,0,0,0
110,0,236,0.9528003,59.88481
111,0,0,0,0
112,1,659,7.302287,130.011
285,1,249,4.9253,41.45507
262,1,202,4.939402,41.00296
330,0,228,-0.5456039,59.56756
331,0,0,0,0
331,0,0,0,0
50,0,1838,7.822351,354.6631
62,1,665,7.595687,128.5657
111,0,284,0.4431987,65.97304
112,0,0,0,0
331,0,232,-1.046408,59.40935
332,0,0,0,0
332,0,0,0,0
286,1,251,4.9247,42.07719
263,1,247,5.425902,41.45493
81,1,3288,20.05757,601.7523
180,1,429,3.871291,83.57677
287,1,196,4.941202,39.80302
112,0,226,-0.04520106,57.90942
113,0,0,0,0
264,1,197,4.940902,40.15377
113,1,658,6.802592,128.1031
288,1,201,4.939702,40.65397
332,0,451,0.4097905,99.62373
333,0,0,0,0
333,0,0,0,0
265,1,256,4.923202,46.3013
181,1,446,6.366195,88.90215
289,1,252,5.323203,42.91747
333,0,232,-1.046408,58.63152
334,0,0,0,0
334,0,0,0,0
266,1,246,4.9262,41.25479
82,1,693,7.086685,135.1802
113,0,516,1.896794,106.8828
182,1,408,6.377595,82.20386
114,0,232,1.4536,59.37176
115,0,0,0,0
267,1,249,4.9253,41.45516
290,1,322,4.903399,46.78848
114,1,676,7.297192,126.2548
334,1,478,3.85659,84.58452
291,1,209,4.937303,42.10436
379,1,2189,14.84326,368.3624
292,1,198,5.940598,40.20317
268,1,446,5.866198,78.12354
335,1,248,4.9256,41.25492
51,0,1620,7.069496,310.9847
52,0,0,0,0
380,1,190,4.943002,38.75444
269,1,210,4.937002,42.30053
381,1,190,4.943002,38.35047
293,1,249,4.9253,41.45507
336,1,250,4.925,41.25483
115,1,698,6.790593,129.2122
382,1,191,4.942702,38.95443
81,0,9262,60.15382,1842.879
294,1,202,4.939402,40.75396
79,1,6267,41.40475,1185.045
270,1,255,4.8235,41.47484
337,1,240,4.928003,43.09654
183,1,1027,7.691879,187.5376
61,1,6675,26.49667,1235.44
383,1,214,4.9358,41.05513
295,1,251,4.9247,41.25505
338,1,208,4.937602,42.20296
271,1,254,4.9238,41.52157
384,1,202,4.939402,41.15446
63,1,5545,34.7355,1045.41
296,1,192,4.942402,39.003
272,1,191,4.841502,38.78732
339,1,248,4.9256,41.25488
184,0,485,2.782589,106.7057
185,0,0,0,0
185,0,0,0,0
185,0,0,0,0
116,1,661,7.20109,128.806
385,1,200,4.940002,40.75443
297,1,227,5.431899,46.1926
273,1,200,5.439998,40.56756
386,1,212,4.936402,42.43894
340,1,298,4.782999,42.40461
62,1,693,7.676484,131.9633
274,1,184,4.944802,37.15432
298,1,251,4.800699,40.93977
341,1,214,4.831003,39.82644
185,1,461,3.15869,92.92773
387,0,230,0.9540029,58.56181
388,0,0,0,0
388,0,0,0,0
275,1,184,4.944802,37.55421
115,1,1939,14.9183,365.2025
299,1,248,4.9256,41.25513
117,0,604,3.379188,130.9174
342,1,184,5.444798,37.21094
388,1,206,2.938193,41.39363
276,1,210,5.437003,41.17305
300,1,198,4.940602,40.20306
64,0,1018,5.796439,210.4981
186,1,409,6.377295,82.5538
63,1,711,7.286691,133.3124
301,1,256,4.9232,41.73454
343,1,462,5.954793,82.19016
118,0,564,2.88719,125.0013
116,1,709,7.16329,131.016
277,1,532,6.340392,95.30828
302,1,243,4.806704,44.49414
344,1,251,4.9247,41.05488
389,1,753,8.274107,142.0067
278,1,257,4.9229,41.60758
303,0,227,1.454599,58.82944
304,0,0,0,0
304,0,0,0,0
304,0,0,0,0
304,0,0,0,0
345,1,254,4.8214,41.61892
64,1,691,6.792693,130.0764
390,1,275,5.4175,51.65404
279,1,246,4.9262,41.25483
304,1,201,1.439709,40.4891
346,1,212,4.936402,42.21394
117,1,696,7.29119,126.9075
391,1,196,4.941202,39.55443
119,1,724,7.580385,134.1447
280,1,203,4.939102,40.40299
305,1,252,4.924402,44.29245
347,1,214,4.835802,42.00368
392,1,196,4.941202,39.95441
281,1,235,5.429499,44.70063
306,1,206,4.837602,41.54839
348,1,196,4.941202,39.81433
393,1,196,4.840002,39.57715
282,1,249,4.9253,41.9932
349,1,191,4.942702,38.19115
307,1,248,4.8256,41.08544
394,1,207,4.836702,42.61902
118,1,709,6.978885,126.4566
350,1,206,4.837602,41.41036
308,0,225,0.9550027,57.70356
309,0,0,0,0
309,0,0,0,0
309,0,0,0,0
309,0,0,0,0
283,1,249,4.9253,41.25492
120,1,770,6.66839,139.4967
395,1,214,4.831003,40.9242
82,1,3386,24.98377,667.2684
351,1,190,4.943002,38.45393
309,1,206,0.9382097,41.13817
284,1,277,4.9169,42.40456
396,1,232,4.930402,47.22468
352,1,208,4.937602,38.47092
310,1,275,4.9175,42.4551
397,1,250,4.925,41.25515
119,1,701,7.18729,130.2646
311,1,193,4.942102,39.35399
398,1,193,4.942102,39.35445
83,1,710,7.185787,131.2403
312,1,207,5.233102,40.89879
121,0,884,4.767987,159.2857
399,1,193,5.442098,39.35447
313,1,191,4.942702,39.39365
400,1,252,4.924402,49.92874
120,1,625,7.312488,125.6059
314,1,221,4.933702,42.5693
84,0,524,3.895189,111.0445
401,1,237,5.428899,47.28608
285,1,1165,8.150496,198.8559
122,1,710,6.873786,139.636
286,1,196,4.941202,39.80266
52,0,5284,24.81472,1000.874
402,1,293,4.683301,50.20733
65,1,2698,15.95863,465.6214
403,1,185,4.944502,37.60302
287,1,258,4.822,41.25832
121,1,645,7.806487,130.3113
404,1,189,4.943302,38.55446
288,1,194,4.941802,39.40304
83,1,6505,41.89473,1224.223
53,0,553,2.88939,122.4159
289,1,192,4.942402,39.00258
405,1,282,4.9154,42.25796
290,1,197,4.840902,39.63478
85,0,1193,5.261446,223.6004
122,1,749,7.562086,131.4523
291,1,200,5.338802,40.11543
406,1,398,6.380594,73.55465
84,1,705,7.788484,134.4241
292,1,189,4.943302,38.5543
407,1,186,4.944202,37.80307
293,1,192,4.942402,39.0029
80,0,6325,33.23404,1204.765
81,0,0,0,0
408,1,199,4.940302,40.00309
54,0,979,6.198862,200.061
294,1,250,4.925,41.25504
85,1,657,7.701687,126.2853
295,1,248,4.9256,41.25483
296,1,230,4.931003,43.57719
297,1,249,4.9253,41.45519
86,1,743,7.05729,131.0575
298,1,282,4.672801,43.84694
66,1,2648,18.70539,500.497
86,1,1896,14.43123,353.9354
299,1,180,4.946002,36.75417
300,1,221,4.721099,41.05257
123,1,3140,17.30625,566.4551
123,1,2169,13.22178,393.7007
301,1,193,4.942102,39.42572
87,1,676,7.181583,129.8913
87,1,621,7.813688,124.155
302,1,186,4.944202,37.9541
124,0,490,2.901991,102.9473
303,1,195,4.941502,39.75452
67,1,1140,9.244265,200.2622
304,1,213,5.436102,41.77331
88,1,773,7.062685,132.4881
305,1,219,4.934302,39.83286
306,1,187,4.943902,38.00306
88,1,881,8.735704,164.0024
68,1,643,7.704687,126.4172
307,1,279,5.416303,41.78869
125,1,947,8.715916,172.9997
124,1,1509,9.942559,280.8271
308,1,258,4.716003,44.78045
187,1,8492,35.95111,1539.783
315,1,5446,36.86575,995.5383
69,1,695,7.189691,129.3657
309,1,415,5.8755,76.80317
125,1,605,7.716088,120.354
316,1,267,4.9199,42.13575
310,1,209,5.437298,42.15443
188,1,461,5.861698,83.85577
317,1,202,4.939402,40.60278
56,0,4361,22.77425,800.7381
311,1,256,5.323202,41.4294
126,1,1144,9.65685,213.3124
89,1,1641,10.40241,290.0137
409,1,4240,25.72734,760.7607
318,1,211,4.936703,41.53168
189,0,300,1.939999,72.00701
190,0,0,0,0
190,0,0,0,0
190,0,0,0,0
190,0,0,0,0
190,0,0,0,0
312,1,196,5.441202,39.40299
410,1,180,5.445998,36.53586
89,0,1599,9.549649,311.6245
319,1,199,4.940302,39.75409
353,1,7366,35.289,1286.769
313,1,220,4.934002,42.42162
320,1,258,4.9226,41.25508
190,1,485,1.043139,83.37384
90,1,625,7.812488,125.782
411,1,409,6.377294,75.35461
354,1,306,4.781799,42.66842
321,1,199,4.940302,40.00269
314,1,329,5.901297,61.38229
70,0,1254,5.435432,236.0339
71,0,0,0,0
71,0,0,0,0
71,0,0,0,0
412,1,220,5.433999,43.83254
90,1,639,7.808288,127.7549
355,1,230,4.931002,46.20353
322,1,252,4.9244,41.45508
315,1,258,4.9226,42.14355
110,1,4150,23.25447,793.4812
413,1,193,4.942102,38.61123
191,1,476,5.857198,84.79271
316,1,185,4.944502,37.75454
356,1,303,4.9091,58.5587
91,1,637,7.808889,126.4218
414,1,291,4.9127,42.40129
357,1,219,4.934302,38.95432
71,1,709,4.083686,138.4197
91,1,634,7.809783,127.3188
317,1,347,4.8959,61.26874
111,1,486,5.8542,87.65775
192,1,452,6.255994,89.31468
415,1,232,4.930402,40.60292
358,1,225,4.932502,44.52686
318,1,186,4.944202,37.95418
416,1,199,4.940302,40.40309
359,1,185,4.944502,37.75437
127,1,1888,14.21982,354.8038
319,1,192,4.840602,37.61947
92,1,656,7.303187,131.0158
417,1,205,4.938502,40.95448
112,1,447,6.365895,88.28316
193,1,473,6.358093,90.60859
360,1,203,5.439102,41.20305
320,1,232,4.9304,43.55055
418,1,198,4.940602,40.35447
92,1,682,7.795385,133.9375
361,1,198,4.940602,39.95451
72,1,817,7.236279,135.3282
321,1,217,4.826502,39.58107
113,1,413,6.376095,83.20229
419,1,248,4.9256,41.25514
362,1,194,4.941802,39.55437
194,1,474,5.857798,86.25483
128,1,673,7.696888,131.0219
322,1,214,4.9358,41.61195
55,0,6738,32.70271,1230.383
56,0,0,0,0
93,1,688,6.793592,129.6554
363,1,231,5.430699,44.96484
420,1,285,4.914503,53.82171
323,1,234,4.9298,41.89813
56,0,271,0.4457992,65.59237
57,0,0,0,0
364,1,213,4.936102,41.37093
421,1,208,4.937603,41.72293
195,1,492,5.852397,87.05563
126,0,3392,20.82117,647.7149
127,0,0,0,0
73,1,755,7.27349,133.9968
324,1,248,4.9256,41.255
114,1,668,7.29959,123.5699
365,1,189,4.943302,38.55442
422,1,215,4.935502,43.26767
366,1,188,4.943602,38.20305
325,1,242,4.811202,41.93658
423,1,190,4.943002,38.6031
94,1,759,8.666309,145.7814
196,1,450,6.255394,85.52317
326,1,195,4.941502,39.60266
367,1,239,4.822303,41.39311
424,1,248,5.425602,41.25513
115,1,558,5.600799,87.86809
327,1,213,4.836102,40.23615
74,1,686,6.794192,128.4558
368,1,249,4.9253,41.25485
425,1,216,4.935202,40.46579
369,1,197,4.940902,40.00309
197,1,602,8.218204,114.1643
426,1,267,4.9199,43.0667
370,1,196,5.441198,39.95434
57,0,4343,25.79528,778.3253
58,0,0,0,0
427,1,236,4.929202,44.66085
371,1,285,5.082099,43.52793
75,1,754,7.168984,132.0033
428,1,202,4.939403,40.71379
198,1,459,6.362295,91.29424
95,0,1140,7.272091,218.4037
96,0,0,0,0
372,1,219,4.616303,42.32257
96,0,291,0.9418001,68.45924
97,0,0,0,0
373,1,249,5.425302,41.25488
199,1,493,5.852098,86.51595
93,1,2860,16.31425,526.0062
374,1,205,5.438502,40.9482
328,1,1485,10.55462,243.5611
76,1,741,6.648892,129.6187
375,1,247,4.9259,41.25492
329,1,210,4.937002,42.35443
97,0,645,2.37099,134.5944
98,0,0,0,0
200,1,471,6.358695,84.2626
376,1,246,4.926202,46.64752
98,0,227,0.4545989,59.57008
99,0,0,0,0
94,1,636,7.809187,127.6887
77,0,540,2.89199,119.0073
377,1,215,4.935502,38.80301
330,1,557,5.832901,96.99702
99,0,283,0.443399,68.02654
100,0,0,0,0
378,1,178,4.946602,36.35451
129,1,3473,17.4357,642.6643
100,0,221,0.4557988,58.2333
101,0,0,0,0
331,1,245,4.8241,41.26801
78,0,493,2.901392,111.5478
379,0,284,1.443201,65.44398
380,0,0,0,0
380,0,0,0,0
95,1,712,6.786392,132.1304
332,1,249,4.9253,41.25504
101,0,286,0.9427999,68.19964
102,0,0,0,0
380,0,248,-0.04960538,61.33764
381,0,0,0,0
381,0,0,0,0
333,1,223,4.933102,44.88102
201,1,1263,12.01997,230.7285
130,1,691,7.590886,130.6708
381,1,243,3.427092,45.15623
102,0,503,1.399394,107.5066
103,0,0,0,0
382,1,194,4.941802,39.40301
334,1,425,6.563491,75.60418
383,1,225,4.932502,40.93843
202,1,492,6.352394,87.26299
103,0,289,0.4421985,66.78437
104,0,0,0,0
323,1,6292,35.61141,1072.005
335,1,199,4.940302,40.40254
82,1,1597,11.52103,288.1108
384,1,190,4.943002,38.7545
324,1,185,4.944502,37.75425
336,1,223,4.933103,44.12315
203,1,396,6.381196,79.95436
385,1,249,5.425302,41.25498
79,1,1426,11.61769,259.0373
325,1,235,4.929503,43.69729
337,1,205,4.736702,41.53028
104,0,505,1.898994,107.2377
105,0,0,0,0
386,1,214,4.935802,42.22929
96,1,1505,10.9474,276.0994
338,1,198,4.940602,40.35454
83,1,682,6.795393,127.1644
387,1,248,4.9256,41.25492
204,1,495,5.851499,86.95298
105,0,368,1.426401,86.92471
106,0,0,0,0
339,1,255,5.423502,42.20387
66,1,7362,45.67708,1411.597
388,1,194,4.941802,39.40293
84,0,247,1.450599,62.15274
85,0,0,0,0
340,1,191,4.942702,38.80264
80,1,692,7.792388,130.1802
389,1,198,4.940602,40.203
131,1,1782,12.46551,354.8973
205,1,444,5.866798,88.48387
341,1,203,4.939102,40.55406
97,1,719,7.577687,132.9435
390,1,241,4.927702,43.84554
342,1,248,4.9256,41.25502
391,1,247,4.9259,41.25486
343,1,188,4.943602,38.20265
57,0,6211,27.12255,1144.35
58,0,0,0,0
344,1,193,4.942102,39.20309
106,0,1077,5.080428,214.5357
107,0,0,0,0
392,1,263,4.9211,42.1006
98,1,725,7.28249,134.4965
345,1,185,4.944502,37.75456
346,1,259,4.9223,41.93799
393,1,428,5.769195,73.90339
85,0,1390,7.222092,271.4599
86,0,0,0,0
394,1,206,4.9382,41.03203
395,1,185,4.944502,37.75437
99,1,798,7.158184,144.1115
107,0,1081,4.683818,219.2831
108,0,0,0,0
108,0,225,-0.04500094,58.68763
109,0,0,0,0
326,1,2950,17.61481,510.7312
100,1,612,7.316388,123.0054
206,1,2452,15.76432,473.554
109,0,562,2.38759,120.1601
110,0,0,0,0
327,1,774,7.767779,141.4461
81,1,3053,21.25011,585.5057
101,1,723,6.783092,129.4554
110,0,512,0.8976008,111.1174
111,0,0,0,0
328,0,273,1.945396,66.18466
329,0,0,0,0
329,0,0,0,0
329,0,0,0,0
329,0,0,0,0
347,1,2275,12.31763,388.9874
82,0,545,2.890992,110.0455
83,0,0,0,0
83,0,0,0,0
83,0,0,0,0
207,1,1067,8.479914,186.9645
102,1,646,7.806188,126.8196
111,0,587,2.382594,120.5022
112,0,0,0,0
348,0,276,1.444801,64.3968
349,0,0,0,0
349,0,0,0,0
349,0,0,0,0
349,0,0,0,0
329,0,512,-1.602401,108.4842
330,0,0,0,0
330,0,0,0,0
330,0,0,0,0
330,0,0,0,0
349,0,226,-3.045191,57.72112
350,0,0,0,0
350,0,0,0,0
350,0,0,0,0
350,0,0,0,0
112,0,279,-0.05580098,66.16225
113,0,0,0,0
86,1,2835,19.14926,516.9897
208,1,488,5.8536,86.83823
350,0,218,-2.543591,57.03434
351,0,0,0,0
351,0,0,0,0
351,0,0,0,0
351,0,0,0,0
113,0,223,-0.04460097,58.64027
114,0,0,0,0
330,0,512,-1.102401,107.9551
331,0,0,0,0
331,0,0,0,0
331,0,0,0,0
331,0,0,0,0
103,0,615,3.763186,128.2395
351,0,228,-3.045592,59.18595
352,0,0,0,0
352,0,0,0,0
352,0,0,0,0
352,0,0,0,0
209,0,369,1.926197,85.50127
210,0,0,0,0
210,0,0,0,0
210,0,0,0,0
210,0,0,0,0
210,0,0,0,0
331,0,229,-2.045792,58.72987
332,0,0,0,0
332,0,0,0,0
332,0,0,0,0
332,0,0,0,0
58,0,3890,16.70608,736.9578
352,0,223,-2.544591,58.56644
353,0,0,0,0
353,0,0,0,0
353,0,0,0,0
353,0,0,0,0
332,1,235,0.9295084,44.41311
114,0,582,2.883595,119.2839
115,0,0,0,0
104,1,626,7.812188,125.1375
210,1,451,1.263537,87.3662
333,1,248,5.425602,41.25507
115,0,278,0.9444001,67.89682
116,0,0,0,0
353,0,513,-1.1026,107.3443
354,0,0,0,0
354,0,0,0,0
354,0,0,0,0
354,0,0,0,0
334,1,212,4.733402,42.34442
58,0,9421,54.20134,1742.517
59,0,0,0,0
116,0,226,0.9548001,58.62609
117,0,0,0,0
354,0,220,-2.543991,57.5709
355,0,0,0,0
355,0,0,0,0
355,0,0,0,0
355,0,0,0,0
335,1,201,4.9397,39.97844
211,1,519,6.244293,92.03751
83,0,1988,6.898881,375.6985
84,0,0,0,0
84,0,0,0,0
84,0,0,0,0
105,1,648,7.204987,127.6634
117,0,287,0.9425998,66.79869
118,0,0,0,0
355,1,252,0.9244076,43.46777
59,0,1153,7.062278,232.6574
60,0,0,0,0
336,1,290,4.913,43.53986
212,1,411,6.376695,82.80222
60,0,258,0.4483994,62.78135
61,0,0,0,0
84,0,533,-0.2222175,104.4895
85,0,0,0,0
85,0,0,0,0
85,0,0,0,0
337,1,413,5.876099,79.3731
118,0,508,2.398394,110.6631
119,0,0,0,0
356,1,516,6.345193,88.90491
213,1,410,6.376995,82.35582
106,1,717,7.28489,129.2151
357,1,186,5.444198,37.80273
338,1,256,5.423202,41.8595
119,0,287,0.9426001,65.4341
120,0,0,0,0
358,1,193,4.942102,39.20311
339,1,202,4.834002,39.78339
85,0,546,-0.6092154,110.0211
86,0,0,0,0
86,0,0,0,0
86,0,0,0,0
214,1,477,5.7521,85.32355
340,1,213,4.9361,41.39532
359,1,311,5.203103,42.51959
341,1,196,4.941202,39.95443
107,1,747,7.275889,132.4111
215,1,419,6.273695,83.62427
342,1,264,4.9208,41.60247
360,1,505,6.848494,92.28876
343,1,180,4.946002,36.75414
216,1,469,5.8593,85.25501
344,1,232,4.930402,42.62679
345,1,243,4.9271,42.21549
217,1,411,6.376695,82.55045
346,1,219,4.9343,41.67793
361,0,806,4.338793,161.4947
362,0,0,0,0
362,0,0,0,0
362,0,0,0,0
362,0,0,0,0
362,1,189,0.9433097,39.91753
347,1,228,4.831603,41.61441
120,0,2015,9.285695,381.6168
121,0,0,0,0
218,1,399,6.275496,79.47935
363,1,194,4.941802,39.40249
65,0,9493,49.76168,1672.955
364,1,188,4.943602,37.8031
348,1,410,6.376994,73.55459
219,1,465,5.860498,83.1046
396,1,7359,39.29261,1208.703
349,1,234,5.429802,46.73578
365,1,279,5.416301,50.48525
397,1,190,4.943002,38.75435
366,1,231,4.930702,41.35382
350,1,257,4.812699,42.43347
220,1,446,6.265594,86.79831
398,1,250,4.925,41.45498
351,1,191,4.942702,38.80274
367,1,210,4.937002,41.9786
430,0,3467,19.80612,640.0927
431,0,0,0,0
431,0,0,0,0
399,1,187,4.943902,37.7544
352,1,190,4.943002,38.75446
368,1,193,4.942102,39.20307
369,1,198,4.839402,39.4814
353,1,213,4.8361,41.72141
400,1,248,4.925602,44.04115
354,1,230,4.931,41.12891
86,0,3540,14.24858,655.673
87,0,0,0,0
87,0,0,0,0
87,0,0,0,0
355,1,195,4.941502,39.60315
401,1,447,6.052696,79.76585
121,1,1889,12.63038,345.9982
68,1,637,7.808887,128.1915
117,1,5402,25.58769,945.4131
87,0,536,-0.1072152,109.0163
88,0,0,0,0
88,0,0,0,0
88,0,0,0,0
356,1,503,6.349089,94.84151
108,1,3777,25.42799,699.2041
118,0,363,2.427397,85.22619
119,0,0,0,0
119,0,0,0,0
119,0,0,0,0
357,1,200,4.940002,40.60293
122,1,657,7.581883,123.7432
358,1,248,5.425602,41.25507
370,1,1478,11.05674,261.5605
119,1,396,3.381191,79.95416
61,0,5439,25.59636,1003.803
62,0,0,0,0
88,1,699,4.189686,126.4238
371,1,191,4.942702,38.95449
59,0,6268,32.24751,1125.743
359,1,416,5.769794,73.43095
372,1,186,5.444198,37.80273
120,0,382,1.423596,88.00077
121,0,0,0,0
121,0,0,0,0
121,0,0,0,0
121,0,0,0,0
121,0,0,0,0
402,1,1466,11.06033,246.6045
360,1,213,4.936102,39.60303
109,1,1022,7.880188,182.6272
373,1,188,4.943602,38.20265
403,1,249,4.9253,41.25484
361,1,194,4.941802,39.55442
374,1,224,4.932802,44.48628
89,1,751,7.550085,129.6904
121,1,408,1.377633,82.73685
404,1,197,4.940902,40.00319
362,1,269,4.9193,41.25514
405,1,214,4.7352,42.01123
69,1,2031,14.67145,363.6344
123,1,1573,11.32642,273.8623
122,1,441,6.266494,85.86302
363,1,287,4.812099,43.61956
110,1,758,6.66719,133.1811
406,1,203,4.939102,41.19494
364,1,191,4.942702,38.95427
90,1,695,7.69089,127.7959
407,1,189,4.943302,38.40298
365,1,257,4.922903,41.46513
408,1,214,5.435799,43.55446
70,1,614,7.815788,123.1492
124,1,646,8.204985,130.1001
221,1,3866,21.23495,720.4595
409,1,191,5.442702,38.95439
366,1,227,4.822302,41.93497
111,1,732,7.280389,132.7418
62,0,1985,9.29108,380.5547
367,1,199,5.440302,40.40294
410,1,251,4.9247,41.45516
368,1,195,4.840902,39.16553
411,1,194,4.941802,38.7167
222,1,504,6.84879,95.70264
128,1,9209,58.24279,1743.548
369,1,194,4.941802,39.40322
412,1,271,4.9187,42.1759
63,0,622,2.770189,127.3889
370,1,248,4.9256,41.25505
413,1,196,4.941202,39.80318
223,1,413,6.274295,83.31573
91,0,1349,7.730335,272.8053
92,0,0,0,0
371,1,188,4.943602,38.20303
414,1,294,4.9118,43.763
129,1,697,7.790885,135.2223
372,1,248,4.9256,41.25507
64,1,665,7.699886,130.4125
415,1,250,4.925,41.25484
125,1,1526,11.92489,278.054
66,0,6094,29.41837,1054.22
373,1,248,4.9256,41.25507
92,1,751,7.274686,139.2112
416,1,248,4.9256,41.25484
71,0,1860,9.89981,348.974
374,1,190,4.943002,38.90865
123,1,2600,18.2198,474.9155
375,1,248,4.9256,41.25506
130,1,787,7.551283,140.4962
417,1,401,5.668301,73.34062
65,1,755,7.569289,131.3592
376,1,256,4.9232,42.59043
124,1,401,6.379695,80.55347
418,1,253,5.424102,42.70711
375,1,3582,25.42491,630.3196
377,1,216,4.935202,43.40306
93,1,814,7.549785,142.2879
419,1,191,4.942702,38.80296
376,1,195,4.941502,39.60307
378,1,184,4.944802,37.23068
131,1,671,7.493286,133.3333
420,1,196,4.941202,39.95448
112,1,2687,14.69396,517.3969
66,1,634,7.809788,127.2648
125,1,467,5.8599,85.05412
72,0,1134,5.470044,192.3374
379,1,211,4.835502,42.39257
377,1,242,4.927402,47.33926
421,1,215,4.9355,40.99558
380,1,192,4.942402,39.15445
94,1,638,7.708587,121.4746
378,1,261,5.421702,42.63721
422,1,220,4.934002,42.25267
67,0,1760,12.14795,324.082
381,1,252,5.300404,41.08799
126,1,1840,15.32697,347.9439
423,1,208,4.9376,40.72657
126,1,583,5.719695,94.34296
379,1,250,4.925,41.36732
132,1,810,7.156989,146.7254
67,0,744,3.851185,153.7568
113,1,772,7.768385,139.772
424,1,230,4.831,40.97349
382,1,319,5.404298,56.26653
380,1,248,4.9256,41.25485
95,1,607,7.817888,121.6049
73,0,968,4.705228,185.0812
425,1,223,4.933102,43.70173
127,1,476,5.857198,84.56931
383,1,252,5.424402,41.25504
381,1,241,4.927702,42.97906
426,1,226,4.932199,40.83095
382,1,249,4.819903,47.19139
133,1,666,7.800188,129.5801
427,1,199,4.940302,40.79673
68,1,776,8.267199,147.816
74,0,616,3.376789,130.0688
383,1,301,4.8085,41.35511
384,1,745,7.171085,123.3874
384,1,200,4.838802,39.26521
428,1,574,6.692391,93.85988
385,1,212,4.936402,42.42214
134,1,707,6.787892,130.4981
69,1,681,7.190886,128.4092
385,1,390,5.883002,74.2937
429,1,250,4.925,41.25481
386,1,249,4.9253,41.25482
75,0,793,4.1306,167.2632
386,1,254,4.9238,41.42749
430,1,179,4.946302,36.40317
387,1,186,4.944202,37.80261
70,0,373,1.425397,85.68098
71,0,0,0,0
387,1,189,4.943302,38.55434
128,1,1646,10.50628,291.6166
388,1,240,4.928002,40.60272
60,1,7279,47.49099,1310.702
135,1,767,7.269888,141.1463
224,0,4747,25.04986,781.8415
225,0,0,0,0
225,0,0,0,0
225,0,0,0,0
388,1,249,4.9253,41.20681
389,1,190,4.943002,38.60269
431,1,463,5.101097,53.3931
71,0,382,0.4235988,87.17354
72,0,0,0,0
432,1,180,4.946002,36.60325
390,1,245,5.426502,46.65128
129,1,460,6.151194,85.03076
389,1,340,4.897999,50.50124
127,1,2771,19.56368,510.6487
433,1,198,4.940602,40.05395
391,1,188,4.943602,37.95411
72,0,454,0.9092044,101.9279
73,0,0,0,0
390,1,248,4.9256,41.05508
136,1,667,7.299886,130.5784
392,1,196,4.941202,39.55436
434,1,252,5.424402,41.25493
96,1,2623,16.40157,488.4658
130,1,472,5.858398,84.52927
391,1,183,4.945102,37.35435
393,1,192,4.942402,39.15418
435,1,211,4.9367,41.66249
76,1,1411,10.85582,247.1116
225,0,985,3.302984,188.522
226,0,0,0,0
226,0,0,0,0
226,0,0,0,0
73,0,452,1.409597,101.8883
74,0,0,0,0
392,1,196,4.941202,39.80313
394,1,199,5.440298,39.75381
436,1,202,4.839399,40.74478
128,1,684,7.294791,128.4558
131,1,419,6.374294,84.04997
393,1,252,4.9244,41.25507
395,1,219,4.934302,42.32409
437,1,266,4.711802,41.9165
74,0,386,0.4227993,86.43777
75,0,0,0,0
97,1,703,7.677085,131.1119
396,1,209,4.9373,42.53831
394,1,248,4.9256,41.25506
132,1,467,5.859898,84.45438
397,1,248,4.9256,41.21523
395,1,242,4.927403,44.74075
75,0,381,0.4237988,87.00079
76,0,0,0,0
438,1,434,6.869792,82.4756
137,1,1170,10.14906,214.3047
129,1,713,6.786091,128.9004
398,1,191,4.841502,38.82795
396,1,261,4.9217,42.99558
439,1,251,4.9247,41.25483
114,1,4180,30.24532,790.8245
98,1,672,7.697186,129.339
133,1,452,6.755388,85.14292
226,1,1137,6.658875,189.3384
399,1,202,5.335798,40.27106
397,1,198,4.940602,39.95431
76,0,452,0.4096011,101.7194
77,0,0,0,0
440,1,194,4.941802,39.40301
400,1,195,4.941502,39.7538
398,1,255,4.822303,45.80241
401,1,191,4.942702,38.40261
134,1,458,6.257793,82.71293
399,1,203,4.9391,40.44148
441,1,458,6.362594,83.28508
402,1,209,4.937303,41.75742
115,1,735,7.17829,127.8505
99,1,777,8.148886,143.9704
400,1,229,4.828302,40.78752
442,1,225,4.9325,40.72165
77,0,723,3.355388,151.1192
78,0,0,0,0
135,1,453,6.258694,83.68932
403,0,310,1.937999,67.14584
404,0,0,0,0
404,0,0,0,0
404,0,0,0,0
404,0,0,0,0
401,1,198,4.940602,40.20308
443,1,226,4.9322,42.37261
130,0,1446,8.71088,260.3449
131,0,0,0,0
402,1,194,4.941802,39.40311
78,0,373,0.9254024,86.12067
79,0,0,0,0
404,1,294,1.411805,60.06769
444,1,194,4.941802,39.26947
136,1,500,6.849992,94.89195
405,1,191,4.942702,38.80302
403,1,248,5.425602,41.25513
445,1,183,4.945102,37.35458
227,0,1487,7.702719,291.4513
228,0,0,0,0
228,0,0,0,0
228,0,0,0,0
100,1,753,7.27409,134.2885
406,1,183,4.945102,37.35407
404,1,195,4.941502,39.60311
446,1,190,4.943002,38.60312
79,0,516,0.8968041,109.1101
80,0,0,0,0
131,1,645,6.80649,128.5102
407,1,221,4.933702,45.52137
138,1,2154,12.44015,360.0864
405,1,250,4.925,41.05508
447,1,276,4.9172,41.25486
228,1,500,2.849983,91.0531
408,1,250,4.925,41.05488
132,0,272,1.445599,67.10155
80,0,387,0.4225993,85.72973
81,0,0,0,0
406,1,248,4.9256,41.0551
448,1,262,4.9214,42.11658
101,1,817,8.62972,152.7411
133,0,296,1.440799,71.21261
407,1,285,4.9145,43.59317
449,1,243,4.927102,43.49259
229,1,481,5.755698,85.34014
409,1,446,6.866194,81.01878
81,0,449,0.4102013,103.9463
82,0,0,0,0
408,1,184,4.944802,36.2028
61,1,4827,17.78577,696.6256
450,1,238,4.928602,44.47209
410,1,191,4.942702,38.9541
409,1,248,4.9256,41.25509
451,1,249,4.9253,41.25481
411,1,182,4.945402,37.00288
134,1,626,7.812188,125.5545
410,1,191,4.942702,38.80309
230,1,554,5.833799,93.95639
102,1,723,7.177685,131.3712
452,1,209,4.937303,41.09638
412,1,273,4.918102,50.2646
411,1,230,4.931003,40.72718
453,1,195,4.941502,39.75436
413,1,186,4.944202,37.95451
454,1,196,4.941202,39.80301
231,1,460,5.737998,83.76753
82,1,952,8.609021,171.0533
412,1,280,4.605205,42.59696
414,1,252,4.9244,43.35025
135,1,652,7.204387,126.3698
455,1,287,5.312702,41.25471
413,1,249,4.9253,41.25508
415,1,198,4.940602,40.35422
416,1,199,4.940302,40.15378
456,1,248,4.9256,41.05479
414,1,251,4.9247,41.05511
103,0,1135,7.070684,236.785
104,0,0,0,0
104,0,0,0,0
104,0,0,0,0
417,1,184,4.944802,37.40303
415,1,202,4.939402,40.75398
418,1,196,5.441202,39.80291
416,1,207,4.9379,41.03122
232,1,967,9.209928,184.664
457,1,444,5.866796,82.99924
419,1,237,4.928902,44.71812
417,1,262,4.701002,44.80368
458,1,281,4.9157,41.25486
104,0,679,0.8641917,143.2168
105,0,0,0,0
105,0,0,0,0
105,0,0,0,0
420,0,281,0.9438028,65.95367
421,0,0,0,0
421,0,0,0,0
421,0,0,0,0
421,0,0,0,0
233,1,456,6.157794,84.19308
459,1,191,4.942702,38.80292
418,1,254,4.9238,41.25509
136,0,1373,7.225496,266.8408
460,1,199,4.9403,40.08231
419,1,189,4.943302,38.40304
421,1,270,0.9190071,49.75269
83,1,1810,12.95708,333.6462
234,1,424,6.372796,83.65029
422,1,220,5.434002,41.72156
420,1,250,4.925,41.71598
105,1,686,4.68939,133.0453
77,1,6711,32.18255,1244.072
423,1,213,4.9361,42.00223
421,1,249,4.9253,41.25505
235,1,438,6.368596,82.90545
461,1,652,6.593587,105.3321
69,0,341,1.931798,74.2722
424,1,250,4.925,41.05493
422,1,208,4.937602,41.84158
84,1,709,7.082485,127.7865
425,1,187,4.943902,38.15405
462,1,248,4.9256,41.43108
423,1,249,4.9253,41.05517
106,1,597,7.820889,119.8708
236,1,445,6.160494,82.19092
426,1,210,4.937,41.21452
78,1,702,7.682786,125.7398
424,1,208,4.9376,40.81097
463,1,290,5.412999,56.94544
427,1,205,4.838502,41.37619
425,1,212,4.936402,39.17846
464,1,248,4.8244,41.40571
237,1,452,6.364395,86.59265
426,1,249,5.425302,41.25505
465,1,248,4.9256,41.25492
107,1,764,6.770792,130.9573
79,1,678,7.296588,135.4769
427,1,186,4.944202,37.80292
466,1,248,4.9256,41.25484
238,1,461,5.861698,84.05515
428,1,694,8.291785,126.3319
428,1,248,4.9256,41.25507
116,0,6570,36.18599,1252.274
467,1,259,4.922302,45.6412
429,1,235,5.429502,46.82741
429,1,298,4.910602,51.63409
468,1,215,4.935502,42.91526
430,1,185,4.944502,37.60272
80,1,643,7.807088,124.8522
239,1,463,6.361095,83.85556
431,1,202,4.834602,39.91696
469,1,250,4.925,41.25485
430,1,317,4.799503,51.17054
432,1,197,4.940902,39.75385
470,1,226,4.932202,42.41672
431,1,251,4.9247,41.25507
240,1,533,5.723301,86.33104
471,1,193,4.942102,39.20295
433,1,252,4.9244,41.25484
432,1,325,5.2791,47.74892
434,1,190,5.443002,38.60289
433,1,246,4.926202,48.52349
241,1,515,5.744897,88.40662
435,1,255,4.9235,41.45502
81,0,1143,6.271476,216.0549
436,1,225,4.932502,45.085
434,1,328,4.767399,42.78613
242,1,426,6.769791,85.10574
437,1,195,4.941502,39.60303
435,1,214,4.9358,40.61829
436,1,192,4.942402,39.15453
438,1,330,4.759599,41.73236
243,1,472,5.858398,85.21284
82,0,828,4.233217,176.9319
439,1,194,4.941802,39.55439
437,0,286,1.942799,68.4277
438,0,0,0,0
438,0,0,0,0
438,0,0,0,0
438,0,0,0,0
440,1,220,5.434002,40.34334
83,0,309,1.438199,71.72617
438,0,295,-2.558994,67.64234
439,0,0,0,0
439,0,0,0,0
439,0,0,0,0
439,0,0,0,0
441,0,299,1.4402,65.67258
442,0,0,0,0
442,0,0,0,0
442,0,0,0,0
442,0,0,0,0
85,0,4269,25.83713,802.6644
86,0,0,0,0
442,1,203,0.9391083,41.44012
139,1,8498,49.35206,1589.837
443,1,192,4.942402,38.35399
84,1,655,7.803487,125.9554
439,1,696,3.791203,129.5938
444,1,251,4.9247,41.25483
440,1,194,5.441798,39.40296
137,1,5840,34.24698,1107.297
62,1,8411,52.87801,1654.144
445,1,252,4.9244,41.2551
441,1,184,4.944802,37.40296
85,1,698,6.790593,126.8539
117,0,3963,19.7069,759.0384
446,1,251,4.9247,41.45504
442,1,258,4.9226,42.02915
244,0,1911,8.850132,326.2719
245,0,0,0,0
245,0,0,0,0
245,0,0,0,0
447,1,240,4.928003,43.09481
443,1,240,4.928002,45.10398
448,1,191,4.942702,38.95432
118,0,524,1.895196,107.1691
444,1,260,4.922,41.25509
86,1,733,7.175289,130.6648
449,1,257,5.422899,46.19707
445,1,191,4.942702,38.80265
472,1,3940,24.31747,627.1917
450,1,252,4.9244,41.45486
446,1,258,4.922602,40.35407
473,1,192,5.442399,39.15435
451,1,190,4.943002,38.75395
245,1,970,5.60779,182.9989
447,1,249,4.9253,41.2551
474,1,262,4.9214,42.42541
452,1,204,4.9388,41.16354
87,1,682,7.295391,127.97
448,1,248,4.9256,41.25507
453,1,214,4.9358,42.30338
475,1,250,4.925,41.05479
246,1,472,5.858397,85.25549
454,1,197,4.940902,40.15384
476,1,205,4.938502,41.37867
70,1,7406,44.12209,1299.303
477,1,193,5.442098,39.20302
455,1,262,4.9214,41.25478
86,0,3038,17.3921,579.8781
87,0,0,0,0
247,1,457,6.258095,88.85291
108,0,6478,39.70532,1179.456
109,0,0,0,0
109,0,0,0,0
109,0,0,0,0
478,1,253,5.424102,41.25505
456,1,238,4.928602,43.03666
479,1,195,5.238503,39.46487
457,1,236,4.929203,46.20341
248,1,479,6.751488,83.29733
480,1,251,4.9247,41.25485
458,1,258,4.9226,41.25486
87,0,739,3.852185,155.7019
88,0,0,0,0
249,0,257,1.448599,64.37727
250,0,0,0,0
250,0,0,0,0
250,0,0,0,0
481,1,203,4.939102,41.5345
71,1,950,10.01505,175.7448
459,1,188,4.943602,37.86309
460,1,229,4.9313,41.93964
482,1,291,4.8115,41.77397
250,0,455,-0.5910125,103.4322
251,0,0,0,0
251,0,0,0,0
251,0,0,0,0
461,1,249,4.9253,41.25496
88,0,738,3.352386,156.1009
89,0,0,0,0
462,1,215,4.935502,43.1665
72,1,723,7.783085,122.7947
463,1,195,4.941502,39.75432
251,0,653,1.36939,140.9594
252,0,0,0,0
252,0,0,0,0
252,0,0,0,0
483,1,882,9.235411,156.9702
464,1,266,4.9202,42.06901
252,0,247,-1.549408,62.39397
253,0,0,0,0
253,0,0,0,0
253,0,0,0,0
484,1,208,4.837602,42.11296
465,1,201,4.837302,40.74599
73,1,722,6.783393,128.6534
485,1,203,4.738502,41.51291
466,1,220,4.934002,43.6255
253,0,457,0.4085905,102.8767
254,0,0,0,0
254,0,0,0,0
254,0,0,0,0
486,1,190,4.741202,38.27581
467,1,249,4.9253,41.255
487,1,193,5.442099,39.35448
254,0,259,-1.551809,64.45155
255,0,0,0,0
255,0,0,0,0
255,0,0,0,0
468,1,208,4.937602,41.80252
488,1,186,4.944202,37.80302
74,1,731,6.780691,131.8714
469,1,204,4.838202,40.2767
63,1,5423,35.87232,1047.673
489,1,197,4.940902,40.00296
470,1,198,4.940602,40.20257
119,1,4917,29.02413,928.5591
490,1,219,4.934302,43.59857
255,1,619,4.709495,120.7383
471,1,189,4.943302,38.40262
491,1,231,4.715702,41.12367
472,1,208,4.837002,41.16537
492,1,239,4.928302,44.50303
473,1,203,4.939102,40.79079
256,1,575,5.88129,91.26147
120,1,681,6.795692,127.6552
493,1,224,4.531003,42.69765
474,1,192,4.942402,39.00278
494,1,209,5.437298,42.00301
475,1,246,5.426202,41.25483
140,0,7321,39.13445,1322.603
141,0,0,0,0
138,1,6307,30.95582,1137.689
257,1,416,6.375195,83.42763
495,1,230,4.931004,46.22252
476,1,248,4.9256,41.2551
496,1,226,4.831002,41.15131
121,1,737,6.778891,129.8549
477,1,248,4.9256,41.25484
139,1,504,6.243996,90.64151
258,1,462,5.861398,84.05576
497,1,204,4.8382,40.7972
478,1,202,4.939402,40.68132
498,1,249,4.9253,41.25485
479,1,249,4.925302,43.94642
140,1,410,6.876995,82.60418
499,1,197,4.940902,39.60292
122,1,655,7.303491,128.8548
480,1,264,4.9208,42.35103
500,1,232,4.930403,42.15466
481,1,224,4.9328,42.39924
501,1,198,4.940602,40.35431
141,1,682,7.694786,128.7963
502,1,191,4.942702,38.95438
482,1,270,4.919,42.15794
123,1,684,7.294791,128.4568
503,1,248,4.9256,41.25497
483,1,249,4.9253,41.25482
484,1,192,4.942402,39.00301
504,1,281,4.9157,41.45493
124,1,625,7.812489,125.203
505,1,249,4.9253,41.25486
88,0,7510,43.47131,1414.974
89,0,0,0,0
485,1,440,5.868,83.58305
506,1,232,4.930402,44.53303
486,1,196,4.941202,39.80295
259,1,2225,15.22285,371.0189
507,0,266,1.446801,65.4048
508,0,0,0,0
508,0,0,0,0
487,1,195,4.941502,39.60267
125,1,644,7.806787,128.0367
508,1,244,2.926792,44.84119
488,1,231,4.418701,42.54218
260,1,478,6.246993,83.899
489,1,248,4.9256,41.25484
509,1,261,4.9217,43.44442
261,0,275,1.945,67.08805
262,0,0,0,0
262,0,0,0,0
262,0,0,0,0
490,1,205,4.938502,41.20291
510,1,249,4.8253,41.11441
262,0,277,-1.555409,65.72185
263,0,0,0,0
263,0,0,0,0
263,0,0,0,0
491,1,237,4.828302,40.93703
511,1,248,4.9256,41.25484
492,0,233,0.9534031,59.84785
493,0,0,0,0
493,0,0,0,0
493,0,0,0,0
493,0,0,0,0
512,1,191,4.942702,38.803
493,1,205,0.9385092,41.243
513,1,223,4.933103,42.88287
126,0,1448,7.710523,291.2728
263,1,669,4.799291,128.7927
514,1,195,4.941502,39.60305
494,1,248,4.9256,41.25501
141,0,4701,24.90928,864.753
142,0,0,0,0
495,1,193,4.942102,39.20303
515,1,226,4.932199,41.2816
264,1,445,6.366496,82.80441
142,1,3329,24.50086,635.0956
496,1,249,5.425302,41.65988
516,1,247,4.925902,45.10922
139,0,1896,12.01412,383.3485
140,0,0,0,0
140,0,0,0,0
497,1,192,4.942402,39.00304
450,1,197,4.940902,38.55844
517,1,270,4.919003,50.06245
265,1,426,6.271595,85.66863
143,1,401,6.879691,80.55366
498,1,212,4.9364,41.07273
518,1,197,4.940902,39.60308
451,1,260,5.421998,49.39188
499,1,191,4.942702,38.80255
519,1,192,5.442402,39.15438
452,1,184,4.944802,37.55431
144,1,443,6.263494,86.44109
266,1,467,5.8599,85.25498
500,1,237,4.828899,40.5827
520,1,193,4.942102,39.3544
453,1,232,4.930402,41.1539
89,1,8856,47.51205,1612.36
145,0,237,1.4526,60.5642
146,0,0,0,0
146,0,0,0,0
146,0,0,0,0
501,1,248,4.9256,41.2551
521,1,233,4.930103,40.99842
454,1,195,4.941502,39.75449
89,0,3827,19.62573,706.0799
90,0,0,0,0
455,1,205,4.9385,40.46448
522,1,214,4.935802,38.75434
502,1,248,4.9256,41.25484
267,0,552,2.155389,109.4456
268,0,0,0,0
268,0,0,0,0
268,0,0,0,0
523,1,192,4.942402,39.15437
503,1,192,4.942402,39.00271
127,1,2107,15.36788,406.2195
90,1,629,7.811284,126.1407
504,1,248,4.9256,41.2911
268,1,429,3.065891,83.69558
140,1,1800,13.46002,350.1532
269,1,439,5.868299,86.68871
128,1,694,6.791791,137.9267
456,0,1021,4.295786,189.628
457,0,0,0,0
457,0,0,0,0
457,0,0,0,0
457,0,0,0,0
91,1,852,8.639011,162.5452
146,0,1478,5.204424,300.8519
147,0,0,0,0
147,0,0,0,0
147,0,0,0,0
270,1,440,6.267394,83.82665
505,1,892,7.23238,150.6927
506,1,189,4.840902,38.30484
129,1,687,7.192091,128.6194
141,1,1107,6.76346,155.0783
147,1,470,3.35899,88.60574
507,1,251,4.9247,41.25484
271,1,487,5.853898,85.63868
92,1,743,7.777084,150.3263
130,0,282,1.943601,66.98132
508,1,195,4.941502,39.20258
457,1,1045,5.186496,192.1887
148,1,432,5.764998,85.2562
131,0,247,1.950599,62.15556
509,1,246,4.699801,41.14548
458,1,192,5.339998,38.70044
524,1,2180,13.34602,389.4321
132,0,234,1.453201,60.45852
510,1,186,4.944202,37.95403
459,1,192,4.942402,39.1545
149,0,466,3.406793,106.1474
150,0,0,0,0
150,0,0,0,0
150,0,0,0,0
150,0,0,0,0
150,0,0,0,0
525,1,249,4.9253,41.25484
511,1,249,4.9253,41.25484
460,1,253,4.9241,41.25505
526,1,195,4.941502,39.60299
133,0,467,2.406593,102.5872
512,1,191,4.942702,38.80272
272,1,1050,10.68506,207.1755
150,1,431,1.370734,85.50797
527,1,187,4.943902,37.75438
142,1,1353,9.594142,248.8319
513,1,213,5.436099,42.24714
134,0,234,1.453199,59.84156
528,1,193,4.942102,39.20309
135,0,233,0.953403,59.17707
143,0,322,1.333199,76.50647
273,1,462,5.861399,83.45551
514,1,304,4.9088,44.04184
529,1,250,4.810602,41.41652
93,1,1665,10.9,296.5411
144,0,328,1.434399,70.65614
530,1,235,4.727703,47.42601
434,0,9199,57.66613,1681.015
435,0,0,0,0
435,0,0,0,0
136,0,467,3.406592,101.6267
274,1,525,6.232897,91.74422
531,1,201,4.939702,40.40301
137,0,238,0.9524032,60.41528
515,1,709,7.787286,124.0291
532,1,249,4.9253,41.25486
94,1,641,8.207684,126.8087
151,1,1201,10.13976,211.3454
138,0,239,1.952199,60.51049
516,1,202,4.838802,41.25033
145,1,643,7.807087,128.8596
275,1,473,6.130489,83.20372
533,1,248,4.9256,41.25482
136,1,9407,40.79098,1720.247
517,1,190,4.943002,38.7541
139,0,228,1.454399,59.01236
152,1,410,6.376995,82.60203
518,1,189,4.943302,38.55401
140,0,235,1.452999,60.07499
519,1,206,4.837602,41.0512
146,1,619,7.814288,124.0038
141,0,230,1.454,58.57691
153,1,406,6.378196,81.80189
520,1,245,4.707302,41.86912
534,1,758,7.772584,129.0682
276,1,808,6.757589,147.6687
95,1,1024,7.971207,184.4306
521,1,251,4.9247,41.25481
522,1,213,4.830103,40.04125
147,1,671,7.298691,125.6552
277,1,508,5.8476,86.80856
142,0,726,4.8548,155.7544
535,1,598,6.32059,109.1412
523,1,191,5.442698,38.95411
536,1,205,4.9385,40.77726
137,1,1520,13.04406,290.0995
524,1,217,4.934902,43.50138
537,1,191,4.942702,38.95437
278,1,483,5.855098,86.45485
143,0,484,2.403195,105.5752
525,1,249,4.925303,47.00082
142,0,7891,41.90874,1387.973
143,0,0,0,0
538,1,191,4.842102,38.80032
148,1,816,6.817386,141.0573
144,0,280,1.944,66.61078
526,1,290,4.913,44.71968
539,1,222,4.9334,42.21895
65,1,4204,29.23813,817.8651
279,1,517,6.344893,87.45586
145,0,230,0.954003,59.18642
540,1,218,4.9346,41.9754
527,1,248,4.9256,41.25484
528,1,221,4.933703,39.52423
149,1,641,7.307688,128.0086
541,1,295,4.9115,43.18713
280,1,422,6.373395,83.15663
529,1,185,4.944502,37.75435
96,1,1976,14.594,376.1701
542,1,248,4.9256,41.25485
530,1,187,4.943902,38.00272
91,1,8378,58.49156,1615.75
281,1,418,6.274596,83.95502
543,1,209,4.937303,41.69128
90,0,7560,43.96449,1426.71
91,0,0,0,0
66,1,945,9.716552,184.987
146,0,929,5.814241,197.6733
531,1,263,4.9211,43.51699
138,0,1714,10.0524,331.9447
461,1,4994,34.50093,902.6757
544,1,206,4.938202,39.88145
532,1,188,4.943602,38.20299
150,1,794,7.661787,148.4649
462,1,198,5.440598,40.20261
545,1,202,4.939402,40.75439
92,1,612,7.816388,122.9968
533,1,270,4.708803,43.12611
463,1,208,4.937602,41.80259
546,1,213,5.335503,40.39012
143,1,1899,12.16199,346.6947
97,1,978,8.206605,182.0015
534,1,217,4.934902,42.52711
464,1,209,4.9373,40.32502
147,0,720,5.356025,147.0477
547,1,236,4.9292,41.25465
67,1,875,9.637549,167.5934
151,1,706,6.883385,124.6348
148,0,228,1.454399,59.56864
535,1,254,4.822002,42.08708
548,1,206,4.8376,40.62791
282,1,1123,10.16316,205.5234
149,0,233,0.9534032,59.6497
549,1,225,4.827703,40.42799
536,1,282,4.9154,42.2323
144,1,735,6.958486,127.9674
93,1,825,7.647686,152.589
465,1,692,7.792386,122.1225
150,0,236,1.952799,60.42313
537,1,192,4.942402,39.1543
68,1,624,7.812788,124.7467
283,1,536,5.735597,84.34248
466,1,206,4.938202,41.29802
538,1,239,4.928303,44.32586
152,1,885,9.133331,165.8438
539,1,190,5.442998,38.6031
467,1,273,5.418102,41.49119
284,1,439,5.767698,83.51493
94,1,713,7.180088,134.8119
540,1,194,5.441798,39.40308
468,1,196,4.941202,39.65358
151,0,690,4.862,146.6763
69,1,691,7.292693,129.2544
469,1,209,4.937303,41.02006
541,1,248,4.9256,41.25485
152,0,251,1.9498,62.30141
285,1,414,6.375795,82.96159
470,1,200,4.940002,40.75394
542,1,192,4.942402,39.0028
153,0,230,1.453999,59.53598
471,1,192,4.942402,39.15428
543,0,298,1.236797,67.4398
544,0,0,0,0
544,0,0,0,0
544,0,0,0,0
544,0,0,0,0
70,1,630,7.810987,126.5982
472,1,206,5.438198,40.95921
286,1,488,6.145193,84.07668
139,1,2885,21.02817,544.0989
154,0,389,2.922196,89.4772
544,1,262,0.9214063,47.36533
473,1,185,4.944502,37.75432
155,0,231,0.9538031,59.51193
474,1,194,4.941802,39.40263
545,1,210,4.937002,42.20271
287,1,513,6.131095,93.37415
546,1,192,4.942402,39.00302
156,0,243,1.451401,61.54142
71,1,665,7.300487,130.3201
475,1,217,4.9349,40.21355
95,1,1555,12.90895,291.6923
547,1,196,4.941202,39.80286
157,0,233,1.953399,59.62548
476,1,216,4.935202,42.33621
153,1,1908,15.92748,370.6099
288,1,467,6.150294,84.12333
477,1,187,4.943902,38.15429
548,1,234,4.929802,41.00247
158,0,231,1.453801,59.33715
549,1,195,4.941502,39.20253
478,1,266,4.9202,43.13451
159,0,229,1.454199,58.91013
96,1,667,7.799888,129.9466
550,1,253,4.9241,42.38546
72,0,882,5.190017,171.7689
154,1,622,7.813387,125.4732
160,0,247,1.450601,61.03306
479,1,280,4.916003,52.82292
161,0,225,0.9550028,58.68136
98,1,4081,26.5546,768.3099
480,1,234,4.9298,40.031
162,0,241,1.951799,61.45369
481,1,248,4.9256,41.25506
97,1,693,6.792092,130.226
155,1,657,7.201086,128.3487
163,0,237,1.952599,60.32393
482,1,221,4.933702,40.8028
483,1,185,4.944502,37.75437
164,0,229,0.9542029,59.31799
551,1,1032,8.980247,171.0443
484,1,190,4.943002,38.60343
73,0,1284,7.53912,249.8115
552,1,343,5.261107,40.43379
98,0,787,3.117382,156.1337
99,0,0,0,0
485,1,237,4.928902,42.98785
435,0,9729,61.0604,1783.355
436,0,0,0,0
436,0,0,0,0
553,1,223,4.615704,40.54503
486,1,190,5.443002,38.7541
554,1,189,5.443298,38.40271
487,1,265,4.920502,50.60527
145,0,4977,30.00366,901.4644
146,0,0,0,0
555,1,190,4.943002,38.75413
488,1,197,4.940902,40.00261
99,1,695,6.291492,130.3698
165,0,1082,7.783691,214.4713
489,1,228,4.931602,42.14672
166,0,243,0.9514034,61.50823
490,1,250,4.925,41.05519
167,0,233,0.9534032,59.63053
100,1,685,6.794492,128.4537
156,1,2089,14.37329,407.275
168,0,234,0.9532031,59.54056
491,1,297,4.9109,43.88599
146,0,975,4.304996,199.4103
147,0,0,0,0
169,0,232,1.453599,59.31191
492,1,236,4.828602,42.18528
170,0,242,0.9516034,61.2558
493,1,193,4.942102,39.5916
155,0,311,0.8210056,70.60411
156,0,0,0,0
156,0,0,0,0
156,0,0,0,0
156,0,0,0,0
156,0,0,0,0
101,1,630,7.310988,126.1874
494,1,185,4.944502,37.75433
157,1,921,8.523709,170.7955
495,1,248,4.9256,41.25506
99,1,3437,21.96848,635.6977
496,1,192,4.840002,38.874
497,1,188,5.443598,38.20293
102,1,700,7.537776,126.9294
171,0,851,5.829854,181.9061
498,1,248,4.9256,41.25503
172,0,242,0.9516034,61.14763
158,1,738,7.172584,132.0106
100,0,767,4.346599,160.5972
101,0,0,0,0
499,1,192,4.942402,39.00312
173,0,227,1.454599,58.69838
500,1,250,4.925,41.25506
174,0,240,1.452001,60.70284
103,1,737,8.177086,133.8512
501,1,248,4.9256,41.25506
175,0,231,0.9538031,59.31782
159,1,690,6.792993,129.911
101,0,765,3.346986,159.5835
102,0,0,0,0
502,1,274,4.9178,41.25515
176,0,236,1.452801,60.52064
177,0,239,0.9522033,60.42445
147,0,2622,11.47548,491.3394
148,0,0,0,0
503,1,248,4.825002,41.38088
178,0,229,0.9542029,58.9907
160,1,667,7.199286,122.6591
102,0,757,3.348585,158.595
103,0,0,0,0
504,1,808,6.757588,147.3205
179,0,747,3.350592,159.4546
74,0,5220,27.57172,954.8743
505,1,207,4.836702,42.03085
506,1,190,4.943002,38.7543
103,0,766,3.346785,159.5826
104,0,0,0,0
507,1,188,4.943602,37.95448
180,0,489,3.402194,108.2422
508,1,251,4.9247,41.6016
75,0,725,4.354996,152.5107
181,0,394,1.921196,91.25874
509,1,301,4.6917,41.27023
161,1,1803,13.95913,362.4158
104,0,825,3.334984,166.633
105,0,0,0,0
182,0,248,1.450401,62.0687
148,0,2139,10.07226,410.0004
149,0,0,0,0
510,1,249,4.8235,41.2338
183,0,231,1.453801,59.64346
511,1,248,4.9256,41.25504
140,1,9342,45.59828,1673.041
184,0,231,1.4538,59.23364
76,0,868,4.623996,173.67
77,0,0,0,0
112,1,700,7.085185,126.7262
512,1,197,4.940902,40.00307
162,1,619,7.814288,124.1546
185,0,231,1.453799,58.81087
105,0,708,3.358387,152.3857
106,0,0,0,0
551,1,1556,12.03334,262.3566
513,1,261,4.9217,42.6
514,1,194,4.941802,39.40266
552,1,253,4.9241,41.813
186,0,397,2.420595,91.53383
553,1,187,4.943902,38.00299
163,1,671,7.092087,128.1284
515,1,257,4.9229,41.43293
113,1,759,7.668684,142.9009
106,0,726,2.854787,153.1726
107,0,0,0,0
554,1,224,4.932802,43.31139
516,1,220,4.934003,43.24847
141,1,1133,9.060131,206.2507
187,0,551,3.389792,115.0816
555,1,286,4.914202,51.71276
188,0,229,1.454201,59.09702
114,1,696,8.291206,132.2385
164,0,730,5.854028,156.127
165,0,0,0,0
556,1,245,4.926502,42.55435
92,0,4040,21.58788,749.1674
93,0,0,0,0
142,1,679,6.796292,127.2568
557,1,188,4.943602,38.20304
189,0,379,2.424195,88.71523
165,0,480,1.403995,103.4854
166,0,0,0,0
115,1,637,7.808887,128.1578
190,0,480,1.904,104.2031
166,0,366,1.926799,85.29389
167,0,0,0,0
143,1,695,7.791491,131.9226
191,0,232,1.453599,59.65623
517,1,1490,11.21472,261.9833
558,1,1012,8.985035,169.7239
167,0,364,0.9272032,85.00489
168,0,0,0,0
192,0,235,0.9530032,59.70828
518,1,259,4.922302,46.74773
519,1,190,4.943002,38.60293
193,0,233,0.9534031,58.97868
559,1,248,4.9256,41.25487
107,0,2018,11.59633,401.5498
108,0,0,0,0
168,0,361,1.427798,84.75849
169,0,0,0,0
77,0,3137,17.14892,600.9337
144,1,762,6.771389,139.1182
520,1,216,4.9352,41.17664
194,0,234,1.4532,59.45901
560,1,248,4.9256,41.25484
169,0,244,0.9512,61.29769
170,0,0,0,0
521,1,201,4.939702,40.80277
195,0,236,1.452799,59.98524
561,1,241,4.927703,43.11242
170,0,238,0.9523999,60.36715
171,0,0,0,0
562,1,248,5.325602,41.1443
108,0,763,3.347385,157.3669
109,0,0,0,0
522,1,432,5.870396,83.8343
196,0,392,2.921594,90.92001
145,1,702,7.662982,129.4173
563,1,200,4.940002,40.35437
523,1,245,4.926503,45.32474
171,0,482,3.403592,108.7973
172,0,0,0,0
197,0,232,0.9536032,59.55997
146,0,338,1.932398,79.28398
564,1,334,4.899799,47.97122
198,0,237,1.952599,60.21804
172,0,367,1.926599,85.60539
173,0,0,0,0
524,1,440,6.654195,76.98784
109,0,765,3.346985,158.6602
110,0,0,0,0
199,0,232,1.453599,59.5484
149,0,4973,27.50456,918.0952
150,0,0,0,0
78,0,1455,6.113183,244.8787
173,0,239,0.9521999,61.3693
174,0,0,0,0
525,1,269,4.785101,43.14347
200,0,232,1.453599,59.30252
147,0,568,2.886391,125.6765
174,0,243,0.4513988,61.13003
175,0,0,0,0
156,0,9685,44.97724,1716.791
157,0,0,0,0
157,0,0,0,0
157,0,0,0,0
148,0,242,1.951599,60.97228
175,0,238,0.4523987,60.26923
176,0,0,0,0
201,0,390,2.421994,90.24474
526,1,446,6.366194,83.30375
565,1,1025,9.692556,181.8033
150,0,766,3.846787,153.0786
151,0,0,0,0
79,0,714,4.357201,152.3665
110,0,819,3.836184,166.3479
111,0,0,0,0
157,1,394,3.381792,81.29353
176,0,244,0.9512,61.32165
177,0,0,0,0
202,0,237,1.4526,60.20704
527,1,249,4.9253,41.25503
290,1,4029,22.29083,771.7213
566,1,229,4.931302,41.20296
203,0,234,1.453199,59.62669
177,0,243,0.9514,60.9601
178,0,0,0,0
567,1,189,4.943302,38.5544
528,1,257,4.922902,45.24841
149,1,701,8.289708,139.1652
204,0,238,1.452401,60.40193
178,0,237,0.4525986,60.18736
179,0,0,0,0
291,1,432,6.370395,86.68912
529,1,199,4.940302,40.15393
158,1,592,7.322389,117.5814
557,1,2161,15.24205,373.5967
111,0,713,3.357386,153.3872
112,0,0,0,0
530,1,288,4.913603,42.60302
558,1,248,4.9256,41.25484
292,1,400,6.379995,80.60225
205,0,454,2.409197,98.4319
150,1,693,7.187289,132.0426
159,0,459,2.908193,103.8803
160,0,0,0,0
160,0,0,0,0
160,0,0,0,0
160,0,0,0,0
160,0,0,0,0
531,1,248,4.9256,41.25508
559,1,187,4.943902,39.22906
179,0,727,4.854604,152.6824
180,0,0,0,0
80,0,1287,7.036709,247.3091
532,1,201,4.939702,40.40258
206,0,390,2.421995,91.69379
560,1,253,4.924102,49.11187
112,0,770,3.345985,160.7954
113,0,0,0,0
533,1,249,4.9253,41.25518
561,1,195,4.941502,39.60241
293,1,622,7.813389,119.6497
151,1,659,7.302288,130.0865
180,0,486,2.902792,108.7844
181,0,0,0,0
534,1,269,4.9193,42.08714
562,1,326,5.402199,61.6231
81,0,761,4.347799,154.2502
535,1,243,4.927102,41.75393
181,0,361,1.427799,84.81756
182,0,0,0,0
563,1,249,4.9253,41.25496
568,1,1822,13.95343,323.6602
207,0,861,5.827835,169.9209
160,1,1176,6.147218,222.7495
113,0,809,3.838183,165.8447
114,0,0,0,0
536,1,248,4.9256,41.25505
182,0,243,0.9514,61.22351
183,0,0,0,0
569,1,189,5.443298,38.4032
152,1,691,7.191491,129.3652
564,1,274,4.9178,41.2548
537,1,205,4.938502,41.60275
570,1,251,4.924702,42.55449
565,1,192,4.942402,39.00307
151,0,2698,16.46015,514.102
152,0,0,0,0
183,0,362,1.927598,85.1133
184,0,0,0,0
538,1,199,4.839102,39.53211
161,1,472,6.255993,90.66073
208,0,555,3.888989,120.8245
571,1,193,4.942102,39.20303
82,0,817,4.836615,166.544
566,1,248,4.9256,41.25487
539,1,191,4.942702,38.80314
116,1,6145,36.65587,1169.947
184,0,238,0.9524,60.06408
185,0,0,0,0
294,0,1389,8.222329,267.8036
295,0,0,0,0
295,0,0,0,0
295,0,0,0,0
572,1,190,5.442998,38.75439
209,0,237,1.952599,59.83772
114,1,745,7.152489,134.0685
567,1,192,4.942402,39.00261
540,1,211,5.436697,41.9547
573,1,189,5.443298,38.55436
153,1,777,7.766887,145.9956
162,1,465,6.360493,88.09441
210,0,233,1.953399,59.62094
568,1,206,4.9382,40.72643
541,1,242,5.4274,41.33432
574,1,232,4.823803,39.88464
569,1,188,4.943602,38.2027
152,0,825,3.834985,164.4108
153,0,0,0,0
295,0,531,-0.106215,104.6539
296,0,0,0,0
296,0,0,0,0
296,0,0,0,0
185,0,605,4.879004,132.6431
186,0,0,0,0
542,1,192,5.442402,39.00284
83,0,721,4.355801,151.0469
570,1,195,4.941502,39.60283
575,1,255,4.9235,42.07578
163,1,507,6.242494,93.44288
211,0,473,3.905388,101.0205
115,0,758,5.848423,156.6797
116,0,0,0,0
543,1,266,4.9202,41.55288
576,1,197,4.940902,40.15437
296,1,483,2.855084,86.75841
116,0,227,-0.04540097,58.11446
117,0,0,0,0
544,1,248,4.9256,41.25505
577,1,248,4.9256,41.25486
164,1,443,6.767094,82.38802
186,0,607,4.3786,132.7071
187,0,0,0,0
117,0,233,0.4533987,58.8331
118,0,0,0,0
571,1,668,7.799585,120.0018
212,0,613,4.877407,131.826
578,1,248,4.9256,41.25484
187,0,236,0.9527999,60.33656
188,0,0,0,0
297,1,467,5.8599,85.25494
118,0,238,0.9524,60.10929
119,0,0,0,0
572,1,221,5.433699,40.15386
579,1,195,4.941502,39.60298
165,1,427,6.266494,83.08086
84,0,1007,4.36679,198.629
85,0,0,0,0
188,0,246,0.9507998,61.46069
189,0,0,0,0
119,0,221,0.4557987,57.68702
120,0,0,0,0
213,0,387,3.422595,91.27243
573,1,191,4.942702,38.80291
545,1,738,8.278606,138.4081
580,1,250,4.925,41.45521
189,0,240,0.952,60.58464
190,0,0,0,0
117,0,2015,13.59688,388.4591
118,0,0,0,0
214,0,243,1.4514,61.0764
166,1,398,6.880591,80.35373
574,1,251,4.9247,41.25486
581,1,190,4.943002,38.75436
546,1,196,4.941202,39.8031
547,1,191,4.942702,38.80285
582,1,219,4.934302,42.53294
167,1,409,6.377295,82.55309
548,1,217,4.934902,43.61979
583,1,248,4.9256,41.25485
549,1,189,4.943302,38.40309
190,0,722,4.355599,152.3621
191,0,0,0,0
215,0,694,4.861203,154.1551
437,0,7628,52.47838,1406.932
438,0,0,0,0
438,0,0,0,0
584,1,252,4.9244,42.92049
120,1,1083,8.675117,206.7615
550,1,192,5.442399,39.15402
168,1,495,5.8515,87.93593
585,1,196,4.941202,39.80308
551,1,190,4.943002,38.75429
216,0,399,2.920195,90.98248
552,1,192,4.942402,39.15406
586,1,287,4.8121,41.93613
191,0,606,3.878792,129.2177
192,0,0,0,0
217,0,235,1.453,59.70947
587,1,220,4.934002,42.42847
192,0,247,0.4505987,62.09586
193,0,0,0,0
121,1,666,7.198988,128.4745
218,0,236,1.952799,60.37225
153,0,3054,17.88887,566.248
154,0,0,0,0
193,0,233,0.4533987,59.55108
194,0,0,0,0
588,1,288,4.913602,49.46629
589,1,193,4.942102,39.35442
169,1,1041,10.18775,203.4301
194,0,246,-0.04920109,61.38422
195,0,0,0,0
590,1,250,4.925,41.25484
195,0,240,-0.04800112,60.58693
196,0,0,0,0
591,1,208,4.937603,41.08723
170,1,455,6.363495,88.62289
219,0,849,4.830227,175.7445
196,0,250,0.4499987,62.1888
197,0,0,0,0
118,0,2525,14.49477,480.3026
119,0,0,0,0
592,1,191,5.442698,38.80306
154,0,1169,5.266226,235.23
155,0,0,0,0
197,0,353,1.4294,82.74419
198,0,0,0,0
593,1,239,4.928302,41.3543
171,1,445,6.04069,81.69814
154,1,4653,26.1034,820.5157
575,1,2999,16.60011,531.5369
594,1,223,4.933103,44.50037
119,0,566,1.886799,117.3252
120,0,0,0,0
595,1,205,4.938502,41.35429
198,0,482,1.903594,108.0515
199,0,0,0,0
172,1,487,5.853899,85.75152
155,0,537,2.791991,112.3059
122,0,1941,11.39558,368.4905
123,0,0,0,0
596,1,191,4.942702,38.80306
155,1,726,6.782188,140.3396
597,1,192,5.442398,39.15442
199,0,366,1.426795,85.0443
200,0,0,0,0
220,0,1327,8.734692,273.6965
598,1,194,4.941802,39.55433
156,0,477,2.904593,107.5838
200,0,240,0.4519988,60.8061
201,0,0,0,0
599,1,250,4.925,41.05485
120,0,1071,6.285854,222.3001
121,0,0,0,0
156,1,669,7.799288,127.4301
553,1,2967,18.80845,516.3819
600,1,209,4.937302,41.75435
554,1,282,4.613003,49.26101
157,0,610,2.667192,120.0078
601,1,247,4.821103,46.35417
157,0,393,1.921397,88.62048
158,0,0,0,0
221,0,855,5.829032,184.3509
201,0,726,4.354798,146.7579
202,0,0,0,0
555,1,256,4.923203,49.47786
123,1,1293,9.007332,230.263
602,1,253,4.823503,45.03257
556,1,212,4.835802,43.11295
158,0,400,0.9200029,89.401
159,0,0,0,0
603,1,194,4.941802,39.40302
222,0,395,3.420995,91.57673
202,0,486,2.902797,109.5024
203,0,0,0,0
557,1,214,4.935802,41.62813
604,1,274,4.9178,41.25489
158,0,758,4.848422,152.665
558,1,248,4.9256,41.25512
121,0,1254,7.749292,258.556
122,0,0,0,0
605,1,200,4.940002,40.60302
173,1,2166,13.35026,429.2756
559,1,248,4.9256,41.25505
606,1,204,4.9388,41.0613
203,0,602,3.879591,132.0197
204,0,0,0,0
560,1,208,4.831603,40.05087
223,0,865,6.327065,184.236
159,0,942,3.710387,197.0747
160,0,0,0,0
204,0,241,0.9518001,60.68881
205,0,0,0,0
607,1,306,5.4082,57.13192
174,1,475,6.357496,87.74063
561,1,192,5.442398,39.00292
608,1,210,4.937002,40.71484
576,1,3160,24.05154,578.6595
159,1,971,9.108736,190.9465
224,0,382,3.423595,90.48598
562,1,215,4.935502,43.43485
577,1,193,4.942102,38.82816
122,0,1009,5.298233,207.6757
123,0,0,0,0
175,1,440,6.367995,82.5006
609,1,248,4.9256,41.25484
205,0,480,1.903995,102.9259
206,0,0,0,0
563,1,195,4.941502,39.75457
225,0,250,1.949999,61.94341
160,1,626,6.61099,125.603
578,1,195,4.941502,39.60311
610,1,207,4.937902,41.6031
206,0,243,0.9514,60.79409
207,0,0,0,0
564,1,248,4.9256,41.25504
226,0,230,1.454,59.19761
579,1,202,5.439398,40.35384
611,1,231,4.930702,41.75429
565,1,194,4.941802,39.40295
207,0,239,0.4521988,60.37099
208,0,0,0,0
176,1,498,5.749395,97.46156
227,0,235,1.952999,60.00187
580,1,249,4.9253,41.25481
161,0,525,4.395001,115.3536
162,0,0,0,0
612,1,214,4.9358,40.97751
566,1,207,5.336099,42.31732
208,0,245,0.951,61.40349
209,0,0,0,0
228,0,234,1.953199,60.27655
613,1,204,4.738202,41.72668
162,0,263,0.9474,65.52855
163,0,0,0,0
567,1,299,4.798299,46.20552
177,1,519,5.714898,84.95825
614,1,203,4.939102,40.80316
568,1,207,4.937902,41.60261
163,0,399,1.920199,89.96481
164,0,0,0,0
615,1,222,4.933403,42.52634
569,1,204,4.938802,41.15396
178,1,456,6.151196,83.75306
123,0,1509,7.698334,288.3901
124,0,0,0,0
229,0,791,5.841831,169.6826
616,1,275,4.9175,42.74036
570,1,241,4.927702,45.20747
617,1,217,4.934902,42.38658
230,0,230,0.9540029,59.24335
571,1,194,4.941802,39.40268
209,0,1083,7.783479,220.7011
210,0,0,0,0
179,1,474,5.857798,86.26465
618,1,192,4.942402,39.15443
572,1,192,4.942402,39.00285
231,0,234,1.953199,59.77181
619,1,274,5.9178,50.5404
573,1,248,5.425602,41.25502
124,1,3959,20.08609,752.5584
620,1,201,4.836102,39.55752
574,1,200,4.94,40.27491
575,1,198,4.9406,40.04375
621,1,247,4.925902,45.59643
232,0,686,2.862793,144.197
180,1,800,6.759993,143.1859
164,1,1471,12.0588,280.2271
622,1,193,4.942102,39.3544
125,1,647,7.805886,129.484
126,0,256,1.948799,64.01528
127,0,0,0,0
181,1,459,6.362296,86.86533
160,0,3514,19.2967,653.5453
127,0,248,0.9504001,62.17549
128,0,0,0,0
165,1,785,6.764491,139.3547
182,1,481,5.855698,88.50978
128,0,493,1.901396,106.4453
129,0,0,0,0
623,1,1252,11.12451,234.869
129,0,249,-0.04980107,61.97116
183,1,468,5.757799,85.21506
130,0,0,0,0
166,1,644,7.806787,128.4316
210,0,2416,15.51657,478.9744
211,0,0,0,0
233,0,1642,11.1716,338.9458
624,1,251,5.424703,42.24985
625,1,195,4.941502,39.75454
184,1,571,6.828691,108.3717
626,1,197,4.940902,40.00293
234,0,480,2.904,104.0333
167,1,712,6.786392,129.0553
130,0,869,5.826229,175.7379
131,0,0,0,0
211,0,850,4.330002,174.4938
212,0,0,0,0
185,1,435,6.369495,86.11147
576,1,2610,19.21683,471.9149
212,0,237,0.4525987,60.25078
213,0,0,0,0
161,0,2099,11.58016,390.8725
577,1,211,4.936702,42.40295
186,1,405,6.278495,82.01395
168,1,787,7.263887,135.8235
162,0,271,1.945799,65.23196
578,1,250,4.925002,41.55408
627,1,987,8.494322,165.0253
131,0,749,5.350218,155.276
132,0,0,0,0
579,1,198,4.940602,40.35424
169,0,280,1.443999,68.63483
170,0,0,0,0
187,1,481,5.8557,85.93654
86,0,2899,13.90514,550.7838
580,1,224,4.932802,42.43029
581,1,190,4.943002,38.75424
213,0,1210,8.758022,243.5735
214,0,0,0,0
582,1,253,4.812102,41.52126
170,1,676,6.692388,127.5704
583,1,202,4.9394,40.39283
87,0,769,4.246215,156.4453
299,1,3883,22.33471,693.7895
214,0,485,2.402994,107.4829
215,0,0,0,0
584,1,250,4.925,41.25506
188,1,1011,8.688338,192.1527
132,0,1364,9.227235,266.1551
133,0,0,0,0
585,1,257,5.422902,49.66489
171,1,712,7.680986,128.8719
163,0,1684,9.163268,318.118
300,1,582,5.825396,99.2701
189,1,483,5.855097,85.71332
586,1,249,4.9253,41.25502
88,0,781,4.243799,152.121
587,1,210,4.937,40.47719
133,0,747,4.850605,155.6205
134,0,0,0,0
301,1,411,6.376695,82.95715
190,1,472,6.358395,92.7633
172,1,694,7.691786,138.0248
628,1,2427,16.27178,413.1131
134,0,372,1.425601,86.15427
135,0,0,0,0
629,1,226,4.932202,42.22998
302,1,497,6.732293,92.03682
215,0,1450,10.70996,294.124
216,0,0,0,0
191,1,482,5.8554,85.45428
135,0,247,0.9506,61.86819
136,0,0,0,0
235,0,3747,24.24998,725.4523
630,1,191,5.442702,38.95441
588,1,948,8.215601,171.3484
216,0,241,0.9518,60.30548
217,0,0,0,0
631,1,217,4.934902,43.44733
589,1,190,4.943002,38.60281
303,1,527,5.741898,87.23078
632,1,217,4.733102,42.92863
590,1,246,5.426202,41.25506
192,1,729,7.670485,133.3156
633,1,197,4.940902,40.47693
89,0,1639,9.571637,327.9645
236,0,705,4.859,142.6959
217,0,600,3.879992,128.2867
218,0,0,0,0
591,1,246,4.9262,41.25506
304,1,437,6.265895,84.93044
439,1,5154,35.95289,946.5883
634,1,215,4.8355,41.52269
592,1,203,4.939102,41.4548
136,0,1119,8.776247,232.3787
137,0,0,0,0
440,1,201,4.939702,40.40307
635,1,202,4.939402,40.60301
218,0,361,1.927799,84.37209
219,0,0,0,0
193,1,508,6.247593,85.75017
173,1,1728,10.4817,324.5273
593,1,205,4.833102,40.05946
441,1,200,4.940002,40.35442
237,0,613,4.377401,129.8456
305,1,500,5.849998,87.80285
137,0,376,2.424796,86.51723
138,0,0,0,0
594,1,237,4.928902,41.60273
442,1,188,4.943602,38.35453
636,1,561,5.8317,97.62333
595,1,249,4.9253,41.25502
443,1,253,4.924103,50.28424
306,1,409,6.377295,82.15433
194,1,619,6.709488,118.7868
637,1,211,4.9367,42.52504
444,1,188,4.943602,38.35451
174,1,766,7.270188,139.6433
596,1,300,4.8082,41.22349
638,1,282,4.915402,52.30118
307,1,445,6.366495,85.20528
597,1,216,4.9352,42.21703
195,1,452,6.259594,84.44853
164,0,3454,19.8088,639.0199
445,1,394,6.279994,73.53212
639,1,209,4.937302,42.40296
598,1,248,4.9256,41.25505
446,1,224,4.932802,40.35447
640,1,266,4.9202,40.95724
308,1,503,7.349089,100.5213
447,1,199,4.940302,40.00309
599,1,304,4.804603,50.28629
641,1,249,4.9253,41.25491
138,0,1486,9.702798,296.4203
139,0,0,0,0
448,1,223,4.933102,44.25213
219,0,1935,15.61288,380.6404
220,0,0,0,0
600,1,260,4.922,41.54135
642,1,204,4.938802,41.003
238,0,1790,12.14194,356.1306
165,0,878,5.324418,175.8963
449,1,207,4.937902,41.52275
139,0,252,0.9496,62.30062
140,0,0,0,0
309,1,492,5.852399,88.1943
601,1,248,4.9256,41.25504
643,1,248,4.9256,41.25484
450,1,191,4.742102,39.17312
602,1,216,4.935203,42.6825
220,0,483,2.403395,107.0814
221,0,0,0,0
196,0,1320,6.635506,251.0061
197,0,0,0,0
197,0,0,0,0
197,0,0,0,0
644,1,244,4.926803,43.08077
451,1,232,4.828599,41.62378
197,0,89,-3.017803,26.80722
198,0,0,0,0
198,0,0,0,0
198,0,0,0,0
198,0,0,0,0
310,1,469,5.8593,85.61075
603,1,248,4.9256,41.25506
645,1,239,4.9283,41.37558
452,1,225,4.932502,45.76779
90,0,3163,18.95142,593.3154
91,0,0,0,0
221,0,359,2.428196,83.88597
222,0,0,0,0
646,1,187,4.843902,38.15437
604,1,237,4.928902,46.15122
140,0,871,6.325838,180.57
141,0,0,0,0
453,1,292,4.9124,44.42817
198,1,502,1.84942,89.9827
647,1,190,4.943002,38.60303
605,1,191,4.942702,38.95431
454,1,188,4.943602,38.35454
648,1,192,5.442398,39.00302
606,1,202,4.939402,40.60252
141,0,370,1.925999,85.25613
142,0,0,0,0
455,1,209,4.937303,41.49406
239,0,1407,9.718661,278.75
607,1,216,4.935203,42.38617
649,1,242,5.427399,43.43775
91,0,806,3.338785,159.1617
456,1,196,4.941202,39.80309
222,0,848,6.330429,175.0298
223,0,0,0,0
650,1,189,4.943302,38.4031
608,1,208,4.937602,41.80257
199,1,756,8.273186,150.6716
457,1,246,4.9262,41.25513
223,0,243,0.9514,61.10842
224,0,0,0,0
651,1,207,4.937902,42.15444
142,0,622,4.375604,127.2845
143,0,0,0,0
609,1,248,4.9256,41.25507
458,1,192,4.942402,39.0031
652,1,203,4.939102,38.43066
610,1,233,4.9301,41.82552
459,1,208,4.937602,41.80307
653,1,202,5.439402,40.68044
200,1,550,5.834997,94.09029
311,1,1818,15.95451,350.3742
143,0,502,2.899593,111.9853
144,0,0,0,0
654,1,215,4.8343,41.90152
460,1,338,4.8986,52.01942
92,0,1063,5.485644,197.2256
144,0,245,0.951,60.84036
145,0,0,0,0
655,1,246,4.926203,49.12372
461,1,205,4.938502,41.20309
611,1,648,7.30559,120.1215
201,1,500,6.849993,95.23953
166,0,2838,17.93209,521.446
312,1,504,6.848788,96.43788
462,1,191,4.942702,38.95444
656,1,210,4.937,40.32157
612,1,210,4.937002,42.35397
463,1,190,4.943002,38.75444
145,0,493,3.901392,109.7655
146,0,0,0,0
657,1,193,4.942102,39.20305
613,1,191,4.942702,38.95451
464,1,184,4.944802,37.55443
313,1,471,6.358694,91.30948
93,0,721,4.254603,156.4831
202,1,518,5.844601,88.96066
658,1,211,5.436698,42.21609
614,1,193,4.942102,39.20293
615,1,189,4.843302,38.82662
659,1,248,4.9256,41.25485
465,1,307,4.773699,41.83964
146,0,497,2.400596,105.8486
147,0,0,0,0
94,0,397,2.920595,90.05032
616,1,194,4.941802,39.40312
203,1,456,6.363194,88.8952
314,1,496,6.246395,90.14528
660,1,247,4.9259,41.67052
466,1,256,4.9232,41.45512
617,1,201,4.939702,40.40256
224,0,2173,16.56523,419.4856
225,0,0,0,0
467,1,213,5.330098,39.5966
661,1,249,4.9253,41.25485
147,0,500,2.899991,111.9193
148,0,0,0,0
618,1,207,4.937902,41.75407
175,0,5372,42.42724,1000.571
176,0,0,0,0
468,1,208,4.937602,41.80311
315,1,487,6.353895,89.8814
204,1,512,5.743998,84.35704
662,1,221,4.831903,44.29435
619,1,223,4.933103,44.46198
176,0,258,0.9483999,63.90449
177,0,0,0,0
469,1,205,4.8385,40.68694
663,1,252,4.9244,41.31356
620,1,209,4.937302,42.40192
240,0,3283,22.84288,649.6177
470,1,203,4.939102,40.95445
205,1,463,6.259295,86.4039
664,0,274,1.445199,66.03391
665,0,0,0,0
665,0,0,0,0
621,1,232,4.9304,40.49873
471,1,227,4.931903,45.62223
95,0,1221,6.655889,241.1846
622,1,235,4.929502,42.40271
225,0,1088,8.782433,218.2089
226,0,0,0,0
206,1,401,6.279695,80.5538
472,1,249,4.9253,41.25514
148,0,1119,8.276279,223.7284
149,0,0,0,0
623,1,191,4.942702,38.95445
665,1,523,4.343094,97.11772
473,1,250,4.925003,48.1745
624,1,190,5.442998,38.60305
149,0,246,0.9507999,61.31371
150,0,0,0,0
666,1,208,5.437597,41.03493
177,0,1152,7.269649,231.8593
178,0,0,0,0
474,1,191,4.942702,38.95446
207,1,516,5.743998,83.97627
625,1,217,5.434897,42.10231
96,0,809,4.112994,158.6433
475,1,190,4.943002,38.75452
226,0,721,4.855817,152.0255
227,0,0,0,0
667,1,252,4.924402,42.20292
178,0,251,0.4497987,63.10685
179,0,0,0,0
241,0,1336,9.232862,274.1749
668,1,259,4.9223,41.82811
208,1,448,6.865589,83.90146
242,0,242,1.951599,60.52287
669,1,265,4.9205,42.58334
150,0,869,5.82623,180.7317
151,0,0,0,0
243,0,291,1.441801,68.78526
670,1,210,4.937002,42.20301
626,1,1029,10.69137,187.5448
671,1,198,4.940602,40.20303
107,0,8563,54.22736,1641.679
108,0,0,0,0
627,1,204,4.8352,40.58091
125,1,7133,46.86216,1326.125
244,0,396,3.420795,92.8765
672,1,219,5.434302,41.47366
673,1,190,5.443002,38.35435
628,1,261,4.9217,44.57091
151,0,869,5.326224,177.9191
152,0,0,0,0
97,0,1541,7.784773,293.0679
98,0,0,0,0
209,1,1179,10.9368,221.2687
674,1,189,4.943302,38.55438
476,1,1551,13.03482,281.839
629,1,203,4.9391,40.36985
675,1,209,4.937303,42.00302
477,1,248,4.9256,41.25513
152,0,501,2.399797,110.9816
153,0,0,0,0
676,1,190,4.943002,38.75454
478,1,217,4.9349,41.47812
210,1,579,5.5957,86.23774
126,1,1005,6.825272,150.0175
677,1,223,4.8301,40.35314
479,1,190,5.443002,38.75444
245,0,1107,7.278669,217.5847
98,0,762,3.347584,153.247
179,0,2310,18.53776,452.9171
180,0,0,0,0
678,1,248,4.9256,41.25484
211,0,495,2.300393,110.7437
212,0,0,0,0
212,0,0,0,0
212,0,0,0,0
212,0,0,0,0
212,0,0,0,0
679,1,220,4.934002,43.7188
127,1,659,6.696887,124.6446
680,1,202,4.939402,40.60299
212,0,454,-2.590769,102.06
213,0,0,0,0
213,0,0,0,0
213,0,0,0,0
213,0,0,0,0
213,0,0,0,0
153,0,1117,7.776706,228.5834
154,0,0,0,0
681,1,213,4.9361,40.85905
682,1,200,4.940002,40.35432
583,1,212,4.936402,39.15446
246,0,1235,7.753108,251.7805
683,1,229,4.931302,44.16982
213,0,520,-1.603967,113.5981
214,0,0,0,0
214,0,0,0,0
214,0,0,0,0
214,0,0,0,0
214,0,0,0,0
99,0,1399,8.119692,276.0534
584,1,384,5.147599,49.28576
684,1,204,4.938802,40.60306
585,1,190,4.943002,38.60286
108,1,2844,19.82251,545.8448
685,1,250,4.925,41.25486
214,1,467,1.259336,87.86488
586,1,205,4.938502,41.20299
686,1,248,4.9256,41.25485
587,1,233,4.830102,41.74662
215,1,513,6.346095,93.67176
588,1,248,4.9256,41.25486
109,1,673,7.798086,132.0694
589,1,211,4.936702,42.00235
227,0,4771,33.54572,911.2946
228,0,0,0,0
154,0,1738,10.15235,340.2162
155,0,0,0,0
216,1,445,6.366495,88.3695
590,1,297,4.910902,52.65807
110,1,662,7.701387,128.7486
591,1,267,5.419898,48.26307
100,0,1726,9.554847,327.9579
155,0,621,2.875791,130.8255
156,0,0,0,0
217,1,463,5.759898,84.05253
592,1,192,4.942402,39.15435
228,0,843,4.331398,173.6063
229,0,0,0,0
593,1,189,4.943302,38.55437
247,0,2264,13.0471,450.1152
594,1,262,4.9214,41.25486
595,1,250,4.925,41.25504
96,0,8968,57.60691,1720.557
97,0,0,0,0
229,0,849,2.83019,171.8454
230,0,0,0,0
111,1,1446,10.46569,260.0702
230,0,241,-0.04820111,60.5533
231,0,0,0,0
101,0,1347,7.230715,259.82
156,0,1369,6.726272,264.6907
157,0,0,0,0
596,1,582,5.825395,101.3671
218,1,1399,11.08038,258.8955
231,0,243,0.9514,60.78143
232,0,0,0,0
597,1,212,5.436399,42.60246
157,0,370,0.926,86.33983
158,0,0,0,0
180,0,4858,27.52757,922.4013
181,0,0,0,0
598,1,209,4.937302,42.40253
219,1,487,5.853899,85.4542
158,0,248,0.9503999,61.49058
159,0,0,0,0
112,1,743,8.277104,147.8588
599,1,199,4.940302,40.15387
181,0,257,0.9486001,63.59085
182,0,0,0,0
600,1,321,4.9037,43.17392
220,1,543,5.837096,91.41868
601,1,207,4.937902,40.98623
113,1,736,6.779192,132.5859
159,0,998,4.300416,203.9018
160,0,0,0,0
114,1,690,7.792984,129.5646
182,0,1535,6.693102,301.6954
183,0,0,0,0
248,0,3284,18.34277,639.6038
221,1,1200,9.140021,224.0019
102,1,2413,14.96033,423.7564
232,0,2297,13.54043,447.9911
233,0,0,0,0
168,0,2450,11.0099,449.6492
160,0,1116,4.276823,222.7901
161,0,0,0,0
183,0,514,1.897192,114.8197
184,0,0,0,0
222,1,497,6.250894,85.92124
184,0,254,-0.05080101,63.3741
185,0,0,0,0
223,1,521,5.742497,87.62827
103,1,972,8.708417,182.0282
249,0,1095,5.781088,212.5201
233,0,966,3.806778,194.8797
234,0,0,0,0
602,1,2279,12.81633,380.0028
603,1,208,4.937602,41.95431
604,1,200,4.940002,40.75396
104,1,634,7.309789,125.9404
115,1,1890,12.93307,355.515
605,1,198,4.940602,39.95377
606,1,192,4.841202,38.75383
607,1,229,4.826503,42.52481
105,0,557,2.888591,122.9078
116,1,620,7.813988,124.5399
608,1,209,4.937303,41.60247
480,1,9502,48.10213,1652.122
234,0,1568,9.186455,306.1265
235,0,0,0,0
106,0,513,2.897392,115.5405
481,1,203,5.439098,40.95444
161,0,2486,13.00274,471.4027
162,0,0,0,0
609,1,546,6.336191,94.09028
235,0,240,0.952,60.39011
236,0,0,0,0
117,1,672,7.798388,127.8488
185,0,2361,13.02776,456.8879
186,0,0,0,0
482,1,254,4.9238,41.25515
610,1,212,4.936402,42.35388
236,0,243,0.9514,61.28482
237,0,0,0,0
483,1,191,4.942702,38.95444
107,0,673,3.163589,143.7931
611,1,304,4.678199,41.64952
484,1,224,5.432798,42.98957
186,0,517,3.396591,115.0935
187,0,0,0,0
612,1,220,4.828603,42.9242
485,1,273,4.9181,42.00286
250,0,2813,17.93716,541.8615
613,1,191,4.942702,38.95438
486,1,218,4.934602,44.21877
162,0,1116,8.776836,224.75
163,0,0,0,0
614,1,204,4.938802,41.00254
251,0,241,1.951799,60.08738
487,1,248,4.9256,41.25512
118,1,1305,11.60861,231.4462
163,0,248,-0.04960107,61.48931
164,0,0,0,0
615,1,262,4.9214,41.78072
108,1,1040,9.688046,202.6406
616,1,207,4.837902,42.31598
488,1,467,6.359894,87.7749
617,1,249,4.9253,41.25502
237,0,1692,12.66156,341.7707
238,0,0,0,0
489,1,191,4.942702,38.95443
618,1,196,4.941202,39.80264
119,1,789,7.16329,131.6888
109,1,648,7.805587,128.6501
490,1,222,4.831003,43.1325
619,1,243,4.927103,48.20077
491,1,192,4.942402,39.15443
620,1,190,4.943002,38.75441
492,1,188,4.943602,38.35452
169,0,5138,28.47157,922.1913
621,1,251,4.9247,41.25489
120,1,664,7.30079,127.965
493,1,249,4.8211,41.2395
110,1,689,7.687284,128.5774
622,1,259,4.9223,41.751
494,1,207,4.937902,41.75444
121,0,313,1.937399,74.26407
122,0,0,0,0
111,0,387,1.422597,82.86765
112,0,0,0,0
623,1,266,4.9202,41.45493
495,1,258,4.922603,46.29647
624,1,188,4.943602,38.35435
496,1,188,4.943602,38.35449
497,1,215,4.935502,43.20309
625,1,249,5.425302,41.25486
122,0,636,2.37279,137.5827
123,0,0,0,0
112,0,543,2.391393,116.5199
498,1,193,4.942102,39.3545
252,0,2798,19.94006,532.6426
626,1,285,5.186899,42.95628
123,0,338,0.9324012,73.02016
124,0,0,0,0
499,1,264,5.420802,41.25513
113,0,419,1.416198,92.08501
114,0,0,0,0
627,1,249,4.9253,41.25485
187,0,3586,26.28227,689.356
188,0,0,0,0
164,0,2981,22.90333,578.3428
165,0,0,0,0
500,1,300,4.91,42.2576
124,0,468,1.906396,106.2037
125,0,0,0,0
501,1,259,4.922302,42.0031
114,0,574,2.385194,123.0836
125,0,330,0.9340015,74.6145
126,0,0,0,0
188,1,643,6.807089,126.5475
502,1,182,4.945402,39.33878
82,1,8986,45.80613,1751.204
503,1,207,4.937902,42.15444
165,0,999,4.300222,201.1564
166,0,0,0,0
504,1,231,4.930702,44.58832
115,1,666,7.800188,127.562
126,0,630,2.373991,135.695
127,0,0,0,0
189,0,766,3.746785,140.9548
190,0,0,0,0
166,0,368,1.426401,85.30901
167,0,0,0,0
83,1,714,7.28579,132.6888
127,0,349,0.9302011,74.3941
128,0,0,0,0
190,0,492,1.401596,107.3332
191,0,0,0,0
238,0,4228,29.65365,804.0434
239,0,0,0,0
239,0,239,-0.0478011,60.13195
240,0,0,0,0
128,0,602,1.879591,134.1271
129,0,0,0,0
84,0,697,4.360603,150.8258
129,0,303,0.4393987,71.93655
130,0,0,0,0
167,0,1120,4.275995,228.2747
168,0,0,0,0
318,1,393,6.382095,80.43919
85,0,723,4.355402,150.6227
319,1,443,6.367094,83.19046
130,1,705,6.788487,137.0307
320,1,479,5.856297,86.85561
628,0,3670,13.76573,623.5819
629,0,0,0,0
629,0,0,0,0
629,0,0,0,0
629,0,0,0,0
86,0,768,4.34641,162.4801
131,1,628,8.311587,125.2558
98,0,3991,20.48925,752.3071
99,0,0,0,0
168,0,1615,7.177084,314.9833
169,0,0,0,0
321,1,633,7.310089,117.5818
87,0,719,4.356203,154.3286
169,0,252,-0.05040118,62.20105
170,0,0,0,0
629,1,1001,4.1997,171.8224
322,1,490,5.853,89.02499
630,1,186,4.944202,37.95456
253,0,5153,29.96838,980.4537
631,1,226,5.332202,41.77451
88,0,703,4.359403,151.6868
323,1,468,5.8596,85.05495
170,0,742,3.351591,158.6507
171,0,0,0,0
632,1,187,4.943902,38.15444
633,1,236,4.929202,41.80239
324,1,426,6.372195,85.87981
634,1,253,4.814504,44.21865
89,0,740,4.352006,160.6299
635,1,254,4.9238,41.4986
325,1,578,6.177395,97.66219
132,1,2346,15.29614,424.5309
632,0,915,4.817006,186.7224
633,0,0,0,0
633,0,0,0,0
633,0,0,0,0
633,0,0,0,0
636,1,265,4.920503,43.75396
633,1,226,0.9322084,43.97561
90,0,713,4.357403,150.7979
326,1,508,5.847599,85.55327
634,1,295,4.9115,41.08131
133,1,619,8.314303,125.0482
635,1,264,4.920803,51.58034
171,0,1862,11.62757,362.0085
172,0,0,0,0
191,0,5201,24.35662,948.5182
192,0,0,0,0
327,1,476,5.8572,85.05485
130,1,650,7.804987,129.6057
91,0,700,4.360004,151.846
636,1,268,4.8166,41.27147
172,0,252,0.9496,62.38707
173,0,0,0,0
637,1,192,5.442402,39.00316
328,1,511,5.846697,86.45567
638,1,227,4.931902,44.39155
92,1,626,7.812187,124.6549
639,1,217,4.828903,39.16801
637,1,1754,11.47393,315.5261
173,0,743,3.85139,158.5378
174,0,0,0,0
329,1,467,6.359894,90.44569
640,1,224,5.432799,46.09233
240,0,5977,35.80478,1131.58
241,0,0,0,0
192,0,1060,3.78798,205.4117
193,0,0,0,0
638,1,208,4.831603,39.46809
641,1,256,5.423202,41.62324
639,0,287,1.442599,67.12625
640,0,0,0,0
640,0,0,0,0
640,0,0,0,0
640,0,0,0,0
174,0,499,2.400198,106.9713
175,0,0,0,0
330,1,431,6.370695,86.95593
642,1,191,4.942702,38.80314
134,1,1917,15.42485,371.3685
93,1,858,8.073603,146.7764
643,1,277,4.916903,44.05888
241,0,846,5.830828,174.7846
242,0,0,0,0
331,1,469,5.859299,82.2552
135,1,647,7.805886,128.0014
94,1,664,7.800788,129.5745
332,1,501,5.849699,86.02567
640,1,1175,4.147509,195.238
641,1,248,4.9256,41.25487
644,1,1100,6.72658,105.7289
131,1,2961,17.5061,531.6695
645,1,191,5.442698,38.80309
642,1,250,4.925,41.25484
333,1,698,7.290586,130.948
175,0,1736,9.652826,345.9622
176,0,0,0,0
646,1,249,5.425302,41.34868
647,1,189,4.943302,38.4029
334,1,421,5.773098,84.10004
648,1,206,5.438199,41.95407
132,1,673,7.798086,137.3485
649,1,240,4.928,42.62732
242,0,2053,9.589384,400.2307
243,0,0,0,0
335,1,480,6.251793,87.16689
176,0,873,3.825386,176.3005
177,0,0,0,0
650,1,237,4.928903,47.05803
225,1,7504,46.75148,1378.661
643,1,1264,10.62089,230.2379
133,1,657,7.701683,126.1548
651,1,191,5.442698,38.80314
95,1,2076,16.27234,397.383
336,1,432,5.870398,86.52827
243,0,604,4.379202,128.5324
244,0,0,0,0
644,1,204,4.938802,41.0029
652,1,215,5.435498,43.35446
506,1,671,6.79869,122.1786
226,1,503,5.849097,89.64027
653,1,213,4.936102,43.02069
645,1,273,4.788699,43.79771
507,1,187,5.443898,38.15448
337,1,447,6.365893,80.95399
646,1,190,4.943002,38.75446
134,1,696,6.791192,130.8562
508,1,242,4.927402,48.0832
654,1,289,4.9133,43.20382
647,1,222,4.933403,44.72277
509,1,207,5.437899,42.15446
338,1,420,5.873998,83.6925
655,1,248,4.9256,41.25504
193,0,4378,22.42324,782.8142
194,0,0,0,0
648,1,235,4.929503,45.74142
510,1,211,4.936702,42.80308
656,1,203,4.939102,40.8026
649,1,189,4.943302,38.40281
511,1,204,4.938802,41.55444
657,1,233,4.930102,41.75392
136,1,3526,24.94172,638.9244
339,1,494,6.630192,87.73223
135,1,801,7.259688,145.7887
512,1,188,4.943602,38.7867
650,1,229,4.830102,41.75384
658,1,203,4.939102,40.47192
513,1,190,5.442998,38.75448
651,1,216,4.832202,43.70809
194,1,735,7.178889,140.083
659,1,196,4.941202,39.95441
514,1,194,4.941802,39.55448
340,1,495,5.851497,87.85545
117,1,2208,14.83756,389.4842
660,1,190,4.943002,38.75433
652,1,256,4.9232,42.48761
137,1,711,7.786686,127.3794
515,1,249,4.9253,42.05515
653,1,236,4.9292,40.70956
661,1,239,4.928302,42.37054
136,1,740,7.777985,140.0906
516,1,190,4.943002,38.75448
341,1,451,6.364695,84.89932
662,1,203,4.9391,41.15523
654,1,246,4.9262,41.25488
195,1,774,8.143806,147.0807
517,1,229,4.9313,42.48795
118,1,649,7.698689,126.5243
663,0,253,1.949399,62.57637
664,0,0,0,0
664,0,0,0,0
664,0,0,0,0
664,0,0,0,0
244,0,2534,19.49293,484.0323
245,0,0,0,0
655,1,252,4.9244,41.25485
171,0,5885,32.32216,1062.178
138,1,705,7.288486,131.7693
227,1,2489,13.09907,376.8084
342,1,504,5.848797,94.33816
664,1,223,0.9331086,44.23963
137,1,685,7.089086,132.1337
656,1,196,4.941202,39.80301
177,0,3414,25.81671,656.138
178,0,0,0,0
518,1,515,6.345493,93.07049
657,1,188,5.443598,38.20278
665,1,249,4.9253,41.25505
658,1,211,4.936702,42.02225
228,1,480,5.855998,87.94574
119,1,753,7.173483,137.6062
519,1,248,4.8244,41.36197
666,1,195,4.941502,39.60307
343,1,533,5.840096,97.24886
139,1,688,6.793592,129.0555
520,1,208,4.937602,41.80309
659,1,257,4.9229,41.79462
667,1,279,4.9163,42.35965
138,1,751,7.468089,136.5477
660,1,208,4.937603,40.60267
668,1,222,4.933402,42.49955
344,1,469,5.8593,85.17855
196,1,1360,11.99214,261.9877
661,1,208,4.9376,41.99317
245,0,1330,10.23404,261.7257
246,0,0,0,0
521,1,514,6.240992,88.39531
669,1,262,4.921402,46.30052
662,1,189,4.943302,38.40297
178,0,1121,8.275845,225.8775
179,0,0,0,0
522,1,248,4.9256,41.25513
139,1,684,7.583987,131.3279
345,1,501,6.243693,91.28508
670,1,273,4.918102,48.08038
663,1,210,4.937002,42.75391
523,1,205,4.938502,40.66413
671,1,240,4.928002,42.34442
197,1,719,7.284288,139.2647
524,1,247,4.9259,41.25513
229,1,1437,10.30722,222.0898
672,1,249,4.9253,41.25504
346,1,506,5.8482,86.56156
525,1,210,4.937002,42.48348
140,1,713,6.87769,129.6436
673,1,231,4.930702,44.67519
526,1,205,4.938502,41.60307
140,0,1750,10.22845,315.4189
141,0,0,0,0
674,1,205,4.834303,39.20489
347,1,442,6.867393,83.54264
230,1,605,6.213692,100.1306
527,1,201,4.9397,40.34264
198,1,733,7.150691,127.0748
675,1,230,4.931,40.89239
664,1,1191,10.64278,201.4087
528,1,218,4.934602,43.42546
141,1,669,7.299289,129.3999
348,1,468,5.8596,85.05495
665,1,221,4.9337,42.60607
231,1,434,6.263794,82.85275
676,1,271,4.9187,41.76137
529,1,272,4.9184,41.25512
677,1,192,4.942402,39.15448
141,1,745,6.776488,131.939
666,1,232,4.823803,39.89849
530,1,222,4.933403,43.67032
199,1,731,7.533278,129.4349
179,0,1989,14.10208,389.4996
180,0,0,0,0
678,1,187,4.943902,38.15427
667,1,189,4.943302,38.5544
349,1,490,6.352992,95.66649
531,1,230,4.830999,41.00257
679,1,232,4.930402,42.9559
668,1,209,4.937303,41.60284
532,1,211,4.9367,41.87627
680,1,249,4.925303,43.83691
350,1,446,6.366195,90.64456
533,1,213,4.936102,42.55446
200,1,726,8.282186,135.0975
534,1,191,4.942702,38.95448
681,1,261,4.9217,43.08838
682,1,193,4.942102,39.20316
535,1,205,4.938502,41.35444
536,1,191,4.942702,38.95448
669,1,918,8.224601,163.7034
142,1,1361,11.88702,253.9273
180,0,1238,7.252501,239.7097
181,0,0,0,0
201,1,674,7.797787,129.0928
537,1,212,5.436402,41.37801
670,1,210,4.937002,41.55428
690,1,1279,10.61639,232.2799
538,1,214,4.935802,43.15446
232,1,1970,11.40916,371.2873
671,1,288,4.9136,43.76271
683,1,736,7.279186,127.5171
120,1,4577,26.51606,847.8576
691,1,211,5.730699,40.68126
539,1,272,4.797402,45.89646
684,1,208,4.937603,39.71955
255,0,4687,34.0623,876.3046
202,0,596,3.275988,130.5902
203,0,0,0,0
203,0,0,0,0
203,0,0,0,0
143,1,729,7.175885,130.2943
672,1,273,4.9181,41.76096
540,1,191,4.942702,38.95445
142,0,2506,14.99858,494.1316
143,0,0,0,0
233,1,517,5.744896,86.25946
256,0,234,1.953199,59.39527
685,1,266,4.920202,50.06953
673,1,248,4.9256,41.1852
541,1,208,4.937602,42.20307
121,1,667,7.299891,126.8937
686,1,251,4.9247,41.25505
674,1,233,4.930102,41.60249
542,1,210,4.734602,42.63544
203,1,620,4.313989,124.7569
687,1,206,4.938202,41.80269
144,1,731,7.175888,130.9272
675,1,240,4.928,44.09496
543,1,273,4.9181,42.24387
246,0,4891,40.5225,934.4521
247,0,0,0,0
234,1,687,7.193891,113.65
688,1,213,4.936102,42.4026
676,1,237,4.9289,41.23599
544,1,251,4.9247,41.25515
689,1,250,4.925,41.05518
677,1,207,4.937902,42.00262
143,0,1066,5.786857,219.5479
144,0,0,0,0
545,1,250,4.925,41.25513
235,1,440,6.867992,86.48897
690,1,213,4.936102,42.95406
678,0,267,1.9466,62.62656
679,0,0,0,0
679,0,0,0,0
679,0,0,0,0
679,0,0,0,0
546,1,189,4.943302,38.55448
145,1,790,6.656989,135.1689
691,1,224,4.932802,45.12981
679,1,218,0.9346087,42.42191
547,1,216,4.935203,43.55446
236,1,470,6.358994,90.30836
692,1,215,4.935503,42.27965
680,1,205,4.938502,40.58732
548,1,208,4.937603,41.21647
181,0,2612,20.97731,503.8045
182,0,0,0,0
693,1,227,5.431898,44.0215
144,0,846,3.830783,174.5094
145,0,0,0,0
681,1,207,4.937902,42.1538
549,1,216,4.9352,41.95689
237,1,468,5.8596,85.25416
682,1,206,4.938202,41.40247
694,1,267,4.9199,41.45511
550,1,194,4.840602,39.13732
122,1,2012,14.39643,364.3502
683,1,202,4.939402,40.6024
551,1,188,5.443598,38.35449
257,0,2348,18.03011,454.8366
695,1,307,4.907903,48.84102
684,1,216,4.935203,42.48682
552,1,193,4.841502,38.58078
696,1,252,4.9244,41.25504
685,1,208,4.937602,42.20247
553,1,213,4.936102,42.80302
697,1,194,4.941802,39.4031
692,1,3213,18.93521,561.9946
686,1,210,4.937002,42.20295
554,1,210,4.937002,42.73435
698,1,248,4.9256,41.25504
693,1,253,5.424102,41.25505
555,1,226,4.932202,42.32871
351,1,4781,27.33434,841.5252
699,1,214,4.935802,43.00271
145,0,1562,9.187692,320.1451
146,0,0,0,0
694,1,304,4.7794,42.66117
556,1,261,4.921702,41.75444
695,1,210,4.937002,42.20301
557,1,262,4.9214,42.0835
700,1,450,6.364994,85.89423
696,1,248,4.9256,41.25505
558,1,209,4.937303,40.70942
701,1,216,4.935203,43.68361
559,1,191,4.942702,38.95443
146,0,685,2.862988,145.7609
147,0,0,0,0
697,1,238,4.928603,45.51195
702,1,212,4.936402,42.60267
560,1,211,4.936702,42.12257
698,1,193,4.942102,39.20298
703,1,248,4.9256,41.25509
561,1,208,4.937602,41.95443
699,1,249,5.425302,41.25485
704,1,204,4.9388,40.67277
204,0,4288,20.58177,790.0632
205,0,0,0,0
562,1,222,4.933403,42.55975
700,1,248,4.9256,41.25486
705,1,206,4.838202,41.95911
563,1,198,4.940602,39.95443
701,1,188,4.943602,38.20303
706,1,211,4.936702,42.80304
182,0,3356,24.82832,646.5527
183,0,0,0,0
247,0,4466,34.10638,848.3398
248,0,0,0,0
564,1,249,4.9253,41.25513
702,1,248,5.425602,41.25487
707,1,224,4.932802,45.60542
565,1,228,4.8304,40.9363
703,1,207,4.937902,40.94693
708,1,203,4.939102,41.3541
248,0,486,2.902796,105.6847
249,0,0,0,0
566,1,210,4.937002,42.9491
704,1,273,4.9181,42.8423
567,1,248,4.9256,41.25513
147,0,1823,11.63538,368.7046
148,0,0,0,0
705,1,208,4.836402,42.2038
568,1,248,4.9256,41.25513
258,0,3823,27.73475,721.8862
183,0,1117,7.77668,224.0846
184,0,0,0,0
706,0,291,1.941799,68.31152
707,0,0,0,0
707,0,0,0,0
569,1,297,5.410899,53.98875
570,1,190,4.943002,38.75443
249,0,1208,6.758502,239.0868
250,0,0,0,0
259,0,618,2.87639,132.7767
709,1,1333,12.10022,252.0303
571,1,251,4.9247,41.88843
238,1,4961,35.51101,959.7988
572,1,190,4.943002,38.54971
710,1,208,5.337598,42.63807
260,0,240,0.9520034,60.20206
573,1,188,5.443598,38.35443
711,1,249,4.9253,41.25504
574,1,188,4.943602,38.35451
712,1,209,4.937303,42.00254
707,1,1395,8.581521,249.1993
146,1,6286,24.97184,962.1055
575,1,248,4.9256,41.25513
148,0,1764,10.1472,352.4882
149,0,0,0,0
713,1,249,4.9253,41.25506
205,1,3041,16.16302,547.1648
708,1,189,4.943302,38.00294
576,1,193,4.942102,39.35443
714,1,241,4.927702,43.24617
577,1,193,5.442102,39.35447
709,1,301,4.9097,42.4469
123,1,5942,24.79473,993.6201
578,1,250,4.925,41.25513
206,1,665,7.800488,126.0046
149,0,765,3.846986,163.9478
150,0,0,0,0
579,1,206,4.938202,41.80306
687,1,5713,36.06505,981.567
580,1,239,4.928302,42.00306
688,1,217,4.934902,42.99259
124,1,647,7.805888,129.5931
147,1,1276,11.11731,240.4178
581,1,207,4.937902,42.1544
689,1,250,4.8244,41.64861
150,0,689,2.862189,147.2327
151,0,0,0,0
97,0,7446,33.27451,1331.581
582,1,273,4.9181,43.30532
184,0,3230,22.85361,623.8132
185,0,0,0,0
583,1,249,4.9253,41.25513
148,1,693,7.792087,128.8508
125,1,740,7.668387,128.4316
584,1,207,4.937902,42.00307
715,1,1763,12.97119,291.9473
185,0,374,2.425196,87.05255
186,0,0,0,0
585,1,190,4.943002,38.75442
261,0,2888,21.92199,568.6342
250,0,3141,24.87133,610.0114
251,0,0,0,0
716,1,206,4.9382,41.575
586,1,192,4.942402,38.86952
262,0,237,1.952599,59.54249
717,1,248,4.9256,41.25504
690,0,1134,6.273247,216.1447
691,0,0,0,0
691,0,0,0,0
691,0,0,0,0
691,0,0,0,0
207,1,2001,12.8998,361.7513
587,1,369,4.8893,62.94441
588,1,210,4.937002,42.60299
151,0,1538,8.192472,307.2144
152,0,0,0,0
589,1,182,4.945402,37.15444
590,1,249,4.9253,41.39884
691,1,880,3.735997,164.5333
208,1,884,7.034781,152.9361
591,1,251,4.824102,44.49437
126,1,1706,13.88342,325.7204
692,1,208,5.437598,41.80249
693,1,248,4.9256,41.25484
694,1,192,4.942402,39.00309
186,0,1989,10.10215,391.8463
187,0,0,0,0
695,1,205,4.938502,41.60248
209,1,683,7.795086,131.6928
187,0,243,0.9514001,61.19785
188,0,0,0,0
592,1,772,6.768391,131.8279
152,0,1536,7.692928,308.1431
153,0,0,0,0
696,1,253,4.9241,41.25483
593,1,253,4.924102,46.19488
697,1,206,4.938202,41.40249
594,1,204,4.832802,39.76287
698,1,201,4.939702,40.40246
595,1,191,4.942702,38.95447
149,0,3177,19.76298,581.1064
150,0,0,0,0
699,1,229,4.931302,40.15395
188,0,870,5.826042,180.4665
189,0,0,0,0
596,1,206,4.938202,41.40306
352,0,9741,59.55846,1765.411
353,0,0,0,0
353,0,0,0,0
353,0,0,0,0
153,0,764,4.347197,163.5082
154,0,0,0,0
210,1,1060,6.797377,152.6689
700,1,230,4.931002,46.2295
597,1,223,4.9331,42.50327
701,1,297,5.410903,42.94123
598,1,258,4.922602,45.40951
702,1,218,4.934603,39.09124
599,1,190,4.943002,38.65606
239,1,6626,33.31106,1225.388
154,0,738,3.852387,159.2114
155,0,0,0,0
600,1,220,4.934002,43.87383
718,1,3655,21.9031,607.7237
703,1,253,4.9241,41.41199
601,1,190,4.943002,38.75443
704,1,205,4.938502,41.6026
719,1,253,4.9241,41.25508
240,1,468,5.8596,85.05408
602,1,188,4.943602,38.3544
705,1,249,4.9253,41.25485
720,1,248,4.9256,41.25506
603,1,251,4.9247,41.25512
706,1,215,4.8355,41.1361
241,1,423,6.272495,85.35842
155,0,874,3.825184,178.7808
156,0,0,0,0
721,1,242,4.927402,47.79441
604,1,206,4.9382,41.29876
189,0,1868,13.62635,363.7358
190,0,0,0,0
707,1,261,4.9217,41.66158
722,1,262,5.421402,42.74717
605,1,203,4.939102,40.80307
242,1,418,6.374595,84.20429
174,0,501,3.399792,108.4547
708,1,198,4.940602,40.20246
606,1,255,4.923502,49.24664
127,1,3914,28.22035,742.6462
709,1,248,4.9256,41.25485
156,0,694,3.361188,145.8563
157,0,0,0,0
710,1,7203,49.34158,1308.678
607,1,206,4.938202,41.40308
710,1,189,4.943302,38.40294
243,1,493,6.646694,86.95279
608,1,225,4.932502,44.21426
711,1,251,4.9247,42.81922
711,1,249,4.9253,41.25485
175,1,712,7.786386,135.2967
251,0,5856,43.83046,1113.259
252,0,0,0,0
712,1,248,4.9256,41.25486
609,1,249,4.9253,41.30802
190,0,1118,7.776476,228.3903
191,0,0,0,0
712,1,248,4.9256,41.25485
128,0,720,5.356025,156.067
129,0,0,0,0
610,1,188,4.841802,38.33553
713,1,249,4.9253,41.45523
713,1,205,4.938502,41.60246
176,0,549,2.790191,117.7028
611,1,248,4.9256,41.25513
714,1,204,4.938802,41.15437
714,1,300,4.780599,41.32364
612,1,204,4.938802,41.00308
715,1,249,4.9253,41.25486
129,0,598,2.880391,130.8792
130,0,0,0,0
244,1,1122,9.663455,204.5146
157,0,1308,8.238475,268.8926
158,0,0,0,0
715,1,188,4.842402,38.32189
613,1,296,4.9112,43.40984
716,1,247,4.9259,41.81817
716,1,207,4.937902,41.75384
177,0,666,4.259605,143.5171
150,0,4173,25.74264,735.2214
151,0,0,0,0
353,1,4015,25.79497,730.7643
717,1,189,4.943302,38.4031
614,1,280,5.415999,49.96241
245,1,482,5.855399,82.25483
723,0,2194,14.56104,387.9841
724,0,0,0,0
724,0,0,0,0
724,0,0,0,0
724,0,0,0,0
158,0,469,2.406196,106.2746
159,0,0,0,0
615,1,233,4.930102,44.69436
718,1,242,4.927402,46.00182
263,0,7103,48.08211,1388.593
178,0,511,2.791792,112.0469
719,1,208,4.937602,42.35431
616,1,249,4.9253,41.25513
191,0,1739,12.65209,340.1598
192,0,0,0,0
720,1,249,4.9253,41.25487
717,1,1008,9.097046,169.7631
617,1,266,4.920203,50.26043
130,0,1309,8.738274,269.8964
131,0,0,0,0
718,1,188,5.943598,38.35436
618,1,188,4.943602,38.35441
721,1,248,4.9256,41.25485
179,1,704,7.683986,137.4613
619,1,206,4.938202,41.80306
719,1,244,4.807002,42.6366
722,1,244,4.9268,43.07608
159,0,1340,8.232077,273.8146
160,0,0,0,0
620,1,251,4.9247,41.85513
354,1,1457,12.56299,277.4731
723,1,233,4.930102,41.60252
720,1,249,4.9253,41.25485
246,1,1426,11.47174,252.7089
621,1,223,4.933103,41.84683
724,1,215,4.935502,42.88154
721,1,274,4.917802,48.03744
622,1,189,4.943302,38.55444
180,1,710,7.178584,136.6065
725,1,208,4.937602,42.20247
151,0,1928,9.213287,363.9094
152,0,0,0,0
192,0,1242,7.251717,250.129
193,0,0,0,0
160,0,535,2.392994,114.2505
161,0,0,0,0
722,1,218,4.934602,43.92952
726,1,191,4.942702,38.80289
252,0,3262,24.8471,622.1551
253,0,0,0,0
623,1,275,4.917502,49.27835
247,1,669,5.563294,99.0976
131,0,1312,7.737698,266.7508
132,0,0,0,0
723,1,248,4.9256,41.25486
211,0,6243,34.25083,1185.409
212,0,0,0,0
624,1,209,4.937303,42.00309
727,1,292,5.311202,41.78361
152,0,497,2.400595,106.5285
153,0,0,0,0
724,1,248,4.9256,41.25488
625,1,200,4.940002,40.35444
248,1,476,6.357195,85.89207
626,1,251,4.9247,41.25514
728,1,552,6.334394,103.3267
212,1,755,6.273491,134.0424
249,1,443,6.367095,87.45889
729,1,215,5.435499,43.44518
132,0,987,5.802651,209.2251
133,0,0,0,0
627,1,430,6.870993,83.17305
725,1,764,7.270785,125.9767
264,0,2972,20.40526,564.3489
730,1,191,4.942702,38.80282
726,1,227,4.931902,45.85405
250,1,410,6.376995,82.75392
161,1,1547,12.53599,298.8548
731,1,183,5.445098,37.35455
727,1,223,4.827703,40.75556
732,1,208,4.9376,41.44121
133,0,655,3.368989,138.6464
134,0,0,0,0
733,1,192,4.942402,39.00282
251,1,430,6.766191,84.83085
162,0,502,3.399594,109.2064
163,0,0,0,0
193,0,2357,17.02834,454.8633
194,0,0,0,0
265,0,1086,7.782887,218.6866
734,1,494,6.351788,92.21696
134,0,598,2.880391,131.2763
135,0,0,0,0
213,1,1376,10.8807,247.4646
252,1,531,5.840698,89.38879
735,1,190,4.943002,38.60291
628,1,1649,11.50547,291.5897
736,1,295,4.9115,41.05478
135,0,454,1.409196,103.4413
136,0,0,0,0
737,1,189,4.943302,38.55442
629,1,249,4.9253,41.25512
163,0,1236,6.752861,258.5445
164,0,0,0,0
738,1,211,4.936702,42.00246
630,0,252,1.949597,63.00842
631,0,0,0,0
631,0,0,0,0
739,1,203,4.832502,39.20318
214,1,1118,8.961637,201.8377
631,1,281,2.807291,46.56517
355,0,4232,18.65312,775.7205
356,0,0,0,0
356,0,0,0,0
356,0,0,0,0
740,1,210,5.436998,42.20288
164,0,617,3.376591,134.588
165,0,0,0,0
632,1,472,5.253597,82.77286
741,1,482,5.355401,83.63982
194,0,1992,11.60152,394.1499
195,0,0,0,0
633,1,204,4.834602,39.8456
742,1,215,4.935503,42.30318
634,1,212,4.936402,43.15446
743,1,188,4.943602,38.35416
181,1,4820,31.13697,919.7847
215,0,1192,6.258051,242.8346
635,1,251,4.9247,41.25513
636,1,248,4.9256,41.25513
637,1,311,4.670699,41.7673
195,0,1242,6.751677,245.4528
196,0,0,0,0
638,1,267,4.9199,41.66788
639,1,189,4.943302,38.55442
136,0,2971,18.90545,593.3128
356,1,2268,10.31968,417.6066
640,1,265,4.920502,47.0562
137,0,442,2.411594,101.3852
138,0,0,0,0
641,1,269,4.9193,41.45514
266,0,4134,24.67254,792.2413
196,0,992,5.801667,204.0401
197,0,0,0,0
642,1,249,4.9253,41.25513
216,1,1854,14.53296,354.7333
253,0,6640,48.67517,1267.671
254,0,0,0,0
744,1,2136,13.85918,383.6114
138,0,462,1.907596,105.0029
139,0,0,0,0
165,0,2912,16.91738,585.7067
166,0,0,0,0
745,1,251,4.9247,41.25507
643,1,564,5.8308,98.95883
746,1,280,4.916,43.73801
644,1,237,4.928902,46.98653
217,1,893,7.732084,152.816
254,0,846,4.330799,175.7308
255,0,0,0,0
166,0,992,5.801649,207.874
167,0,0,0,0
747,1,837,7.24888,155.3708
253,0,5767,33.34586,1007.192
254,0,0,0,0
254,0,0,0,0
254,0,0,0,0
748,1,249,4.9253,41.25485
645,1,1033,7.690074,171.4866
357,1,2475,16.25738,424.9606
139,0,1708,10.65843,347.1424
140,0,0,0,0
749,1,226,5.432202,44.27823
646,1,189,4.943302,38.55449
254,0,507,-0.1014108,108.5161
255,0,0,0,0
255,0,0,0,0
255,0,0,0,0
182,1,4156,27.75264,772.9288
750,1,271,4.9187,41.455
358,1,414,6.375795,83.00429
647,1,251,4.9247,41.25513
218,1,1408,8.965031,245.2514
140,0,459,2.408196,104.4098
141,0,0,0,0
99,1,8773,42.83798,1563.097
751,1,249,4.9253,41.25485
648,1,254,4.9238,41.71161
255,1,481,3.35569,91.13013
752,1,190,4.943002,38.60309
359,1,449,6.258095,84.61929
267,0,2808,17.93818,545.1089
649,1,192,4.942402,38.90185
153,0,8960,52.16633,1597.019
154,0,0,0,0
753,1,206,4.938202,40.80733
141,0,593,3.381392,130.8059
142,0,0,0,0
219,1,628,7.711587,125.0237
100,1,708,6.787593,128.4714
754,1,212,4.936402,42.60276
360,1,493,6.245493,92.04205
183,1,970,7.348371,148.6376
255,0,2296,16.04061,451.7799
256,0,0,0,0
755,1,209,4.937303,42.59695
142,0,458,2.408396,104.6603
143,0,0,0,0
361,1,423,6.373095,83.2023
650,1,929,9.221348,172.591
154,1,934,8.818605,183.0742
651,1,226,4.932202,45.15437
256,0,1336,6.13224,250.3254
257,0,0,0,0
257,0,0,0,0
257,0,0,0,0
184,1,846,7.606587,138.1083
652,1,230,4.931002,42.35442
197,0,4224,28.65451,812.5155
198,0,0,0,0
167,0,3030,23.39359,606.7128
168,0,0,0,0
756,1,988,9.000042,168.8159
653,1,208,4.8376,41.24383
362,1,720,7.576785,127.1928
757,1,229,4.931303,42.6448
654,1,241,4.826502,41.73844
758,1,208,4.937602,41.80249
655,1,207,4.937902,42.00306
155,0,1067,6.286654,225.0303
656,1,213,4.936102,42.08641
101,1,1951,14.41472,357.1398
657,1,203,4.939102,40.80307
759,1,544,5.8368,96.40574
658,1,190,4.943002,38.75444
257,1,1464,6.426568,253.7393
760,1,209,4.937303,42.00241
659,1,249,4.9253,41.25513
761,1,244,4.9268,43.4402
660,1,186,4.944202,37.95447
762,1,202,4.939402,40.75385
661,1,248,4.9256,41.25513
168,0,1860,13.62788,379.4394
169,0,0,0,0
268,0,3369,20.82578,642.7335
763,1,212,4.936402,42.23814
185,1,2143,14.65649,363.7154
662,1,248,4.9256,41.25513
663,1,223,4.933102,42.34108
269,0,469,2.906191,102.0059
102,1,1638,13.50865,312.0306
664,1,190,4.841202,38.65514
270,0,235,1.952999,59.21324
186,1,631,7.810688,124.798
665,1,191,4.942702,38.95444
764,1,892,8.232409,167.2337
666,1,222,5.433399,43.69161
363,1,2865,21.54016,520.9403
765,1,209,4.937302,42.1538
258,1,1825,14.95248,342.3275
259,0,99,-0.01979998,26.82283
260,0,0,0,0
260,0,0,0,0
260,0,0,0,0
260,0,0,0,0
667,1,254,4.9238,42.90895
766,1,190,4.943002,38.60305
260,0,94,-4.018781,26.82283
261,0,0,0,0
261,0,0,0,0
261,0,0,0,0
261,0,0,0,0
261,0,95,-4.018981,26.75385
262,0,0,0,0
262,0,0,0,0
262,0,0,0,0
262,0,0,0,0
187,1,764,7.564189,138.5357
668,1,250,4.925002,49.02761
262,0,86,-4.017182,26.69142
263,0,0,0,0
263,0,0,0,0
263,0,0,0,0
263,0,0,0,0
364,1,467,5.8599,85.53195
263,0,93,-4.018581,26.39318
264,0,0,0,0
264,0,0,0,0
264,0,0,0,0
264,0,0,0,0
669,1,229,4.830702,46.54118
670,1,206,5.438202,41.17463
767,1,654,6.803792,118.768
256,0,4834,34.53317,926.1829
257,0,0,0,0
365,1,489,5.853297,87.65573
264,1,467,1.75992,85.12718
671,1,187,4.642702,38.53971
768,1,190,4.943002,38.60307
188,1,725,7.282489,131.8514
257,0,357,1.928596,83.63441
258,0,0,0,0
672,1,248,4.9256,41.25513
769,1,248,5.425602,41.25485
366,1,416,5.774598,83.245
265,1,495,5.8515,85.85353
770,1,248,4.9256,41.25485
673,1,301,4.809702,52.4344
367,1,413,6.876091,83.20213
771,1,215,4.935503,40.10829
189,1,704,7.788785,134.2919
674,1,249,5.325302,41.27417
266,1,419,6.374294,84.15365
675,1,243,4.927102,42.40308
772,1,317,5.404898,55.77502
368,1,415,6.375494,83.45581
773,1,189,4.943302,38.40297
676,1,215,4.935502,42.445
258,0,1091,5.781873,215.8392
259,0,0,0,0
774,1,259,5.422302,41.25488
677,1,263,4.9211,41.37289
103,1,3139,22.55788,586.9199
369,1,438,6.368595,86.9629
725,1,8417,49.47773,1438.557
190,1,894,7.52518,145.0811
775,1,250,4.925,41.25485
678,1,261,4.9217,41.25513
259,0,480,2.903994,107.3686
260,0,0,0,0
726,1,254,4.9238,41.55687
776,1,210,4.937003,41.27872
679,1,209,4.937302,42.40308
370,1,417,6.374896,84.00443
727,1,188,4.943602,38.35446
267,1,1367,11.88758,256.2717
777,1,255,4.923502,43.38501
680,1,250,4.925002,44.94195
104,1,739,7.173485,130.4524
728,1,214,4.935802,42.35421
191,1,672,7.596587,124.6228
681,1,188,4.943602,38.35445
271,0,3897,27.71992,756.0202
778,1,238,4.928602,43.43068
729,1,208,4.837602,42.42692
143,0,7491,49.0052,1454.447
144,0,0,0,0
682,1,215,5.435503,42.02526
268,1,433,6.265294,83.32848
779,1,189,4.943302,38.55444
730,1,207,4.937902,41.75396
683,1,189,4.943302,38.55444
731,1,191,4.840302,38.7066
192,1,612,7.816388,122.2583
780,1,354,4.7908,57.95618
105,1,710,6.786992,127.6374
684,1,284,5.4148,50.74938
732,1,200,4.940002,40.35447
781,1,204,4.938802,41.40246
685,1,215,4.9355,41.23626
733,1,249,4.9253,41.25507
782,1,191,4.942702,38.80285
144,0,853,5.829425,181.9883
145,0,0,0,0
734,1,225,4.9325,42.74226
686,1,269,4.9193,41.63828
783,1,239,4.928302,41.75389
193,1,709,7.28729,132.4505
687,1,249,4.9253,41.25513
784,1,247,4.9259,41.1727
735,1,301,4.9097,41.25508
688,1,189,4.943302,38.5545
106,1,1019,9.990767,198.6249
269,1,1443,12.56719,263.4143
785,1,211,4.9367,41.41422
736,1,209,4.937303,42.00248
145,0,721,4.855803,156.475
146,0,0,0,0
689,1,211,4.936702,42.43087
737,1,208,4.937603,39.55648
786,1,243,4.927104,43.20192
169,1,6562,51.92948,1292.252
690,1,206,4.837602,41.97856
270,1,403,6.274295,79.87127
371,1,2493,17.55073,425.417
787,1,190,5.442998,38.75444
738,1,259,5.422299,43.53876
260,0,2898,23.91998,562.222
261,0,0,0,0
691,1,263,4.921103,49.60337
788,1,188,4.943602,38.35427
739,1,207,4.937902,41.603
692,1,224,4.725002,44.14973
789,1,241,5.427699,41.75385
740,1,265,4.713303,43.82492
693,1,209,4.937302,42.15445
790,1,248,4.9256,41.25484
741,1,224,4.9328,43.97292
694,1,212,4.936402,43.00307
194,1,1786,10.46429,327.1949
791,1,248,4.9256,41.25485
742,1,204,4.938802,41.00259
695,1,189,4.943302,38.55441
792,1,206,4.938202,41.40247
696,1,191,5.442698,38.95448
793,1,238,4.825003,39.28093
697,1,211,5.436698,42.80307
743,1,524,6.342792,92.89979
794,1,223,4.933103,42.5703
195,0,674,3.365188,139.5225
744,1,190,5.442998,38.60314
698,1,259,4.9223,42.07515
261,0,1570,13.18592,312.058
262,0,0,0,0
170,1,1925,13.79736,308.9131
745,1,191,4.942702,38.80304
795,1,282,4.915402,47.90543
196,0,365,1.426999,78.37406
699,1,295,4.8115,41.45511
796,1,189,4.943302,38.55444
746,1,247,4.9259,41.25505
797,1,248,5.425602,41.25485
747,1,235,4.828902,42.40013
700,1,451,5.3647,82.22635
171,1,662,7.695987,126.3289
271,1,2549,14.23524,436.1702
748,1,193,4.840302,38.52683
798,1,239,4.928302,42.00252
701,1,248,5.425597,43.07682
749,1,209,4.937303,42.00269
799,1,247,4.9259,41.25486
199,0,1495,12.20098,293.6407
200,0,0,0,0
702,1,246,4.926202,45.37936
750,1,195,4.941502,39.75396
272,1,423,6.373095,85.35557
800,1,208,4.937602,42.20251
703,1,217,4.934902,42.57188
751,1,240,4.928002,41.80303
172,1,769,7.666883,139.1574
801,1,232,4.9304,41.17267
262,0,1570,12.18594,317.9787
263,0,0,0,0
157,1,1343,11.49721,258.0431
273,1,415,6.375495,83.6046
752,1,208,4.937602,41.80259
802,1,209,4.937303,42.0024
753,1,187,4.943902,38.00299
803,1,199,4.940302,40.15403
146,0,4006,31.19815,796.615
147,0,0,0,0
197,0,1757,9.648643,330.1102
754,1,248,4.9256,41.0551
804,1,207,4.937902,41.20251
755,1,190,4.943002,38.75449
704,1,929,9.221337,165.3628
756,1,208,4.834602,39.32177
705,1,198,4.940602,39.90934
757,1,214,5.334599,43.14048
805,1,578,5.518791,96.12685
198,1,736,7.779187,135.1711
758,1,209,4.9373,42.11047
806,1,247,4.9259,41.25484
706,1,486,5.854193,86.10294
759,1,220,4.934002,42.98404
807,1,190,4.943002,38.60309
707,1,283,4.9151,45.3381
760,1,191,4.942702,38.80311
104,0,9177,58.96035,1759.608
808,1,248,5.425602,41.25481
199,0,671,3.365792,133.8781
761,1,205,4.938502,41.35396
708,1,213,4.936102,42.95444
809,1,208,4.937602,42.20255
709,1,248,4.9256,41.25513
762,1,271,4.9187,42.84894
810,1,190,5.443002,38.60307
274,0,2212,14.03946,416.6935
275,0,0,0,0
275,0,0,0,0
275,0,0,0,0
811,1,208,4.9376,41.4458
710,1,309,5.407299,59.76321
812,1,193,4.542102,39.30926
711,1,187,4.943902,38.15445
200,1,868,7.23959,152.2439
813,1,249,4.925303,47.67077
712,1,206,4.938202,41.40317
814,1,229,5.431297,46.44025
713,1,248,4.9256,41.25513
200,0,3601,27.2792,707.6602
201,0,0,0,0
815,1,227,4.931902,42.47141
714,1,187,4.943902,38.15444
263,0,3379,24.82369,657.3669
264,0,0,0,0
201,1,812,7.046185,133.488
816,1,185,4.944502,37.60314
715,1,249,4.9253,41.25513
221,1,6830,36.95052,1299.002
272,0,9142,62.67809,1710.666
264,0,368,1.926396,85.11875
265,0,0,0,0
147,0,3352,21.82914,664.2319
148,0,0,0,0
817,1,249,4.9253,41.25485
158,1,3810,26.65278,670.3755
716,1,255,4.9235,41.58525
818,1,209,4.937302,42.40253
717,1,205,4.938502,41.75444
718,1,294,4.782399,42.77903
222,1,695,7.791487,132.2039
819,1,518,6.344596,94.13593
159,1,726,7.176185,131.5487
719,1,248,4.9256,41.25513
265,0,846,4.330795,174.4453
266,0,0,0,0
201,0,1494,8.701313,294.2296
202,0,0,0,0
820,1,246,4.826203,48.19944
720,1,213,4.936102,42.40298
821,1,204,4.938802,41.55388
223,0,586,2.382794,119.8149
224,0,0,0,0
721,1,205,4.938502,41.75444
822,1,188,4.943602,38.35449
722,1,248,4.9256,41.25513
160,1,694,7.291791,129.4272
266,0,721,4.355794,150.8653
267,0,0,0,0
823,1,208,5.437598,41.95422
723,1,187,4.943902,38.15447
224,0,594,1.381196,120.5549
225,0,0,0,0
824,1,251,4.9247,41.03098
724,1,199,4.837903,39.45481
148,0,1906,14.1187,390.9898
149,0,0,0,0
825,1,185,4.944502,37.60302
725,1,212,5.436399,43.21339
267,0,604,3.879191,132.0762
268,0,0,0,0
826,1,248,4.8256,41.1566
161,1,761,8.041677,127.2945
726,1,223,4.933103,45.29288
827,1,221,4.933702,44.00085
727,1,289,4.913303,51.26445
828,1,237,4.928903,45.94115
728,1,186,4.944202,37.95448
202,0,3183,18.65227,598.3326
162,1,684,7.688187,128.8543
829,1,285,4.9145,41.25486
729,1,248,4.9256,41.25513
225,0,1255,3.248975,250.7052
226,0,0,0,0
273,0,3190,23.36155,600.3098
149,0,1579,9.6842,319.7142
150,0,0,0,0
830,1,502,5.849391,91.31601
163,1,712,7.585785,129.9359
268,0,1573,8.685516,311.09
269,0,0,0,0
831,1,248,5.425602,41.25485
730,1,759,6.772285,131.8221
731,1,204,4.938802,42.66069
226,0,1125,2.673779,227.2062
227,0,0,0,0
732,1,212,4.936402,42.75443
832,1,516,5.845196,95.93449
164,1,687,6.793892,129.0556
833,1,209,4.937302,42.40249
733,1,267,4.919902,47.66061
202,0,3603,24.27884,695.4231
203,0,0,0,0
834,1,190,4.943002,38.75439
835,1,209,4.937302,42.55384
734,1,420,5.773395,74.45297
165,1,635,7.809488,127.6946
735,1,189,4.943302,38.55441
836,1,285,4.914502,51.24841
227,0,989,2.302184,196.0179
228,0,0,0,0
736,1,277,5.916895,47.8943
837,1,221,4.933702,44.70711
838,1,189,4.943302,38.40293
166,1,625,7.812488,125.2053
737,1,294,4.9118,41.25515
738,1,210,4.937002,42.60308
739,1,264,4.920803,47.85803
203,0,1736,9.152861,341.113
204,0,0,0,0
740,1,188,4.943602,38.35441
839,1,947,7.777467,154.5822
741,1,239,4.928302,42.80308
167,0,1138,6.772485,236.6183
168,0,0,0,0
742,1,208,4.937602,41.95447
269,0,3137,18.37226,598.7946
270,0,0,0,0
204,0,750,4.349997,156.3633
205,0,0,0,0
743,1,249,4.9253,41.25513
228,0,2047,4.472601,404.1541
229,0,0,0,0
744,1,248,4.9256,41.25513
840,1,777,7.766885,142.4958
168,0,670,3.865991,141.0116
169,0,0,0,0
745,1,188,4.943602,38.35444
841,1,211,5.436698,42.87989
274,1,4348,27.69495,810.7144
746,1,195,4.840302,38.58419
842,1,261,4.9217,41.87843
275,0,512,2.397593,110.4864
843,1,359,4.8923,62.61845
844,1,253,4.9241,41.75499
270,0,1689,10.1622,329.4874
271,0,0,0,0
276,0,526,3.394792,114.1899
229,0,1323,4.015001,256.8743
230,0,0,0,0
845,1,208,4.937602,42.16719
169,0,1206,6.758869,248.9548
170,0,0,0,0
846,1,222,4.933402,44.38596
764,1,486,7.249389,90.20538
170,0,377,1.424598,86.25641
171,0,0,0,0
847,1,236,4.929202,45.95387
765,1,249,4.9253,41.25504
848,1,188,4.943602,38.3543
766,1,207,4.937902,42.00273
106,0,1421,9.715839,291.7698
849,1,238,4.928602,44.91177
277,0,991,6.801862,202.2456
205,0,2607,16.47843,509.49
206,0,0,0,0
850,1,187,4.943902,38.1543
767,1,262,4.9214,42.13505
150,0,6240,40.25303,1226.4
151,0,0,0,0
851,1,187,4.943902,38.00314
768,1,223,4.9331,41.03122
852,1,188,5.443602,38.35438
769,1,189,4.943302,38.40304
151,0,458,2.408396,104.0048
152,0,0,0,0
853,1,189,4.943302,38.55433
770,1,195,5.441502,39.75445
854,1,230,4.931002,44.52505
230,0,1918,5.616474,382.6027
231,0,0,0,0
771,1,260,4.922,41.70189
855,1,258,4.9226,42.26786
772,1,270,4.784801,42.46763
108,1,8475,55.03976,1585.682
856,1,242,4.9274,41.1726
773,1,189,4.943302,38.40307
857,1,189,4.943302,38.40307
231,1,703,6.289092,129.968
203,1,8284,49.86859,1505.562
774,1,249,5.425302,41.25504
858,1,204,5.335202,38.97905
775,1,189,4.943302,38.40309
206,0,1988,14.10228,391.7472
207,0,0,0,0
859,1,250,4.925002,44.29185
776,1,189,4.943302,38.55465
109,1,764,8.164816,139.7915
860,1,211,4.936702,43.19076
777,1,189,4.943302,38.40302
747,1,4207,29.2373,774.5473
152,0,1706,11.15879,345.8506
153,0,0,0,0
204,1,671,8.298701,132.6296
232,0,752,2.849589,148.8156
233,0,0,0,0
278,0,2422,16.5154,481.8888
748,1,186,5.444198,37.95447
778,1,258,4.9226,41.45505
861,1,292,4.9124,42.00076
779,1,191,4.942702,38.95451
749,1,254,4.923802,46.12945
171,0,3349,22.82967,657.8661
172,0,0,0,0
862,1,248,4.9256,41.25485
750,1,186,4.944202,37.95446
233,0,616,1.376796,123.9365
234,0,0,0,0
205,1,665,7.700488,131.583
863,1,248,4.9256,41.25485
373,1,9769,59.43596,1821.949
751,1,243,5.827096,46.03732
110,1,1067,7.419261,144.4344
864,1,216,4.935202,43.58809
780,1,662,7.046173,87.45448
752,1,284,4.9148,46.34336
865,1,248,4.9256,41.25485
279,0,1142,8.771667,236.6467
781,1,228,5.431599,44.35291
374,1,483,5.855097,87.54573
234,0,621,1.375798,119.7205
235,0,0,0,0
753,1,249,4.9253,41.25513
206,1,748,7.649185,138.1784
782,1,248,4.9256,41.25504
111,1,666,7.800186,132.1616
754,1,210,4.937002,42.60308
783,1,248,4.9256,41.25504
866,1,602,5.719398,102.5974
755,1,197,4.838502,38.55325
375,1,528,5.841597,92.23727
280,0,606,3.878788,131.2668
867,1,190,4.943002,38.60303
756,1,209,4.937303,41.07269
784,1,250,4.925,41.25506
207,0,671,3.865787,142.7641
868,1,201,4.939702,40.80255
757,1,189,4.943302,38.55444
785,1,210,4.937002,42.60295
376,1,506,6.348192,90.27815
281,0,526,3.394793,111.3436
758,1,212,4.936402,42.75439
235,1,1115,6.542684,189.9528
869,1,269,4.9193,41.25487
786,1,258,4.922604,51.13568
271,0,5858,46.83035,1115.727
272,0,0,0,0
759,1,218,4.934602,42.10538
870,1,206,4.938202,41.40257
787,1,219,4.934302,42.63223
208,1,679,7.796287,132.9569
760,1,187,4.943902,38.15442
377,1,506,6.003785,85.70878
788,1,190,4.943002,38.75451
871,1,278,4.9166,42.93401
236,0,594,4.3812,131.087
237,0,0,0,0
761,1,259,5.422302,43.62714
789,1,206,4.938202,41.55398
153,0,3101,20.87941,611.8345
207,0,3479,30.80361,675.5003
208,0,0,0,0
872,1,248,4.925602,45.15226
172,0,2710,21.45761,535.2009
173,0,0,0,0
378,1,516,6.239793,87.37859
790,1,287,4.9139,42.99811
873,1,251,4.9247,41.37213
209,0,693,3.655988,130.9156
272,0,966,6.806876,194.4516
273,0,0,0,0
282,0,1140,8.272072,235.9198
791,1,190,4.943002,38.60316
874,1,190,4.943002,38.75449
237,1,621,6.813691,124.9557
208,0,497,2.900596,105.7834
209,0,0,0,0
379,1,402,6.379395,80.60286
875,1,210,4.937002,42.35399
876,1,249,4.9253,41.25485
380,1,407,6.277895,82.00224
210,1,721,7.573484,136.8051
154,0,1103,8.279491,232.1359
155,0,0,0,0
877,1,203,4.939102,38.46035
238,1,724,7.282786,131.9894
762,1,1292,10.11249,218.4651
878,1,251,4.9247,41.25488
763,1,189,5.443298,38.55436
381,1,458,5.862598,83.05502
879,1,286,4.9142,41.25483
283,0,1358,8.228493,278.0031
764,1,463,6.160496,89.37508
880,1,209,4.937303,42.00249
382,1,456,5.760798,82.6587
273,0,1574,11.18517,322.7423
274,0,0,0,0
765,1,215,4.935502,43.35445
881,1,205,4.938502,41.35398
173,0,2057,12.58846,403.5687
174,0,0,0,0
792,1,1658,11.50275,290.1568
239,1,913,6.861273,146.2986
882,1,208,4.937602,42.20247
766,1,223,4.933103,42.93016
793,1,258,4.922602,42.20269
383,1,460,6.257196,87.34983
284,1,695,8.291505,133.5894
767,1,206,4.938202,41.95443
274,0,604,3.379188,128.15
275,0,0,0,0
883,1,248,4.9256,41.25485
794,1,212,4.936402,41.80304
209,0,2051,12.58975,402.5457
210,0,0,0,0
174,0,591,3.381792,129.6186
175,0,0,0,0
384,0,310,1.437999,74.27399
385,0,0,0,0
385,0,0,0,0
385,0,0,0,0
385,0,0,0,0
385,0,0,0,0
155,0,1639,11.1722,335.3255
156,0,0,0,0
768,1,220,4.934002,43.99965
795,1,214,4.935802,42.78777
240,1,668,7.799586,125.9557
884,1,253,4.9241,43.78268
796,1,190,4.943002,38.60302
769,1,246,4.816604,44.02454
885,1,205,4.938502,41.75408
285,1,627,7.811887,125.6508
156,0,458,1.908396,104.3606
157,0,0,0,0
175,0,479,2.404196,106.2371
176,0,0,0,0
211,1,2129,16.03182,390.9821
770,1,234,4.9298,42.38132
886,1,248,4.9256,41.25485
797,1,321,5.9037,53.66492
771,1,249,4.9253,41.25513
241,1,699,7.29029,129.9042
887,1,250,4.925,41.8675
275,0,963,7.307473,197.4252
276,0,0,0,0
798,1,260,4.922002,47.05984
210,0,993,7.301465,207.4595
211,0,0,0,0
888,1,212,4.936402,41.56145
772,1,262,4.9214,43.81137
286,1,692,7.292391,128.4034
799,1,215,4.935502,42.62384
773,1,190,4.943002,38.75452
889,0,262,1.4476,64.09096
890,0,0,0,0
890,0,0,0,0
890,0,0,0,0
890,0,0,0,0
800,1,232,4.930403,46.74506
176,0,846,4.830799,178.7818
177,0,0,0,0
774,1,205,4.938502,41.20308
385,0,1455,0.7090238,303.5948
386,0,0,0,0
386,0,0,0,0
386,0,0,0,0
386,0,0,0,0
386,0,0,0,0
801,1,205,4.938502,41.20268
890,1,228,0.9316084,46.40195
775,1,191,4.942702,38.95448
212,1,1165,9.938575,213.7587
802,1,189,4.943302,38.55448
891,1,191,4.942702,38.80309
776,1,189,5.443298,38.55443
287,1,769,7.168688,128.7929
803,1,191,4.942702,38.80314
892,1,188,4.943602,38.35434
277,1,1194,10.23287,223.1404
777,1,239,4.928302,42.55445
804,1,188,5.443598,38.35435
893,1,204,5.438798,41.5538
177,0,964,5.807242,202.1119
178,0,0,0,0
778,1,248,4.9256,41.25513
805,1,218,5.434597,41.74153
894,1,249,4.9253,41.25485
213,1,701,7.28969,128.6531
806,1,189,5.443298,38.55449
895,1,206,4.938202,41.80252
779,1,273,4.8181,42.21134
278,1,595,5.821494,106.8786
288,1,773,6.532089,130.2072
386,0,1206,0.258825,253.3192
387,0,0,0,0
387,0,0,0,0
387,0,0,0,0
387,0,0,0,0
387,0,0,0,0
807,1,248,5.425602,41.25504
211,0,1863,14.12723,362.5057
212,0,0,0,0
780,1,190,4.943002,38.75443
896,1,209,4.937303,41.8895
178,0,602,3.879591,131.1967
179,0,0,0,0
781,1,188,4.943602,38.35447
897,1,188,4.943602,38.35425
808,1,254,4.923802,49.13106
214,1,663,7.801086,131.5474
898,1,191,4.942702,38.95441
279,1,549,5.835295,92.73186
782,1,243,4.927102,42.15443
809,1,311,4.9067,44.53432
289,1,746,7.276189,131.5108
899,1,208,5.437598,42.20247
783,1,247,4.9259,41.45513
175,0,5019,18.99556,1004.545
176,0,0,0,0
810,1,208,4.937602,42.35399
900,1,248,4.8256,41.26575
811,1,190,4.943002,38.75445
784,1,279,4.916304,51.90499
157,0,3355,25.3285,672.301
158,0,0,0,0
901,1,247,4.925903,48.07863
812,1,207,5.437898,41.35388
179,0,1019,6.796252,210.271
180,0,0,0,0
785,1,205,4.938502,40.70384
276,0,3140,26.37149,600.7883
277,0,0,0,0
112,1,8289,46.78441,1483.773
902,1,188,4.943602,38.35434
290,1,691,6.792693,129.402
280,1,985,10.09857,176.1064
786,1,234,4.929803,46.7592
176,1,697,6.290893,132.6913
903,1,259,4.9223,41.40287
787,1,190,4.943002,38.75446
387,0,1705,2.159016,353.2678
388,0,0,0,0
388,0,0,0,0
388,0,0,0,0
388,0,0,0,0
388,0,0,0,0
158,0,652,3.869589,138.1806
159,0,0,0,0
788,1,187,4.943902,38.15449
281,1,449,6.365294,88.8027
215,1,1582,12.42549,272.1232
291,1,711,6.786691,129.3275
789,1,248,5.425602,41.25513
212,0,2109,15.57806,408.3297
213,0,0,0,0
177,1,757,7.566283,136.8738
159,0,465,2.406996,105.4574
160,0,0,0,0
790,1,211,4.9367,41.63093
180,0,1142,6.771644,228.9426
181,0,0,0,0
282,1,479,5.856298,87.52802
388,0,699,-2.139773,152.0375
389,0,0,0,0
389,0,0,0,0
389,0,0,0,0
389,0,0,0,0
389,0,0,0,0
113,1,1106,10.66828,222.0132
791,1,249,4.9253,41.25513
277,0,1330,9.734009,261.2614
278,0,0,0,0
389,0,312,-3.56236,74.75049
390,0,0,0,0
390,0,0,0,0
390,0,0,0,0
390,0,0,0,0
390,0,0,0,0
792,1,188,4.943602,38.35441
242,1,4680,30.59526,843.8512
283,1,478,6.150595,90.62232
793,1,219,4.934302,42.6795
390,0,317,-3.56336,76.24628
391,0,0,0,0
391,0,0,0,0
391,0,0,0,0
391,0,0,0,0
391,0,0,0,0
284,1,488,5.8536,85.25418
114,0,956,6.308863,197.7692
178,1,1158,11.44971,219.0269
794,1,462,4.861408,83.51117
243,1,686,7.192986,131.8258
181,0,1157,5.768706,238.6996
182,0,0,0,0
795,1,190,4.943002,38.75444
796,1,222,4.933402,45.34485
285,1,582,6.124791,90.58945
797,1,205,4.938502,41.75442
244,1,718,7.179186,132.7949
798,1,210,4.937002,42.20308
391,1,1244,3.401016,221.9259
115,0,983,5.803451,200.1015
286,1,495,5.851497,89.68347
799,1,210,4.937002,42.25792
800,1,232,4.930403,43.25692
392,1,438,6.368596,84.32803
287,1,426,6.372195,85.95735
245,1,726,7.681586,136.2137
801,1,237,4.928902,41.60308
802,1,184,4.944802,37.1544
393,1,429,6.371295,86.91025
803,1,206,4.832803,39.21255
116,0,1026,5.794854,202.0747
160,0,3154,19.86881,619.2842
161,0,0,0,0
804,1,187,4.943902,38.15444
394,1,433,6.370095,87.28349
288,1,772,6.768393,140.9394
805,1,212,4.936402,42.6031
182,0,2244,13.05106,433.2557
183,0,0,0,0
213,0,3606,25.27828,695.7613
214,0,0,0,0
806,1,210,4.937002,42.20309
289,1,428,6.266194,81.46058
395,1,610,6.212191,113.5008
117,0,969,5.806252,197.9349
290,1,501,5.849697,88.38927
183,0,993,4.301417,206.5579
184,0,0,0,0
216,1,5046,32.36909,969.7629
291,1,516,5.845197,88.83912
246,1,2136,14.85918,399.2431
292,1,5129,30.46045,989.5992
184,0,479,1.904196,105.2934
185,0,0,0,0
161,0,2100,11.57994,424.3895
162,0,0,0,0
292,1,506,5.848198,86.44437
217,1,684,7.794786,132.7497
179,1,4311,27.59991,751.8021
185,0,606,3.378791,131.8836
186,0,0,0,0
247,1,823,7.113489,130.7136
293,1,780,7.265987,135.1427
118,1,1686,11.99434,301.7324
293,1,550,5.734396,93.81855
180,1,676,7.797187,130.389
294,1,422,5.873398,84.17886
248,1,665,7.800487,130.6216
186,0,718,2.356388,152.2034
187,0,0,0,0
214,0,2984,16.4029,578.7651
215,0,0,0,0
119,0,832,4.333598,163.4107
396,1,2805,20.05222,520.2114
181,1,859,6.723683,133.688
187,0,906,3.818783,185.8687
188,0,0,0,0
813,1,8268,51.52332,1520.392
120,1,789,7.263288,144.1382
814,1,245,4.926503,47.48453
815,1,192,5.442398,39.15447
249,0,1445,8.711079,288.8681
250,0,0,0,0
162,0,2497,16.50039,498.4207
163,0,0,0,0
816,1,215,4.935502,43.10539
397,1,1185,9.144524,220.585
250,0,292,0.441599,70.95539
251,0,0,0,0
121,1,656,7.197787,124.0315
817,1,248,4.9256,41.25508
294,1,2434,13.61528,431.7026
251,0,298,0.4403991,72.30779
252,0,0,0,0
818,1,232,4.8304,40.90508
398,1,480,6.355995,85.04083
188,0,1194,5.261232,233.1074
189,0,0,0,0
182,1,1429,10.57138,267.0043
819,1,248,4.9256,41.25504
252,0,297,0.4405991,72.35177
253,0,0,0,0
122,1,709,7.28729,124.6483
399,1,454,5.863799,86.15347
820,1,248,4.9256,41.25504
253,0,303,0.4393991,73.51594
254,0,0,0,0
821,1,189,4.943302,38.40313
400,1,471,6.858697,90.55076
295,1,1442,10.8573,271.2728
822,0,631,2.873796,132.5632
823,0,0,0,0
823,0,0,0,0
823,0,0,0,0
823,0,0,0,0
189,0,1277,6.244697,258.6378
190,0,0,0,0
401,1,475,6.151494,90.60379
163,0,2232,12.55342,450.4425
164,0,0,0,0
183,1,1878,13.93661,336.1461
823,0,628,-1.125605,132.1326
824,0,0,0,0
824,0,0,0,0
824,0,0,0,0
824,0,0,0,0
402,1,529,6.235892,88.09179
254,0,1605,7.17911,321.6202
255,0,0,0,0
190,0,959,4.30819,202.6455
191,0,0,0,0
403,1,461,5.861697,87.42466
255,0,304,0.4391992,73.41476
256,0,0,0,0
218,1,5578,27.65501,1049.221
184,1,732,7.780384,136.7515
256,0,292,0.4415992,71.45618
257,0,0,0,0
404,1,410,6.376996,82.35554
257,0,293,0.4413992,71.49466
258,0,0,0,0
296,1,2011,16.39663,386.7534
405,1,424,6.372795,85.55733
258,0,293,0.441399,70.94475
259,0,0,0,0
185,1,720,6.783991,129.3334
259,0,295,0.4409993,71.51251
260,0,0,0,0
406,1,520,5.843997,90.9687
297,1,677,8.196903,134.9122
260,0,296,0.4407991,72.24567
261,0,0,0,0
186,1,733,7.573486,130.4846
279,0,2198,14.06022,429.8127
280,0,0,0,0
261,0,301,0.4397991,72.82116
262,0,0,0,0
407,1,481,5.855698,87.09954
191,0,1983,11.60337,392.8859
192,0,0,0,0
219,1,1682,9.130119,275.4045
824,0,2502,10.99962,479.7859
825,0,0,0,0
825,0,0,0,0
825,0,0,0,0
825,0,0,0,0
262,0,290,0.4419991,70.98901
263,0,0,0,0
298,1,688,7.091791,128.6599
187,0,561,2.786591,122.4374
408,1,469,5.859298,86.79591
263,0,296,0.4407991,71.8498
264,0,0,0,0
264,0,291,0.4417992,70.76472
265,0,0,0,0
299,0,525,2.789591,112.9114
409,1,459,6.86229,90.01776
192,0,1027,5.294611,213.2306
193,0,0,0,0
164,0,3675,23.26443,725.9118
165,0,0,0,0
188,1,680,7.795987,130.7575
265,0,306,0.4387991,73.51762
266,0,0,0,0
410,1,411,6.376695,82.80197
300,1,634,7.809788,127.1546
193,0,598,2.380391,130.0692
194,0,0,0,0
411,1,430,5.870999,85.93923
825,0,1751,7.649908,351.5288
826,0,0,0,0
826,0,0,0,0
826,0,0,0,0
826,0,0,0,0
412,1,421,6.373694,82.95401
301,1,833,7.650083,158.6771
413,1,451,6.259295,87.54737
215,0,8818,51.74054,1673.841
216,0,0,0,0
194,0,1085,4.782991,226.8204
195,0,0,0,0
189,1,1630,11.15955,262.4361
826,0,1254,0.749204,247.874
827,0,0,0,0
827,0,0,0,0
827,0,0,0,0
827,0,0,0,0
414,1,752,6.774389,131.6288
266,0,2348,11.5303,455.7841
267,0,0,0,0
267,0,294,0.4411992,71.36153
268,0,0,0,0
827,0,625,-0.6250021,131.719
828,0,0,0,0
828,0,0,0,0
828,0,0,0,0
828,0,0,0,0
415,1,485,6.854491,87.99097
302,1,1571,9.321545,263.2374
195,0,1252,5.749645,258.9568
196,0,0,0,0
828,1,201,0.9397093,40.72767
268,0,293,0.4413992,71.19666
269,0,0,0,0
829,1,249,4.9253,41.18614
416,1,483,5.8551,86.79353
269,0,298,0.4403993,72.31539
270,0,0,0,0
830,1,188,4.943602,38.2031
216,0,1861,10.12784,362.8934
217,0,0,0,0
303,1,685,6.99149,127.5229
831,1,192,4.942402,39.00314
280,0,4768,27.54557,911.3354
281,0,0,0,0
270,0,292,0.4415992,71.05704
271,0,0,0,0
417,1,479,5.856299,86.28262
832,1,239,5.428299,42.4025
271,0,296,0.4407992,72.14758
272,0,0,0,0
833,1,215,4.935502,43.03529
272,0,291,0.4417992,70.99445
273,0,0,0,0
834,1,208,4.937602,42.2027
304,1,780,6.765989,149.175
835,1,264,4.696802,43.13196
273,0,296,0.4407991,72.06487
274,0,0,0,0
196,0,1814,12.63708,367.8746
197,0,0,0,0
836,1,216,4.935203,42.77968
274,0,297,0.4405992,72.42338
275,0,0,0,0
418,1,1052,9.079054,172.4083
305,1,643,7.706488,129.1946
837,1,229,4.931302,42.90379
190,1,3314,23.30478,611.2503
275,0,292,0.4415992,70.96752
276,0,0,0,0
838,1,212,4.9364,42.32715
197,0,541,2.391796,116.3464
198,0,0,0,0
419,1,507,6.347894,95.67488
839,1,187,4.943902,38.15444
276,0,294,0.4411992,70.85465
277,0,0,0,0
840,1,215,4.935502,43.20275
191,1,637,7.808888,127.756
306,1,674,7.297791,126.7695
277,0,298,0.4403991,72.6077
278,0,0,0,0
841,1,211,4.936702,42.95415
420,1,512,5.742197,91.0618
906,1,204,4.938802,39.05178
842,1,206,4.938202,41.80316
278,0,296,0.440799,71.93977
279,0,0,0,0
907,1,209,4.937302,42.40252
843,1,191,4.942702,38.80311
198,0,966,7.306866,203.6651
199,0,0,0,0
421,1,418,6.374595,83.95549
307,1,640,7.807987,128.5069
279,0,300,0.4399991,73.07624
280,0,0,0,0
192,1,680,7.795987,135.6025
844,1,191,4.840902,38.89176
124,0,1305,6.739062,249.9294
281,0,2901,23.41947,563.1872
282,0,0,0,0
280,0,290,0.4419992,71.13319
281,0,0,0,0
845,1,246,4.9262,41.25506
422,1,406,6.378195,81.95371
846,1,207,4.837902,42.50214
281,0,290,0.4419992,70.70929
282,0,0,0,0
308,1,616,7.815188,123.9538
193,1,709,7.787285,137.2959
847,1,207,4.937902,42.85521
282,0,296,0.4407991,72.23014
283,0,0,0,0
423,1,532,5.8404,105.7239
848,1,246,4.9262,41.25508
283,0,296,0.4407991,72.02827
284,0,0,0,0
849,1,211,4.936702,42.80274
309,1,643,7.807087,127.9534
284,0,299,0.4401991,72.72078
285,0,0,0,0
850,1,301,4.807899,41.25686
194,1,844,7.032981,132.4922
851,1,189,4.943302,38.40306
285,0,290,0.4419992,70.87694
286,0,0,0,0
424,1,967,9.209907,174.8793
852,1,212,4.936402,42.75409
310,1,679,6.796292,128.4646
286,0,296,0.4407991,71.77299
287,0,0,0,0
853,1,206,4.938202,41.95412
854,1,204,4.938802,41.55405
425,1,443,6.267095,88.15775
195,1,774,8.066586,148.075
287,0,295,0.4409992,71.97559
288,0,0,0,0
855,1,259,4.922303,50.02224
288,0,290,0.441999,70.95706
289,0,0,0,0
199,0,2765,18.44662,550.7642
200,0,0,0,0
908,1,3004,19.59852,531.2554
856,1,290,4.913,43.10021
289,0,299,0.4401992,72.85303
290,0,0,0,0
282,0,2777,18.94432,541.7956
283,0,0,0,0
857,1,248,4.9256,41.25504
808,1,9499,57.15548,1757.062
290,0,294,0.4411992,71.29591
291,0,0,0,0
125,0,3128,16.24961,569.585
858,1,191,4.942702,38.80311
909,1,573,6.013092,79.29173
809,1,189,4.842102,38.54744
311,1,1567,12.52999,286.9333
859,1,215,4.935502,43.3544
291,0,297,0.4405991,72.41196
292,0,0,0,0
910,1,261,4.9217,42.26521
217,0,6465,44.70923,1232.557
218,0,0,0,0
810,1,310,4.907004,55.82531
860,1,250,4.925003,45.20254
196,1,1487,12.84794,284.6451
292,0,291,0.4417992,71.22855
293,0,0,0,0
911,1,249,4.9253,41.25485
811,1,215,5.333097,38.77667
861,1,205,4.938502,41.60265
312,0,586,2.882789,125.1019
812,1,187,4.943902,38.15439
293,0,292,0.4415992,71.18279
294,0,0,0,0
862,1,219,4.9343,41.18488
912,1,329,4.901299,48.1331
200,0,1568,11.6864,314.7974
201,0,0,0,0
813,1,228,4.931602,46.06934
863,1,208,4.937602,41.80256
294,0,297,0.4405992,72.05995
295,0,0,0,0
913,1,261,4.9217,41.25488
197,1,729,7.281287,139.3417
814,1,246,4.9262,40.27889
313,0,559,2.888191,121.8018
864,1,248,4.9256,41.25504
914,1,190,4.943002,38.60304
295,0,297,0.4405991,72.35928
296,0,0,0,0
815,1,216,4.935203,43.4031
915,1,237,4.928903,45.74531
865,1,258,4.922603,41.40297
296,0,294,0.4411992,71.27755
297,0,0,0,0
816,1,248,4.9256,41.25513
916,1,215,4.935502,42.45088
866,1,259,4.9223,41.45507
314,0,552,2.889591,117.3244
166,0,1501,11.69977,302.4673
167,0,0,0,0
283,0,2233,20.55318,432.0034
284,0,0,0,0
198,1,730,6.680391,128.949
817,1,246,4.9262,41.25513
297,0,293,0.4413992,71.58862
298,0,0,0,0
917,1,271,4.9187,43.40059
867,1,247,4.9259,41.25506
126,0,2268,14.34442,412.0298
818,1,285,4.9145,42.79778
918,1,212,4.936402,41.85058
298,0,293,0.4413992,71.30486
299,0,0,0,0
868,1,217,4.828303,39.29645
315,0,541,2.89179,121.2301
819,1,207,4.937902,42.15444
919,1,209,4.937302,42.55385
869,1,241,4.927703,47.66669
299,0,297,0.4405992,72.28153
300,0,0,0,0
199,1,667,7.799887,128.5559
920,1,248,4.9256,41.16682
870,1,226,4.932203,42.71397
284,0,848,5.330423,170.926
285,0,0,0,0
300,0,293,0.4413991,71.02551
301,0,0,0,0
201,0,1968,11.60634,389.7953
202,0,0,0,0
820,1,478,6.256593,87.48927
127,1,761,7.271692,143.4019
316,0,562,2.887589,122.871
921,1,238,4.928603,42.77558
871,1,248,4.9256,41.25504
821,1,192,5.341798,38.54914
301,0,296,0.4407991,72.05888
302,0,0,0,0
922,1,212,4.936402,42.20252
872,1,239,4.928302,46.58094
822,1,203,4.939102,40.80309
200,1,735,6.77949,132.1222
923,1,246,4.823802,43.38751
302,0,296,0.4407991,72.15463
303,0,0,0,0
873,1,247,4.9259,41.25508
317,0,629,4.374205,138.9156
924,1,210,4.937002,42.20254
202,0,726,2.854789,151.9354
203,0,0,0,0
128,0,713,4.257396,135.5496
874,1,194,4.941802,39.40313
303,0,297,0.4405991,72.56374
304,0,0,0,0
823,1,462,6.361394,83.71365
925,1,262,4.921402,46.91131
875,1,206,4.9382,40.86229
824,1,209,4.937302,42.55444
304,0,300,0.4399992,72.46029
305,0,0,0,0
926,1,201,4.939702,40.6716
876,1,209,4.9373,41.20804
318,0,562,3.38759,119.785
825,1,204,4.9388,40.34093
203,0,654,2.869191,141.16
204,0,0,0,0
877,1,190,4.841202,38.65045
927,1,232,4.9304,41.23089
305,0,297,0.4405992,72.48675
306,0,0,0,0
129,1,747,7.775885,142.4444
826,1,212,4.936402,43.37423
878,1,212,4.9364,41.83659
928,1,205,4.938502,41.35384
306,0,287,0.4425991,70.60777
307,0,0,0,0
827,1,232,4.8292,40.64069
879,1,190,4.943002,38.75454
929,1,248,4.9256,41.25485
880,1,205,4.9385,40.91613
307,0,293,0.441399,71.00703
308,0,0,0,0
930,1,235,5.429502,46.81015
130,1,609,8.317302,122.1483
881,1,211,4.936702,42.80276
319,0,1011,4.79782,207.7202
308,0,293,0.4413991,70.85065
309,0,0,0,0
931,1,206,4.938202,41.95403
882,1,187,4.943902,38.15442
932,1,187,4.943902,38.15432
309,0,295,0.440999,71.42499
310,0,0,0,0
883,1,261,4.9217,41.6854
933,1,206,5.438199,41.80286
320,0,546,3.39079,120.9212
828,1,1108,8.088791,114.7751
310,0,305,0.4389991,73.69063
311,0,0,0,0
934,1,210,4.937002,42.60273
285,0,3136,27.37228,610.1469
286,0,0,0,0
204,0,1640,13.17193,331.1442
205,0,0,0,0
829,1,209,4.837302,42.55989
935,1,190,4.943002,38.60301
311,0,288,0.4423991,70.6187
312,0,0,0,0
830,1,230,4.931,41.57961
936,1,189,4.943302,38.40302
312,0,291,0.4417992,71.0349
313,0,0,0,0
321,1,702,7.789385,132.1453
831,1,249,4.9253,41.25513
205,0,650,1.869991,139.8757
206,0,0,0,0
832,1,246,4.9262,41.25513
313,0,293,0.4413992,71.44662
314,0,0,0,0
833,1,188,4.943602,38.35444
314,0,294,0.4411992,72.07002
315,0,0,0,0
834,1,189,5.443298,38.55444
131,1,2077,15.675,393.4447
206,0,724,2.855189,148.0827
207,0,0,0,0
937,1,1303,10.38039,228.5116
167,0,5710,38.85912,1112.178
168,0,0,0,0
938,1,190,4.943002,38.60315
132,1,713,7.786087,135.4409
939,1,206,5.438199,41.80307
322,1,1700,9.490041,279.5223
207,0,839,2.832188,173.5335
208,0,0,0,0
940,1,290,4.913,41.25488
315,0,1254,5.749251,256.9601
316,0,0,0,0
941,1,249,4.9253,42.88395
201,0,5133,35.14697,964.6389
202,0,0,0,0
202,0,0,0,0
202,0,0,0,0
316,0,297,0.4405991,71.80544
317,0,0,0,0
133,0,825,2.734394,173.5139
942,1,206,5.438202,40.02701
208,0,554,2.889194,117.4282
209,0,0,0,0
323,1,686,7.794186,133.1871
168,0,1250,7.750096,261.1628
169,0,0,0,0
317,0,291,0.4417991,70.57539
318,0,0,0,0
943,1,222,4.933403,42.95141
944,1,189,4.943302,38.5544
318,0,296,0.4407991,71.62106
319,0,0,0,0
884,1,3752,23.87392,641.3031
319,0,295,0.4409993,71.46738
320,0,0,0,0
324,1,664,8.300805,131.925
945,1,433,6.370101,83.23225
885,1,249,4.9253,41.25504
209,0,903,5.319412,188.0586
210,0,0,0,0
134,1,1076,6.67719,190.2703
320,0,296,0.4407991,71.90238
321,0,0,0,0
946,1,235,4.9295,44.90943
325,0,291,1.4418,70.83223
886,1,208,4.837602,42.31226
947,1,248,4.9256,41.25486
321,0,291,0.4417992,71.1793
322,0,0,0,0
326,0,414,2.417196,94.26876
948,1,289,4.9133,44.15439
322,0,298,0.440399,71.80365
323,0,0,0,0
286,0,4408,28.61769,842.3749
287,0,0,0,0
135,1,610,7.816988,122.3472
210,0,844,4.8312,179.8094
211,0,0,0,0
327,0,308,1.438399,75.75168
949,1,210,4.937002,42.75386
323,0,291,0.4417992,70.97188
324,0,0,0,0
887,1,1021,9.091942,171.4772
328,0,414,1.917196,95.72404
324,0,296,0.4407992,71.83618
325,0,0,0,0
888,1,206,5.438202,41.37425
136,1,714,7.285787,138.113
325,0,297,0.4405991,71.91351
326,0,0,0,0
329,0,326,1.434799,74.47192
950,1,750,7.563585,132.6236
889,1,250,4.925,41.45497
951,1,187,4.943902,38.15432
890,1,208,4.937602,42.35413
326,0,293,0.4413992,71.41665
327,0,0,0,0
952,1,210,5.436997,41.71568
330,0,412,2.417596,93.46852
202,0,3273,17.64444,602.8622
203,0,0,0,0
203,0,0,0,0
203,0,0,0,0
327,0,296,0.440799,71.79266
328,0,0,0,0
953,1,202,4.9394,40.49847
331,0,395,1.420996,92.95318
954,1,205,4.9385,40.89611
328,0,294,0.4411992,71.85104
329,0,0,0,0
955,1,249,4.9253,41.25482
891,1,854,8.243807,154.1262
332,0,335,1.932999,74.34271
329,0,293,0.4413992,71.19109
330,0,0,0,0
287,0,2176,13.06462,422.9812
288,0,0,0,0
892,1,207,4.937902,42.15422
211,0,2092,11.08157,408.8311
212,0,0,0,0
219,0,2240,16.05184,441.2983
220,0,0,0,0
330,0,295,0.4409992,71.62007
331,0,0,0,0
893,1,248,4.9256,41.25504
137,0,1780,10.541,355.6198
956,1,544,5.735601,96.78131
331,0,297,0.4405991,72.48969
332,0,0,0,0
894,1,244,4.926802,42.60285
957,1,207,4.937902,41.60255
333,1,834,8.24981,152.3443
895,1,188,4.842402,38.19088
958,1,216,4.935203,42.94785
332,0,292,0.4415992,71.32227
333,0,0,0,0
896,1,211,4.936702,42.80273
959,1,186,4.944202,37.95427
288,0,968,5.806476,198.2281
289,0,0,0,0
138,1,665,7.699286,124.1448
333,0,296,0.440799,71.60087
334,0,0,0,0
960,1,208,4.837602,42.64793
897,1,254,4.9238,41.62646
334,0,295,0.4409993,71.55145
335,0,0,0,0
961,1,214,4.8358,43.67219
334,1,691,7.792686,133.7867
898,1,235,4.9295,41.20059
289,0,602,2.879594,128.208
290,0,0,0,0
962,1,220,4.934002,43.87151
899,1,202,4.939402,40.60261
139,1,646,7.306189,126.9464
335,0,296,0.440799,71.80801
336,0,0,0,0
963,1,191,4.842102,39.28357
900,1,248,4.9256,41.25504
335,0,496,3.400793,105.8798
290,0,360,1.927998,84.007
291,0,0,0,0
336,0,297,0.440599,71.81062
337,0,0,0,0
964,1,221,4.933703,39.46272
901,1,240,4.928002,45.1828
965,1,186,4.944202,37.95435
337,0,301,0.4397991,73.37003
338,0,0,0,0
902,1,244,4.9268,45.21864
966,1,189,4.943302,38.55444
338,0,286,0.4427992,70.19662
339,0,0,0,0
903,1,188,4.943602,38.2031
291,0,605,3.378992,128.4167
292,0,0,0,0
967,1,236,4.929203,47.7561
212,0,2661,16.96758,529.3005
213,0,0,0,0
904,1,211,4.9367,41.32589
339,0,292,0.4415992,71.2724
340,0,0,0,0
968,1,248,4.9256,41.25501
336,0,983,7.80348,201.4931
905,1,239,4.928302,42.55412
969,1,248,4.9256,41.25485
340,0,296,0.4407991,72.12959
341,0,0,0,0
906,1,196,4.941202,39.8031
970,1,262,4.921402,46.55745
907,1,217,5.434898,42.8706
341,0,297,0.4405991,71.74714
342,0,0,0,0
140,1,1806,13.45824,348.1327
971,1,213,4.936102,42.29265
908,1,188,4.943602,38.35447
342,0,293,0.4413992,71.65028
343,0,0,0,0
972,1,187,4.943902,38.1543
909,1,188,4.943602,38.35439
220,0,3727,26.25408,701.6635
221,0,0,0,0
910,1,190,4.943002,38.75455
973,1,206,4.938202,40.7241
343,0,296,0.440799,71.74443
344,0,0,0,0
911,1,219,4.9343,43.76327
974,1,215,5.435498,43.41267
213,0,1557,8.188685,312.5233
214,0,0,0,0
344,0,292,0.4415992,71.19908
345,0,0,0,0
427,1,7835,50.15253,1448.386
912,1,209,4.937302,42.40274
975,1,225,4.932502,42.49406
345,0,297,0.4405991,72.5176
346,0,0,0,0
976,1,214,4.935802,43.00248
913,1,256,4.696802,43.46469
292,0,2173,16.56522,428.2707
293,0,0,0,0
977,1,253,4.9241,41.45483
914,1,231,4.9307,42.69704
428,1,542,6.627191,92.52255
346,0,296,0.4407991,72.22446
347,0,0,0,0
214,0,672,2.865591,140.5175
215,0,0,0,0
915,1,212,4.735202,43.16547
978,1,227,4.931902,45.7182
347,0,291,0.4417992,70.99665
348,0,0,0,0
979,1,209,4.9373,41.35588
916,1,248,4.9256,41.25504
429,1,556,5.632596,88.1506
348,0,294,0.4411992,71.22878
349,0,0,0,0
980,1,225,4.932502,42.45441
917,1,224,4.932802,44.13533
981,1,198,4.838202,38.93705
349,0,295,0.4409992,71.69541
350,0,0,0,0
918,1,285,4.9145,42.67701
430,1,518,5.8446,87.60886
982,1,248,5.425602,41.25485
350,0,299,0.4401992,72.75739
351,0,0,0,0
919,1,249,4.9253,41.25504
337,0,3313,25.83684,628.4153
983,1,207,4.937902,42.00269
141,0,2771,17.44548,549.5204
920,1,248,4.9256,41.25504
351,0,293,0.441399,71.01532
352,0,0,0,0
984,1,208,4.937602,42.35402
431,1,457,6.160494,86.89904
921,1,221,4.933702,43.07114
985,1,249,4.9253,41.25486
352,0,292,0.4415992,71.11452
353,0,0,0,0
338,0,490,3.901991,108.9645
922,1,233,4.930102,45.01199
432,1,445,6.366494,83.7543
986,1,248,4.9256,41.25485
353,0,296,0.440799,71.86028
354,0,0,0,0
923,1,188,4.943602,38.20308
987,1,215,4.733099,41.8928
354,0,296,0.440799,71.76653
355,0,0,0,0
433,1,436,6.369195,87.73895
924,1,317,4.9049,48.01916
988,1,215,4.9355,41.26977
989,1,189,4.943302,38.40306
355,0,297,0.4405991,72.30232
356,0,0,0,0
339,0,982,6.803672,197.0817
434,1,479,6.235894,89.18489
925,1,480,6.355996,89.53674
990,1,272,4.9184,41.86245
142,0,1587,9.682631,324.4341
356,0,291,0.4417991,71.24308
357,0,0,0,0
293,0,3263,25.3469,629.842
294,0,0,0,0
991,1,216,4.935202,42.20878
215,0,3125,22.37459,613.8989
216,0,0,0,0
926,1,297,5.410902,43.42398
357,0,296,0.4407992,72.04625
358,0,0,0,0
435,1,459,5.862298,83.25497
992,1,285,4.9145,42.73057
927,1,257,4.922902,49.37263
221,0,4535,32.09222,866.0011
222,0,0,0,0
358,0,292,0.4415992,71.3186
359,0,0,0,0
993,1,212,4.936402,43.00293
928,1,254,5.423802,41.90314
436,1,445,6.265895,87.62208
359,0,299,0.4401992,72.82825
360,0,0,0,0
994,1,234,4.929802,41.80235
929,1,249,4.9253,41.25504
995,1,258,4.922602,45.09117
360,0,297,0.4405991,72.44138
361,0,0,0,0
930,1,224,4.9328,41.39912
203,0,9859,60.08072,1773.879
204,0,0,0,0
204,0,0,0,0
204,0,0,0,0
437,1,469,5.8593,85.38634
996,1,231,5.322898,39.81085
340,0,1596,11.68075,311.0717
216,0,1204,9.259244,248.7035
217,0,0,0,0
931,1,239,5.428303,43.59639
361,0,290,0.4419991,70.76375
362,0,0,0,0
997,1,208,5.437598,41.95391
341,0,248,1.450401,61.08474
932,1,249,4.805502,42.3654
438,1,444,6.366795,88.95724
362,0,293,0.4413992,71.388
363,0,0,0,0
998,1,249,4.825299,41.25485
933,1,246,4.9262,41.25506
222,0,1489,12.20211,300.8863
223,0,0,0,0
363,0,296,0.4407991,72.09165
364,0,0,0,0
439,1,402,6.379395,80.91792
143,0,2249,14.55006,447.9264
204,0,977,4.304587,197.7686
205,0,0,0,0
205,0,0,0,0
205,0,0,0,0
999,1,450,4.865,66.68488
364,0,296,0.4407991,72.21581
365,0,0,0,0
1000,1,195,4.941502,39.60299
205,0,234,-1.546808,59.41493
206,0,0,0,0
206,0,0,0,0
206,0,0,0,0
440,1,455,6.363496,90.17332
365,0,293,0.4413992,71.50893
366,0,0,0,0
1001,1,190,4.943002,38.75443
934,1,735,7.779485,129.402
1002,1,186,4.944202,37.95438
935,1,237,4.826499,41.89497
366,0,294,0.4411992,71.796
367,0,0,0,0
170,0,4523,35.09534,894.2283
1003,1,186,4.944202,37.95432
441,1,468,5.8596,85.05493
936,1,190,4.943002,38.60287
367,0,294,0.4411992,71.81471
368,0,0,0,0
1004,1,191,4.942702,38.95452
937,1,211,4.936702,42.80276
206,0,833,2.732186,162.8642
207,0,0,0,0
207,0,0,0,0
207,0,0,0,0
1005,1,212,4.936402,39.40264
294,0,3379,27.32365,650.7264
295,0,0,0,0
368,0,295,0.4409993,71.5058
369,0,0,0,0
442,1,466,6.259593,89.26686
938,1,249,4.9253,41.25505
1006,1,246,4.9262,41.25486
939,1,211,4.936703,41.24968
369,0,295,0.440999,71.44015
370,0,0,0,0
940,1,205,4.838502,42.25432
144,0,1802,12.03894,364.7299
370,0,295,0.4409993,71.42172
371,0,0,0,0
941,1,213,4.936102,42.12149
342,0,2576,20.98445,505.8181
217,0,2892,17.92129,568.0073
218,0,0,0,0
371,0,295,0.4409991,71.53764
372,0,0,0,0
942,1,294,4.9118,41.05511
943,1,190,4.943002,38.75455
372,0,294,0.4411992,71.4289
373,0,0,0,0
295,0,1329,9.234201,273.0372
296,0,0,0,0
944,1,210,4.834602,39.21303
373,0,296,0.4407991,71.97975
374,0,0,0,0
218,0,727,2.354589,152.64
219,0,0,0,0
945,1,202,4.939402,40.754
374,0,295,0.440999,71.42499
375,0,0,0,0
946,1,216,4.9352,42.93182
443,1,1973,12.08598,339.1501
947,1,211,4.7343,41.17568
219,0,533,1.893396,115.6153
220,0,0,0,0
375,0,296,0.4407991,71.42888
376,0,0,0,0
207,0,2282,13.04349,427.8913
208,0,0,0,0
208,0,0,0,0
208,0,0,0,0
171,0,2687,19.46227,538.8414
172,0,0,0,0
948,1,248,4.9256,41.25505
376,0,292,0.4415991,70.67875
377,0,0,0,0
949,1,187,4.943902,38.00295
444,1,460,6.655392,84.46843
377,0,294,0.4411991,71.15242
378,0,0,0,0
950,1,213,4.936102,41.91556
1007,0,2531,17.99355,477.5923
1008,0,0,0,0
1008,0,0,0,0
1008,0,0,0,0
1008,0,0,0,0
220,0,674,2.865189,144.9395
221,0,0,0,0
223,0,4349,32.62952,832.1896
224,0,0,0,0
951,1,211,4.936702,42.80274
445,1,488,6.148794,92.90642
378,0,296,0.4407991,72.08617
379,0,0,0,0
952,1,259,4.922303,43.6512
379,0,296,0.4407991,71.761
380,0,0,0,0
953,1,189,4.943302,38.40304
221,0,712,2.857589,149.0819
222,0,0,0,0
343,0,2823,21.43506,551.2302
380,0,293,0.4413991,70.97594
381,0,0,0,0
954,1,271,4.9187,41.25505
208,0,1592,8.081097,306.6544
209,0,0,0,0
209,0,0,0,0
209,0,0,0,0
955,1,209,4.937303,42.00261
381,0,297,0.4405991,71.75781
382,0,0,0,0
209,0,293,-1.05861,68.30409
210,0,0,0,0
210,0,0,0,0
210,0,0,0,0
145,1,3561,26.02696,680.1947
956,1,256,4.9232,41.45505
222,0,648,2.870389,142.6148
223,0,0,0,0
446,1,1182,10.64548,211.1887
382,0,297,0.440599,71.95716
383,0,0,0,0
383,0,292,0.4415991,71.19571
384,0,0,0,0
957,1,454,5.363794,86.48632
447,1,472,5.758399,85.80668
958,1,190,4.943002,38.75449
384,0,297,0.4405991,72.22952
385,0,0,0,0
959,1,194,4.941802,39.55444
223,0,839,3.832186,173.5023
224,0,0,0,0
385,0,292,0.4415992,71.26659
386,0,0,0,0
210,0,1138,4.272384,219.6488
211,0,0,0,0
211,0,0,0,0
211,0,0,0,0
448,1,537,6.132295,90.40813
960,1,247,4.9259,41.25506
296,0,3987,28.2019,770.9538
297,0,0,0,0
386,0,296,0.4407991,72.21767
387,0,0,0,0
961,1,246,4.9262,41.25506
224,0,2736,17.95249,524.7892
225,0,0,0,0
387,0,291,0.4417991,70.90044
388,0,0,0,0
962,1,248,4.9256,41.25507
449,1,508,6.246993,86.9521
963,1,260,4.922,42.20354
388,0,297,0.4405991,71.85455
389,0,0,0,0
964,1,207,4.937902,42.0027
450,1,499,5.850297,92.10423
389,0,297,0.4405991,72.55011
390,0,0,0,0
224,0,1341,6.231833,270.9616
225,0,0,0,0
297,0,1089,6.282239,215.5486
298,0,0,0,0
390,0,292,0.4415991,71.5141
391,0,0,0,0
391,0,293,0.4413991,70.64324
392,0,0,0,0
298,0,479,1.404197,107.4182
299,0,0,0,0
225,0,722,3.355587,155.9564
226,0,0,0,0
392,0,296,0.4407991,72.16015
393,0,0,0,0
965,1,1097,8.670906,191.0566
451,1,1209,8.137277,227.4469
393,0,293,0.4413992,71.38145
394,0,0,0,0
966,1,254,4.799201,42.77926
394,0,295,0.4409989,71.13408
395,0,0,0,0
967,1,248,4.9256,41.25504
452,1,466,6.260196,88.67543
299,0,966,5.806849,194.1891
300,0,0,0,0
226,0,891,4.821807,187.7086
227,0,0,0,0
968,1,208,4.937602,42.20291
225,0,2356,14.52872,461.0119
226,0,0,0,0
395,0,295,0.4409992,71.34504
396,0,0,0,0
226,0,250,-0.05000114,61.44312
227,0,0,0,0
396,0,296,0.4407991,72.1845
397,0,0,0,0
453,1,477,6.356895,92.94752
969,1,514,6.206199,79.80584
397,0,297,0.4405991,72.44331
398,0,0,0,0
454,1,417,6.374896,84.4218
398,0,293,0.4413992,71.70436
399,0,0,0,0
455,1,431,6.370696,87.00562
399,0,297,0.4405991,72.30232
400,0,0,0,0
1008,0,6689,42.16409,1273.538
1009,0,0,0,0
1009,0,0,0,0
1009,0,0,0,0
1009,0,0,0,0
400,0,292,0.4415992,71.31142
401,0,0,0,0
227,0,1368,6.726519,265.3396
228,0,0,0,0
970,1,1161,8.651717,205.8161
401,0,297,0.4405991,72.50452
402,0,0,0,0
971,1,227,4.931902,40.55396
456,1,730,7.280992,134.2632
402,0,292,0.4415992,71.13624
403,0,0,0,0
972,1,296,4.911202,49.35132
403,0,298,0.4403991,72.77253
404,0,0,0,0
146,1,6279,22.90412,1157.365
227,0,2458,14.50833,488.4641
228,0,0,0,0
457,1,485,6.354492,93.38924
973,1,260,4.922,41.25508
974,1,224,4.826803,39.47152
404,0,299,0.4401992,73.00323
405,0,0,0,0
458,1,411,6.376695,82.62634
975,1,187,4.943902,38.003
228,0,499,2.400196,109.9667
229,0,0,0,0
976,1,249,4.9253,41.25504
405,1,665,7.196889,130.558
229,0,484,1.403195,106.6273
230,0,0,0,0
459,1,714,7.285789,135.5534
406,1,666,7.300192,124.8561
230,0,658,1.368389,144.3426
231,0,0,0,0
211,0,7280,35.61774,1299.294
212,0,0,0,0
212,0,0,0,0
212,0,0,0,0
228,0,2854,12.429,547.2268
229,0,0,0,0
231,0,602,2.379592,131.7066
232,0,0,0,0
460,1,1329,9.101337,234.3879
977,0,2274,9.045221,441.9695
978,0,0,0,0
978,0,0,0,0
978,0,0,0,0
978,0,0,0,0
407,1,1454,7.930192,258.9538
212,0,1257,3.748575,248.3577
213,0,0,0,0
213,0,0,0,0
213,0,0,0,0
461,1,1172,11.04189,225.4294
147,0,3792,11.74118,759.7079
462,1,464,6.160194,87.01809
213,0,1103,0.5559869,217.4122
214,0,0,0,0
214,0,0,0,0
214,0,0,0,0
148,1,751,7.774684,148.9447
463,1,494,5.851797,86.17841
1009,0,5873,23.82448,1106.466
1010,0,0,0,0
1010,0,0,0,0
1010,0,0,0,0
1010,0,0,0,0
464,1,481,5.855698,87.65595
149,0,621,3.375793,128.1285
214,0,830,1.614179,159.9325
215,0,0,0,0
215,0,0,0,0
215,0,0,0,0
300,0,7973,40.40717,1523.628
301,0,0,0,0
215,0,526,-1.105217,113.7342
216,0,0,0,0
216,0,0,0,0
216,0,0,0,0
408,1,2740,14.17805,483.1067
465,1,1006,8.198176,189.8207
409,0,303,1.439399,72.1087
410,0,0,0,0
173,0,4450,24.60927,872.8504
174,0,0,0,0
150,0,1189,6.76229,239.5591
410,0,336,0.432799,74.04371
411,0,0,0,0
466,1,434,6.260795,82.58041
216,0,765,1.346986,154.6225
217,0,0,0,0
217,0,0,0,0
217,0,0,0,0
411,0,332,0.4335991,74.50558
412,0,0,0,0
229,0,4724,21.05452,912.0775
230,0,0,0,0
232,0,4625,23.57436,888.119
233,0,0,0,0
1010,0,2023,7.59547,390.8308
1011,0,0,0,0
1011,0,0,0,0
1011,0,0,0,0
1011,0,0,0,0
467,1,433,6.370095,84.04733
217,0,526,-0.1052148,113.7255
218,0,0,0,0
218,0,0,0,0
218,0,0,0,0
301,0,1810,9.138015,358.9171
302,0,0,0,0
468,1,411,6.376695,82.79574
151,0,1222,7.255697,243.1885
345,0,4417,22.61609,849.7811
230,0,992,4.801619,200.3803
231,0,0,0,0
469,1,484,6.249993,87.34451
412,0,1216,6.256879,249.2678
413,0,0,0,0
233,0,1332,7.733698,273.5756
234,0,0,0,0
978,0,5304,23.43866,1019.259
979,0,0,0,0
979,0,0,0,0
979,0,0,0,0
979,0,0,0,0
174,0,1972,11.10562,399.0934
175,0,0,0,0
470,1,449,5.759898,84.69238
471,1,473,5.858098,84.96886
231,0,994,2.801183,200.1525
232,0,0,0,0
152,0,1226,6.754889,245.5658
175,0,589,2.382192,130.4636
176,0,0,0,0
413,0,1178,4.764438,240.1062
414,0,0,0,0
472,1,412,6.376395,83.00241
234,0,1444,5.211254,292.3259
235,0,0,0,0
473,1,477,5.8569,85.62405
232,0,1120,3.275977,229.2841
233,0,0,0,0
474,1,452,6.259594,85.4664
414,0,1369,4.726259,274.266
415,0,0,0,0
475,1,460,5.861999,83.45519
153,0,2022,10.09562,392.6963
415,0,335,0.4329991,74.38232
416,0,0,0,0
302,0,3747,16.2502,727.9185
303,0,0,0,0
476,1,462,6.260795,88.59975
235,0,1446,5.710821,293.6377
236,0,0,0,0
154,1,661,7.301692,123.1823
303,0,601,0.8797993,127.4305
304,0,0,0,0
236,0,660,2.367991,144.7701
237,0,0,0,0
346,0,4172,19.16495,795.3755
176,0,2952,13.90945,585.9682
177,0,0,0,0
177,0,595,1.380991,130.0285
178,0,0,0,0
416,0,1534,6.693333,308.6279
417,0,0,0,0
237,0,842,2.331584,177.4352
238,0,0,0,0
233,0,2731,9.45372,528.8079
234,0,0,0,0
155,1,1207,10.63802,232.3905
156,0,652,3.869588,133.2495
238,0,1323,5.235454,262.7493
239,0,0,0,0
417,0,1541,5.591906,311.0382
418,0,0,0,0
157,0,646,3.370792,132.743
239,0,660,1.36799,145.1325
240,0,0,0,0
418,1,690,6.79299,130.4596
158,1,687,7.293891,127.7477
218,1,7638,28.40014,1378.569
477,1,3856,13.8432,672.3708
740,1,179,4.946302,38.67663
240,0,733,1.853389,153.095
241,0,0,0,0
419,1,668,7.594787,131.8128
159,1,697,7.790888,134.9103
478,1,473,5.858099,85.88734
115,0,6084,31.57845,1164.169
219,1,738,7.674386,135.5882
741,1,255,4.9235,41.25486
742,1,213,4.834302,40.29476
241,0,536,2.392795,115.5372
242,0,0,0,0
479,1,556,5.731399,90.32317
743,1,210,4.937002,42.75434
420,1,664,7.695387,131.0205
160,1,701,7.289685,125.9885
220,1,706,6.788191,130.0564
744,1,231,4.9307,41.03101
480,1,463,6.361096,88.61468
242,0,655,2.868989,143.9391
243,0,0,0,0
421,1,683,6.795093,128.6559
161,1,739,7.17649,126.0478
221,1,689,7.293291,128.0227
481,1,466,6.360194,91.5103
243,0,548,2.390396,118.7704
244,0,0,0,0
745,1,1082,8.096572,111.6976
482,1,493,5.852098,87.25584
422,1,689,7.29329,128.8573
222,1,681,7.195685,127.4644
746,1,271,4.9187,43.34758
244,0,537,2.392596,114.7586
245,0,0,0,0
162,0,904,5.213811,181.3858
747,1,210,4.937002,42.75444
483,1,521,5.843696,88.25559
178,0,5518,28.39569,1077.467
179,0,0,0,0
748,1,189,4.943302,38.55439
234,0,5345,26.9304,1024.629
235,0,0,0,0
979,1,9792,45.56395,1854.478
749,1,246,4.9262,41.25486
235,0,250,0.4499987,61.92381
236,0,0,0,0
223,1,729,7.675885,129.3292
484,1,404,6.278795,81.55368
980,1,248,5.425602,41.25504
423,1,973,7.454078,150.4824
750,1,259,4.9223,41.66423
981,1,209,4.836702,42.40736
751,1,188,4.943602,38.3544
163,1,985,8.70452,181.309
982,1,232,4.930402,46.52571
304,0,7246,39.55163,1385.887
305,0,0,0,0
224,1,656,7.202587,125.4463
752,1,255,5.423502,41.74532
983,1,190,4.943002,38.75454
424,1,692,7.792388,130.8144
984,1,213,4.936102,43.01611
753,0,278,1.444401,66.83398
754,0,0,0,0
754,0,0,0,0
1012,0,2243,15.55123,434.3498
1013,0,0,0,0
1013,0,0,0,0
1013,0,0,0,0
1013,0,0,0,0
985,1,250,4.925,41.57686
754,1,291,2.91269,53.19419
986,1,206,4.938202,41.4026
425,1,658,7.802588,125.2271
755,1,277,5.416903,42.33924
987,1,256,4.618402,49.4632
756,1,220,4.934002,42.81522
988,1,255,4.923502,48.45286
757,1,264,4.920802,50.11876
347,0,8467,46.80951,1609.199
989,1,200,4.940002,39.34988
426,1,662,7.801386,131.929
245,0,2832,20.43322,559.6365
246,0,0,0,0
990,1,207,4.8373,41.20754
991,1,252,4.723199,41.13268
427,1,671,7.578887,127.6459
992,1,248,4.9256,41.25507
993,1,250,4.925,41.25505
236,0,3227,21.85407,620.9888
237,0,0,0,0
994,1,208,4.937602,42.20269
225,0,2636,13.27143,491.3539
226,0,0,0,0
226,0,0,0,0
226,0,0,0,0
995,1,204,4.837603,39.45222
758,1,1537,10.224,256.0208
428,1,783,7.160883,138.9651
246,0,1918,8.616333,391.355
247,0,0,0,0
429,1,759,7.272288,140.0867
348,0,2333,10.53329,462.8353
226,0,1049,0.6883959,204.0412
227,0,0,0,0
227,0,0,0,0
227,0,0,0,0
305,0,4049,22.1895,768.0283
306,0,0,0,0
247,0,677,1.864589,144.713
248,0,0,0,0
227,0,550,-0.1100156,113.717
228,0,0,0,0
228,0,0,0,0
228,0,0,0,0
430,1,624,7.707987,125.0659
1013,0,4044,18.19075,772.9233
1014,0,0,0,0
1014,0,0,0,0
1014,0,0,0,0
1014,0,0,0,0
179,0,5846,34.83095,1148.33
180,0,0,0,0
996,1,2112,11.06479,371.1722
1014,0,630,-2.126005,131.9875
1015,0,0,0,0
1015,0,0,0,0
1015,0,0,0,0
1015,0,0,0,0
431,1,719,6.784292,129.7258
997,1,231,5.430698,46.06245
998,1,190,4.943002,38.75445
228,0,1116,1.176775,212.834
229,0,0,0,0
229,0,0,0,0
229,0,0,0,0
999,1,249,4.9253,41.25507
180,0,722,2.855587,156.5596
181,0,0,0,0
306,0,1566,6.686883,309.7935
307,0,0,0,0
1000,1,211,4.936702,42.80276
1015,1,835,4.249506,159.47
229,0,555,0.3889889,116.2912
230,0,0,0,0
230,0,0,0,0
230,0,0,0,0
307,0,362,1.427599,84.50268
308,0,0,0,0
1001,1,227,4.931902,45.54014
1016,1,218,5.434598,43.71291
248,0,2028,10.59437,398.9799
249,0,0,0,0
1002,1,202,4.833403,39.3824
1017,1,191,4.942702,38.80308
1018,1,243,4.927102,42.1539
1019,1,203,4.939102,40.40248
432,1,1697,8.47627,244.2034
230,0,834,2.333188,167.4784
231,0,0,0,0
231,0,0,0,0
231,0,0,0,0
1003,1,583,5.6227,98.71637
485,1,7471,40.65233,1340.512
1020,1,209,4.836102,42.78623
249,0,789,3.842187,165.4532
250,0,0,0,0
1004,1,206,4.835803,39.06359
237,0,4473,25.10478,841.4582
238,0,0,0,0
759,1,4239,21.52685,719.9177
1021,1,257,4.9229,42.09411
1005,1,189,4.943302,38.5545
486,1,438,6.368594,87.09457
433,1,667,7.299887,133.7272
760,1,243,4.927103,46.83347
1022,1,249,4.9253,41.25483
761,1,189,4.943302,38.55439
1023,1,260,4.922004,49.23615
1006,1,535,6.839493,92.99095
349,0,4051,27.68934,777.6299
487,1,503,6.849091,92.94412
762,1,250,4.925002,45.2837
1024,1,252,4.9244,42.36226
1007,1,246,4.926203,43.95111
763,1,209,4.937303,42.00304
434,1,686,6.794191,132.3948
1025,1,231,4.930702,40.80254
308,0,2174,16.065,423.4718
309,0,0,0,0
231,1,1505,10.44437,279.1541
238,0,1244,8.751231,248.6777
239,0,0,0,0
764,1,331,4.9007,51.70792
1026,1,249,4.9253,41.25485
309,0,367,1.926596,85.17976
310,0,0,0,0
765,1,241,4.9277,41.62816
1008,1,634,6.309793,107.226
1027,1,285,4.9145,42.63845
435,1,659,7.302287,126.9567
1009,1,190,4.943002,38.75449
766,1,249,4.9253,41.25484
1028,1,191,4.842102,38.56679
1010,1,188,5.443602,38.35435
232,1,766,7.270188,128.4573
1029,1,249,4.9253,41.43631
767,1,268,4.9196,41.25484
250,0,2229,13.05413,434.2819
251,0,0,0,0
1011,1,208,5.437603,41.3245
239,0,994,7.301277,203.8574
240,0,0,0,0
488,1,1558,13.03265,287.6005
1030,1,249,4.9253,41.25485
1012,1,249,4.9253,41.25507
310,0,964,7.807273,197.8467
311,0,0,0,0
1031,1,208,4.937602,42.20249
436,1,908,7.371782,142.0143
1013,1,269,4.9193,41.45503
1032,1,216,4.935203,42.61765
181,0,4202,33.65919,836.8477
182,0,0,0,0
489,1,492,5.634397,88.05237
1014,1,208,4.937602,41.95398
1033,1,189,5.443302,38.40289
1015,1,237,4.928903,46.29525
1034,1,271,4.9187,41.93038
437,1,633,7.810088,126.4045
182,0,459,2.408195,104.7223
183,0,0,0,0
490,1,435,6.369495,87.79768
233,0,1296,10.74077,253.4533
234,0,0,0,0
234,0,0,0,0
234,0,0,0,0
1016,1,212,4.936402,43.0028
1035,1,190,4.943002,38.60307
1017,1,192,5.341802,39.00343
1036,1,201,5.439698,40.40256
251,0,1505,8.199093,300.0469
252,0,0,0,0
491,1,469,5.8593,85.39984
1018,1,195,4.941502,39.60309
438,1,673,7.298087,131.1374
350,0,3189,27.36165,613.5167
1037,1,350,4.895,61.55529
1019,1,315,4.905503,54.87486
252,0,478,2.404395,105.4583
253,0,0,0,0
492,1,432,6.268594,85.07888
1038,1,230,4.931002,46.25706
1020,1,214,4.935802,43.16677
1039,1,249,5.425302,41.25485
1021,1,206,4.938202,41.8027
439,1,682,7.795387,129.1361
493,1,458,5.862598,83.05502
1040,1,205,4.938502,41.60255
1022,1,248,4.9256,41.25504
1023,1,256,4.923203,44.96226
440,1,678,6.796592,127.2555
1024,1,454,5.8638,82.35952
1041,0,976,4.304805,196.6952
1042,0,0,0,0
1042,0,0,0,0
1042,0,0,0,0
1042,0,0,0,0
441,1,645,8.306502,129.205
1025,1,701,6.684885,125.7334
253,0,2103,10.07943,411.4572
254,0,0,0,0
1026,1,201,4.838502,38.95187
1042,0,733,-0.1466056,149.8061
1043,0,0,0,0
1043,0,0,0,0
1043,0,0,0,0
1043,0,0,0,0
311,0,3983,26.7027,771.7466
312,0,0,0,0
1027,1,248,5.425602,41.25506
442,1,695,6.791492,129.5002
1028,1,247,4.9259,41.45509
240,0,4719,31.05531,911.6731
241,0,0,0,0
234,0,3759,19.74768,712.8099
235,0,0,0,0
235,0,0,0,0
235,0,0,0,0
1029,1,269,4.9193,41.25505
351,0,3436,19.31241,668.7409
1030,1,267,4.919903,43.88765
443,1,767,7.139288,133.1836
254,0,1209,6.25826,251.7101
255,0,0,0,0
312,0,1088,6.282468,214.5629
313,0,0,0,0
1031,1,249,4.9253,41.25504
1032,1,191,4.942702,38.80311
227,0,8626,52.78011,1585.309
1033,1,264,4.8208,41.17763
444,1,713,7.680686,132.874
255,0,958,3.808379,201.9912
256,0,0,0,0
352,0,1103,5.779498,219.511
1034,1,534,5.839803,91.91415
445,1,668,7.495986,125.9069
1035,1,204,4.938802,41.15398
1036,1,246,4.820203,46.6931
1037,1,190,5.442998,38.75448
1038,1,249,4.925303,46.47607
446,1,750,6.55099,127.3103
1039,1,252,5.424399,49.20862
1040,1,209,5.437298,41.39787
447,0,626,2.874795,132.0466
448,0,0,0,0
1041,1,190,5.442998,38.75449
1042,1,187,4.943902,38.15446
241,0,3358,16.8281,654.5667
242,0,0,0,0
1043,1,295,4.911502,53.58765
1044,1,216,4.935203,40.14732
1045,1,202,5.439398,40.35397
1046,1,248,4.9256,41.55479
353,0,2950,15.40975,567.4634
1047,1,190,4.943002,38.75449
448,0,1357,6.228665,267.3736
449,0,0,0,0
256,0,3191,17.86148,615.8359
257,0,0,0,0
313,0,4349,21.62954,843.049
314,0,0,0,0
1048,1,549,5.229891,85.66556
242,0,1739,6.6523,339.1121
243,0,0,0,0
257,0,539,2.392196,115.6304
258,0,0,0,0
1049,1,280,4.916,42.853
1050,1,224,4.932802,41.41925
1051,1,213,4.936102,42.40307
1052,1,271,4.9187,42.09282
1053,1,207,4.937902,41.60255
258,0,1132,5.773653,235.3216
259,0,0,0,0
1054,1,268,4.699199,42.47058
1055,1,252,4.924402,46.22005
1043,0,7409,32.5173,1390.384
1044,0,0,0,0
1044,0,0,0,0
1044,0,0,0,0
1044,0,0,0,0
1056,1,208,4.937603,38.60545
314,0,2171,12.06571,423.9187
315,0,0,0,0
1057,1,228,5.431599,41.15385
315,0,363,0.9274032,84.34998
316,0,0,0,0
1058,1,249,4.9253,41.25504
1044,0,853,0.8294012,173.7573
1045,0,0,0,0
1045,0,0,0,0
1045,0,0,0,0
1045,0,0,0,0
1059,1,232,4.930402,45.195
316,0,364,1.427198,84.54228
317,0,0,0,0
354,0,3371,18.82545,655.8901
259,0,1695,9.661028,335.4323
260,0,0,0,0
243,0,3666,15.26651,710.5919
244,0,0,0,0
449,0,4704,20.05843,893.1869
450,0,0,0,0
260,0,1495,3.700961,306.0466
261,0,0,0,0
355,0,1720,3.655952,338.771
235,0,9465,41.61011,1753.889
236,0,0,0,0
236,0,0,0,0
236,0,0,0,0
317,0,1810,3.637993,357.3289
318,0,0,0,0
1060,1,2030,8.891045,346.1948
1061,1,461,6.36169,84.08964
318,0,726,2.854795,151.2895
319,0,0,0,0
1062,1,250,5.425002,41.41162
1063,1,190,4.943002,38.75451
1064,1,207,4.9379,41.17125
1065,1,194,4.941802,39.40311
319,0,845,4.330994,174.151
320,0,0,0,0
236,0,1683,5.663426,327.8075
237,0,0,0,0
237,0,0,0,0
237,0,0,0,0
1066,1,248,5.425602,41.25504
261,0,1817,10.13664,362.9898
262,0,0,0,0
356,0,1964,10.60718,382.3083
1067,1,248,4.9256,41.25504
1068,1,248,4.9256,41.25504
320,0,602,2.379593,128.118
321,0,0,0,0
1069,1,248,4.9256,41.25504
1070,1,192,4.942402,39.00314
1045,0,4736,17.05249,883.4801
1046,0,0,0,0
1046,0,0,0,0
1046,0,0,0,0
1046,0,0,0,0
1071,1,211,5.436698,42.80309
357,0,979,4.804198,205.5208
262,0,1205,6.259043,249.9353
263,0,0,0,0
1072,1,191,4.942702,38.95435
1046,0,368,-1.073596,85.32038
1047,0,0,0,0
1047,0,0,0,0
1047,0,0,0,0
1047,0,0,0,0
1073,1,189,5.443298,38.40301
1074,1,219,5.434298,44.28954
263,0,720,2.355988,155.9149
264,0,0,0,0
1075,1,230,4.931,40.69712
1076,1,248,4.9256,41.25504
321,0,1935,10.11299,386.2727
322,0,0,0,0
1077,1,347,4.8959,43.67742
1078,1,202,4.939402,40.75392
450,0,4951,26.50904,939.2325
451,0,0,0,0
264,0,1032,3.793577,216.4357
265,0,0,0,0
1047,0,1580,3.683977,309.2078
1048,0,0,0,0
1048,0,0,0,0
1048,0,0,0,0
1048,0,0,0,0
1079,1,426,5.872198,80.14961
1080,1,226,4.932199,42.4101
1081,1,190,4.943002,38.75454
265,0,642,1.871591,138.678
266,0,0,0,0
322,0,1206,5.758878,245.7683
323,0,0,0,0
1082,1,227,4.931902,44.37649
184,0,8917,51.72108,1742.634
185,0,0,0,0
1083,1,267,5.419899,47.53651
1084,1,204,4.938802,41.55411
244,0,6956,37.10931,1326.135
245,0,0,0,0
1085,1,249,4.9253,41.25504
323,0,965,5.30701,195.3517
324,0,0,0,0
1086,1,227,4.931902,46.63514
266,0,1198,6.260451,245.1363
267,0,0,0,0
185,0,1588,8.182554,329.1091
267,0,861,2.327783,181.4313
268,0,0,0,0
1087,1,1019,6.194307,193.7409
1088,1,418,4.533209,49.54004
358,0,5157,25.96774,968.0161
1089,1,249,4.925303,47.86844
1090,1,249,4.9253,41.25504
1091,1,632,4.00301,96.64439
1092,1,189,5.443298,38.40303
1048,0,4498,14.60008,840.6559
1049,0,0,0,0
1049,0,0,0,0
1049,0,0,0,0
1049,0,0,0,0
1093,1,210,5.436998,42.7541
324,0,3141,10.87157,609.7668
325,0,0,0,0
359,0,1472,5.705616,297.559
1094,1,218,4.934602,43.34376
268,0,2346,9.030947,464.531
269,0,0,0,0
360,0,242,1.9516,60.55988
451,0,5197,24.95969,992.4066
452,0,0,0,0
1095,1,207,4.937902,42.1541
237,0,8426,35.31435,1580.152
238,0,0,0,0
238,0,0,0,0
238,0,0,0,0
1096,1,251,4.9247,42.19035
452,0,866,3.326782,175.7486
453,0,0,0,0
1097,1,540,5.338001,95.71042
238,1,661,4.301689,130.4675
1098,1,246,4.926203,48.35124
1099,1,191,5.442702,38.95457
167,1,4900,22.92396,892.4628
1100,1,225,4.932502,44.28357
239,1,637,7.108292,124.9887
269,0,1741,8.151892,345.2939
270,0,0,0,0
1101,1,322,4.798003,52.36476
168,1,625,7.812488,125.7491
1102,1,279,4.916302,49.82637
325,0,2538,12.99228,491.9702
326,0,0,0,0
270,0,606,2.878792,131.2852
271,0,0,0,0
1103,1,212,4.9364,40.74496
361,0,2458,15.50826,484.6521
1104,1,215,4.935503,42.14965
1105,1,195,4.941502,39.754
326,0,846,3.83078,179.5834
327,0,0,0,0
271,0,769,2.846186,164.9695
272,0,0,0,0
453,0,2230,11.55389,432.9967
454,0,0,0,0
1106,1,722,6.581593,134.9378
1107,1,269,4.919302,47.72322
327,0,722,1.35559,151.3342
328,0,0,0,0
272,0,733,2.353388,157.251
273,0,0,0,0
186,0,6424,36.71582,1264.861
187,0,0,0,0
362,0,1470,7.206134,299.7117
1108,1,190,4.943002,38.75451
1109,1,238,5.428597,46.41745
1110,1,226,4.932199,41.32993
1049,0,4979,22.50353,932.4937
1050,0,0,0,0
1050,0,0,0,0
1050,0,0,0,0
1050,0,0,0,0
1111,1,270,4.919,41.92122
363,0,860,3.827986,177.5892
1050,0,367,-2.073396,83.99483
1051,0,0,0,0
1051,0,0,0,0
1051,0,0,0,0
1051,0,0,0,0
1112,1,205,4.938502,41.7541
1113,1,248,4.9256,41.25504
273,0,1470,6.206077,289.6941
274,0,0,0,0
1114,1,234,4.929802,46.49049
364,0,736,4.852799,153.5323
1115,1,213,4.936102,43.2031
1051,0,971,0.3057937,197.8752
1052,0,0,0,0
1052,0,0,0,0
1052,0,0,0,0
1052,0,0,0,0
1116,1,239,4.928302,42.15407
328,0,2176,12.56476,429.2615
329,0,0,0,0
1117,1,249,4.9253,41.6507
169,0,4161,23.66716,794.0497
187,0,2432,13.51348,484.9184
188,0,0,0,0
1118,1,232,4.930402,44.59291
329,0,360,1.427996,84.03277
330,0,0,0,0
1119,1,210,4.937002,42.0577
170,0,577,2.884589,126.8979
1120,1,208,4.937602,41.70838
246,0,375,2.424995,86.26273
247,0,0,0,0
365,0,1352,9.729609,271.1404
1121,1,206,4.938202,40.97085
1122,1,208,4.937602,42.35408
274,0,1927,11.11451,386.8853
275,0,0,0,0
366,0,613,3.377389,133.2573
1123,1,470,5.859003,87.95018
275,0,634,2.373192,136.1267
276,0,0,0,0
1124,1,238,4.928602,47.04508
1125,1,212,4.9364,41.3432
330,0,1811,10.13788,364.7316
331,0,0,0,0
1126,1,275,4.9175,42.13531
1127,1,209,4.937302,42.40274
1128,1,249,4.9253,41.25504
247,0,2113,11.07732,423.8521
248,0,0,0,0
276,0,1142,6.771677,233.4541
277,0,0,0,0
1129,1,207,4.937902,42.00267
1052,0,3402,14.3194,633.7988
1053,0,0,0,0
1053,0,0,0,0
1053,0,0,0,0
1053,0,0,0,0
1130,1,247,4.9259,41.25506
248,0,618,2.376394,130.5114
249,0,0,0,0
1131,1,249,4.9253,41.45506
1053,0,484,-1.5968,108.596
1054,0,0,0,0
1054,0,0,0,0
1054,0,0,0,0
1054,0,0,0,0
277,0,725,2.354988,153.5452
278,0,0,0,0
1132,1,234,4.929803,40.39584
1133,1,190,4.943002,38.75447
1054,0,364,-2.072796,84.61164
1055,0,0,0,0
1055,0,0,0,0
1055,0,0,0,0
1055,0,0,0,0
1134,1,249,4.9253,41.25504
1135,1,214,4.935802,43.00299
367,0,2947,14.41037,558.0892
278,0,844,4.331195,176.7754
279,0,0,0,0
1136,1,215,4.631302,40.40975
1137,1,286,4.814199,41.4323
368,0,487,2.902591,109.1108
454,0,7918,44.91892,1503.928
455,0,0,0,0
1138,1,203,4.9391,40.73835
1139,1,276,4.9172,43.29226
369,0,492,1.901591,106.6492
1055,0,1580,4.684011,310.9824
1056,0,0,0,0
1056,0,0,0,0
1056,0,0,0,0
1056,0,0,0,0
171,0,5406,32.418,1035.053
188,0,5914,34.81721,1156.15
189,0,0,0,0
1140,1,882,6.52218,162.7572
1056,0,733,-1.146608,147.6293
1057,0,0,0,0
1057,0,0,0,0
1057,0,0,0,0
1057,0,0,0,0
241,1,768,7.269588,141.3817
1141,1,305,4.908502,53.70795
370,0,1229,6.754256,244.9983
1142,1,209,4.937302,42.15393
455,0,1855,8.629072,362.1498
456,0,0,0,0
1143,1,206,4.938202,41.80272
172,0,840,4.208601,169.3804
1144,1,189,4.943302,38.40301
242,1,918,7.493979,147.3961
1145,1,205,5.237899,41.7541
456,0,495,2.400995,106.5867
457,0,0,0,0
1146,1,248,4.9256,41.25504
1147,1,207,4.836702,42.07838
173,0,1046,5.290852,211.4653
1148,1,247,4.925902,45.05165
1149,1,207,4.937902,42.00287
174,0,387,2.422595,92.06316
1150,1,210,4.937002,42.75407
1151,1,259,4.9223,43.31882
1152,1,269,4.9193,43.8241
1153,1,206,4.938202,41.95407
457,0,1857,8.128708,359.3625
458,0,0,0,0
243,1,2063,12.68122,399.577
279,0,4885,28.52224,942.2842
1154,1,282,4.683602,44.98931
244,0,318,1.436399,73.02696
245,0,0,0,0
1155,1,202,4.9394,40.3857
458,0,494,2.901192,109.8002
459,0,0,0,0
1156,1,210,4.937002,42.7541
1157,1,188,4.943602,38.35436
1158,1,211,4.936702,42.74
245,1,644,6.80679,129.121
280,0,947,5.810635,200.6699
281,0,0,0,0
1159,1,209,4.937303,42.40281
1160,1,204,4.938802,41.55404
246,1,662,7.197786,127.8878
281,0,736,2.352788,152.1728
282,0,0,0,0
282,0,531,1.393796,114.9906
283,0,0,0,0
1161,1,945,6.716484,168.1043
247,1,777,7.266885,138.4482
1162,1,231,4.9307,41.37285
189,0,5716,34.85632,1112.512
190,0,0,0,0
175,0,3647,20.16529,697.3633
1163,1,308,4.672199,41.57397
1164,1,204,4.938802,41.15392
283,0,769,3.846186,165.0371
284,0,0,0,0
176,0,589,2.882189,128.3915
1165,1,247,4.9259,41.25506
190,0,853,4.329394,182.1238
191,0,0,0,0
1166,1,248,4.9256,41.25504
1167,1,191,4.942702,38.80313
1168,1,255,4.923502,44.00416
191,0,586,1.882792,129.7943
192,0,0,0,0
498,0,1282,6.74367,252.7941
499,0,0,0,0
499,0,0,0,0
499,0,0,0,0
1169,1,316,4.905202,55.35928
1170,1,226,4.932202,45.49486
177,0,1434,7.713317,283.7033
1171,1,248,4.9256,41.25504
284,0,1828,9.134418,371.4486
285,0,0,0,0
1172,1,248,4.9256,41.25504
459,0,4702,24.05907,892.4351
460,0,0,0,0
371,0,7851,48.43274,1512.31
1173,1,207,4.937902,42.00271
1174,1,234,4.929803,47.08447
178,0,1041,5.791854,211.9853
460,0,744,3.351184,154.7769
461,0,0,0,0
372,0,738,3.852383,152.9728
1175,1,405,4.878501,71.93616
285,0,1012,4.797596,209.1113
286,0,0,0,0
1176,1,256,4.9232,41.73709
179,0,583,2.883389,126.7427
1177,1,208,4.937602,42.2027
332,0,3646,22.7703,707.3923
333,0,0,0,0
286,0,746,3.350788,158.2615
287,0,0,0,0
192,0,2960,16.40763,597.1908
193,0,0,0,0
373,0,1350,6.730145,274.5428
287,0,808,2.838385,165.9711
288,0,0,0,0
193,0,592,2.381592,131.2476
194,0,0,0,0
461,0,1979,9.6043,392.6707
462,0,0,0,0
1178,1,1467,10.56,271.2701
180,0,1506,9.198854,300.5119
1179,1,190,5.442998,38.75454
1058,0,1116,5.776835,220.8394
1059,0,0,0,0
1059,0,0,0,0
1059,0,0,0,0
1059,0,0,0,0
1180,1,254,4.9238,41.66816
462,0,618,2.376391,130.4836
463,0,0,0,0
181,0,578,2.884389,128.9137
1181,1,195,4.839102,39.16741
1182,1,248,5.425602,41.25504
1183,1,210,4.937002,42.20257
182,0,655,3.368986,138.1633
288,0,1695,8.66109,336.8478
289,0,0,0,0
1184,1,248,4.9256,41.25504
333,0,2779,14.94399,550.2344
334,0,0,0,0
1185,1,247,4.925902,48.60012
1186,1,249,5.425302,41.25504
289,0,599,2.380191,131.7839
290,0,0,0,0
334,0,606,1.8788,127.7523
335,0,0,0,0
1187,1,205,4.9385,40.77991
374,0,2701,15.45952,529.3994
1188,1,210,4.937003,41.95324
1189,1,190,4.943002,38.75451
1190,1,218,4.934602,39.95399
1059,0,2552,9.989672,488.8517
1060,0,0,0,0
1060,0,0,0,0
1060,0,0,0,0
1060,0,0,0,0
1191,1,247,4.9259,41.25506
248,1,8350,49.99815,1553.273
1192,1,246,4.9262,41.25506
463,0,2725,14.95482,533.6253
464,0,0,0,0
1193,1,191,4.840902,38.7144
335,0,1570,8.18606,318.4705
336,0,0,0,0
1194,1,249,4.9253,41.25504
1195,1,185,4.944502,39.52665
183,0,2540,15.49174,504.7274
1196,1,206,4.938202,41.55396
290,0,2106,11.57872,415.1106
291,0,0,0,0
1197,1,188,4.943602,38.35449
249,1,1392,11.48253,265.2958
1198,1,187,4.943902,38.15448
250,0,8328,47.83776,1576.035
251,0,0,0,0
1199,1,320,4.904,47.88948
291,0,659,1.868191,140.8686
292,0,0,0,0
375,0,2700,16.45973,522.4003
1200,1,207,4.937902,42.00273
194,0,5187,31.46171,1018.285
195,0,0,0,0
250,1,765,7.770484,140.0087
1201,1,249,4.9253,41.25506
195,0,459,1.408195,104.1743
196,0,0,0,0
1202,1,276,4.9172,41.05981
292,0,890,3.821982,185.319
293,0,0,0,0
251,0,687,2.862595,135.0255
252,0,0,0,0
252,0,0,0,0
252,0,0,0,0
293,0,860,1.327983,180.923
294,0,0,0,0
184,0,2727,15.45432,531.9377
336,0,4105,15.17838,790.2949
337,0,0,0,0
252,0,2189,1.562166,410.8777
253,0,0,0,0
253,0,0,0,0
253,0,0,0,0
253,0,229,-2.045808,59.15094
254,0,0,0,0
254,0,0,0,0
254,0,0,0,0
294,0,2450,7.010142,487.5092
295,0,0,0,0
464,0,5818,23.33534,1116.64
465,0,0,0,0
254,0,1328,0.6157848,252.0652
255,0,0,0,0
255,0,0,0,0
255,0,0,0,0
1060,0,6809,25.13699,1288.441
1061,0,0,0,0
1061,0,0,0,0
1061,0,0,0,0
1061,0,0,0,0
255,0,305,-1.06101,70.56801
256,0,0,0,0
256,0,0,0,0
256,0,0,0,0
185,0,3323,17.73505,639.57
465,0,861,3.327791,182.0636
466,0,0,0,0
337,0,2537,8.992699,500.3376
338,0,0,0,0
1061,0,1332,-0.2664041,268.6245
1062,0,0,0,0
1062,0,0,0,0
1062,0,0,0,0
1062,0,0,0,0
466,0,1118,1.776414,228.4013
467,0,0,0,0
256,0,1639,1.672175,315.275
257,0,0,0,0
257,0,0,0,0
257,0,0,0,0
467,0,990,0.8020121,202.744
468,0,0,0,0
295,0,3391,10.82167,678.8258
296,0,0,0,0
1062,0,1825,1.634977,355.2912
1063,0,0,0,0
1063,0,0,0,0
1063,0,0,0,0
1063,0,0,0,0
296,0,592,2.381592,129.9393
297,0,0,0,0
257,0,1569,1.383771,304.9952
258,0,0,0,0
258,0,0,0,0
258,0,0,0,0
196,0,8080,33.88365,1582.868
197,0,0,0,0
186,0,3967,21.20611,779.4995
468,0,1731,6.153952,344.5719
469,0,0,0,0
469,0,617,-0.1234021,130.837
470,0,0,0,0
258,0,1644,4.551994,323.8604
259,0,0,0,0
259,0,0,0,0
259,0,0,0,0
297,0,1968,6.106558,392.3302
298,0,0,0,0
338,0,4710,14.55777,895.3707
339,0,0,0,0
1063,0,2308,5.538461,454.9725
1064,0,0,0,0
1064,0,0,0,0
1064,0,0,0,0
1064,0,0,0,0
252,0,1118,5.276499,221.7301
253,0,0,0,0
298,0,1385,3.722966,283.1353
299,0,0,0,0
470,0,1983,7.603659,397.0046
471,0,0,0,0
259,1,2183,8.498283,393.1913
187,1,3085,20.47355,585.5528
377,0,2211,8.05801,437.2436
260,1,744,7.671985,137.1877
339,0,2775,9.944971,542.3952
340,0,0,0,0
261,1,774,7.767785,138.731
471,0,2103,5.579543,416.1852
472,0,0,0,0
340,0,1329,1.734185,263.0407
341,0,0,0,0
299,0,2835,11.43295,558.091
300,0,0,0,0
262,1,705,7.788487,129.3283
472,0,742,1.351593,159.5387
473,0,0,0,0
197,0,6112,25.27646,1202.87
198,0,0,0,0
300,0,657,2.368591,141.653
301,0,0,0,0
341,0,846,2.830782,174.9771
342,0,0,0,0
198,0,458,1.908396,104.7315
199,0,0,0,0
263,1,1140,8.052576,209.4793
301,0,726,2.354789,150.8202
302,0,0,0,0
264,1,690,7.292985,131.1004
302,0,722,2.855589,149.993
303,0,0,0,0
265,1,716,7.574386,134.5054
473,0,2721,8.456003,527.5154
474,0,0,0,0
266,0,663,2.367394,130.2984
267,0,0,0,0
378,0,5521,18.89512,1048.917
342,0,2897,8.420835,556.931
343,0,0,0,0
1064,0,7658,20.96766,1448.181
1065,0,0,0,0
1065,0,0,0,0
1065,0,0,0,0
1065,0,0,0,0
267,0,607,1.378596,120.385
268,0,0,0,0
303,0,2317,10.53655,451.2667
304,0,0,0,0
268,0,617,1.376597,121.5858
269,0,0,0,0
379,0,1472,4.705671,287.7225
1204,1,8692,32.89086,1617.229
269,0,611,1.256197,117.5006
270,0,0,0,0
1205,1,225,4.932502,45.78411
1206,1,247,4.9259,41.25506
1207,1,191,4.942702,38.80296
270,1,706,6.288192,132.0521
1208,1,193,4.942102,39.3545
1209,1,246,4.9262,41.25506
474,0,3343,14.83129,652.5807
475,0,0,0,0
1210,1,232,4.830403,47.04345
271,1,736,7.279189,137.9057
1211,1,219,4.934302,44.4205
1212,1,190,4.943002,38.75445
304,0,2373,12.52533,459.583
305,0,0,0,0
1213,1,190,4.943002,38.75449
380,0,2208,13.05826,435.4025
1214,1,214,4.826203,39.63087
272,1,730,7.780985,140.1313
475,0,990,5.802044,200.04
476,0,0,0,0
1215,1,188,4.943602,38.35426
124,0,6501,36.09461,1237.55
305,0,728,2.854389,152.9323
306,0,0,0,0
1216,1,234,4.828,41.00992
1217,1,240,4.928003,46.24841
273,1,639,7.708288,127.2259
254,0,1372,9.225552,277.9167
255,0,0,0,0
1218,1,249,4.9253,41.25504
274,1,683,7.295091,128.057
1065,0,4983,23.50285,947.2061
1066,0,0,0,0
1066,0,0,0,0
1066,0,0,0,0
1066,0,0,0,0
275,0,317,1.436599,73.27341
276,0,0,0,0
306,0,1394,5.721241,285.0503
307,0,0,0,0
343,0,5619,28.37541,1068.806
344,0,0,0,0
1219,1,1348,7.595573,237.1775
276,1,742,6.777392,138.9624
1066,0,968,0.3063953,196.4664
1067,0,0,0,0
1067,0,0,0,0
1067,0,0,0,0
1067,0,0,0,0
1220,1,286,5.414198,47.71711
1221,1,280,4.916,44.28515
1067,0,490,-2.098,108.7205
1068,0,0,0,0
1068,0,0,0,0
1068,0,0,0,0
1068,0,0,0,0
1222,1,189,5.443302,38.40303
199,0,9326,53.13882,1814.635
200,0,0,0,0
1223,1,228,4.931603,42.203
1224,1,211,4.936702,42.27267
476,0,3588,18.282,691.9022
477,0,0,0,0
1225,1,267,4.919904,49.32803
1068,0,1701,0.65982,332.3837
1069,0,0,0,0
1069,0,0,0,0
1069,0,0,0,0
1069,0,0,0,0
1226,0,955,0.8090222,194.5686
1227,0,0,0,0
1227,0,0,0,0
1227,0,0,0,0
1227,0,0,0,0
1069,0,725,-3.145008,149.4784
1070,0,0,0,0
1070,0,0,0,0
1070,0,0,0,0
1070,0,0,0,0
1227,0,1054,-2.210819,209.9632
1228,0,0,0,0
1228,0,0,0,0
1228,0,0,0,0
1228,0,0,0,0
1228,0,229,-3.045792,58.60764
1229,0,0,0,0
1229,0,0,0,0
1229,0,0,0,0
1229,0,0,0,0
1229,0,751,-2.150209,161.1668
1230,0,0,0,0
1230,0,0,0,0
1230,0,0,0,0
1230,0,0,0,0
307,0,5205,20.95805,1005.949
308,0,0,0,0
344,0,5673,16.36439,1090.155
345,0,0,0,0
1070,0,2434,2.513162,458.0956
1071,0,0,0,0
1071,0,0,0,0
1071,0,0,0,0
1071,0,0,0,0
1230,1,1219,3.134282,235.2085
1231,1,201,4.9397,40.12954
308,0,1354,5.229208,271.4271
309,0,0,0,0
1232,1,211,4.936702,42.80276
1233,1,190,4.943002,38.75449
381,0,8592,34.2804,1636.857
1071,0,851,0.8298007,176.2792
1072,0,0,0,0
1072,0,0,0,0
1072,0,0,0,0
1072,0,0,0,0
1234,1,192,4.942402,39.1545
255,0,7948,29.40886,1507.534
256,0,0,0,0
309,0,602,3.879592,131.891
310,0,0,0,0
477,0,5445,15.91093,1044.296
478,0,0,0,0
1235,1,715,6.785487,129.9473
1072,0,849,0.8302037,173.1917
1073,0,0,0,0
1073,0,0,0,0
1073,0,0,0,0
1073,0,0,0,0
310,0,888,3.822383,186.0958
311,0,0,0,0
200,0,6701,30.15881,1315.766
201,0,0,0,0
345,0,2175,10.565,423.01
346,0,0,0,0
478,0,1363,6.227468,271.0372
479,0,0,0,0
311,0,840,2.831985,171.4205
312,0,0,0,0
1236,1,1210,9.13705,213.3461
277,0,8425,34.31175,1511.656
278,0,0,0,0
278,0,0,0,0
278,0,0,0,0
1237,1,254,4.9238,41.5611
1238,1,246,4.926202,45.92351
479,0,863,3.82739,174.8117
480,0,0,0,0
1239,1,211,4.936702,42.80297
1240,1,223,4.933103,45.00368
1241,1,248,4.9256,41.25507
1242,1,268,4.9196,42.00009
312,0,1480,7.204095,293.1109
313,0,0,0,0
256,0,3356,15.82851,647.3906
257,0,0,0,0
382,0,3682,19.76315,708.8215
1243,1,260,4.717202,42.74854
1244,1,248,4.9256,41.25504
1245,1,243,4.927102,43.58154
346,0,3139,15.87186,616.2213
347,0,0,0,0
1246,1,484,5.8548,88.25571
1073,0,3888,14.22224,730.5103
1074,0,0,0,0
1074,0,0,0,0
1074,0,0,0,0
1074,0,0,0,0
278,1,2695,12.96019,460.3035
1247,1,328,4.677599,43.30669
313,0,1758,8.648511,348.973
314,0,0,0,0
1248,1,207,4.937902,42.1541
480,0,2846,12.4307,549.5813
481,0,0,0,0
279,1,712,7.786387,135.8701
383,0,2085,9.58301,411.1489
314,0,793,3.341385,165.0877
315,0,0,0,0
280,1,658,7.696583,127.6884
315,0,498,1.400395,107.1205
316,0,0,0,0
201,0,5515,29.89597,1078.286
202,0,0,0,0
316,0,382,1.423598,87.93769
317,0,0,0,0
1074,0,2184,6.563263,425.015
1075,0,0,0,0
1075,0,0,0,0
1075,0,0,0,0
1075,0,0,0,0
281,1,722,7.783385,132.5868
282,1,703,7.289089,140.6233
317,0,823,1.335384,174.9193
318,0,0,0,0
384,0,2331,8.533915,453.1512
481,0,2970,8.906004,574.3975
482,0,0,0,0
283,1,899,6.508683,144.631
284,1,693,7.191486,133.3299
202,0,2825,9.93486,561.6428
203,0,0,0,0
318,0,1964,6.107368,391.962
319,0,0,0,0
285,1,759,7.671085,136.4874
347,0,5737,20.85175,1096.268
348,0,0,0,0
319,0,911,3.817783,191.6282
320,0,0,0,0
257,0,7082,24.08221,1349.088
258,0,0,0,0
286,1,710,7.28699,133.0572
320,0,735,1.352989,154.0074
321,0,0,0,0
1075,0,4379,6.124347,820.3403
1076,0,0,0,0
1076,0,0,0,0
1076,0,0,0,0
1076,0,0,0,0
482,0,2972,8.405839,587.1779
483,0,0,0,0
287,1,1340,9.869272,249.7159
288,1,842,6.644994,149.3673
321,0,2477,8.004759,495.6483
322,0,0,0,0
203,0,4532,20.59304,892.0652
204,0,0,0,0
322,0,737,2.852587,155.7261
258,0,3976,11.20486,757.7516
259,0,0,0,0
385,0,6630,20.17318,1253.085
483,0,3336,8.833038,645.4962
484,0,0,0,0
323,0,1462,5.707705,291.2216
324,0,0,0,0
1076,0,4742,10.05142,899.2903
1077,0,0,0,0
1077,0,0,0,0
1077,0,0,0,0
1077,0,0,0,0
348,0,5918,15.81586,1137.497
349,0,0,0,0
1077,0,240,-3.047992,60.39795
1078,0,0,0,0
1078,0,0,0,0
1078,0,0,0,0
1078,0,0,0,0
324,0,1018,1.796379,212.4688
325,0,0,0,0
1078,0,727,-3.145408,148.5941
1079,0,0,0,0
1079,0,0,0,0
1079,0,0,0,0
1079,0,0,0,0
349,0,966,1.806811,194.9512
350,0,0,0,0
777,1,9825,29.0507,1811.492
325,0,730,2.353989,150.8197
326,0,0,0,0
778,1,259,4.9223,41.25488
779,1,206,4.9382,40.89212
326,0,733,1.353389,155.1893
327,0,0,0,0
1079,0,1705,1.658988,336.6585
1080,0,0,0,0
1080,0,0,0,0
1080,0,0,0,0
1080,0,0,0,0
350,0,2173,5.56553,426.7032
351,0,0,0,0
327,0,1780,4.644096,348.312
328,0,0,0,0
259,0,6462,14.20701,1227.926
260,0,0,0,0
386,0,6501,16.1989,1224.584
328,0,1516,4.696809,303.1425
329,0,0,0,0
329,0,738,1.352389,153.73
330,0,0,0,0
851,1,206,5.438202,39.48017
192,0,804,4.339218,167.9717
193,0,0,0,0
852,1,252,4.924403,43.32354
484,0,8296,22.83968,1588.947
485,0,0,0,0
853,1,190,4.943002,38.75444
854,1,249,4.9253,41.25514
330,0,1005,5.299048,213.0391
331,0,0,0,0
193,0,800,3.839987,167.5034
194,0,0,0,0
387,0,2580,12.484,500.2819
855,1,576,6.82719,108.6938
856,1,187,4.943902,38.15442
194,0,802,4.339597,168.2851
195,0,0,0,0
857,1,208,4.937602,42.35443
351,0,5316,17.93657,1012.325
352,0,0,0,0
858,1,190,4.943002,38.3544
859,1,190,4.943002,38.75442
780,1,6841,25.44714,1264.424
781,1,208,4.937602,42.35437
860,1,210,4.937002,42.75444
331,0,1561,7.687916,308.2027
332,0,0,0,0
861,1,190,5.443002,38.75454
782,1,210,4.937002,42.70882
205,0,1431,8.713862,291.1738
206,0,0,0,0
862,1,446,5.8662,83.94515
332,0,670,3.365989,143.9071
333,0,0,0,0
783,1,1103,6.169084,202.7303
863,0,685,1.862982,143.7722
864,0,0,0,0
864,0,0,0,0
864,1,220,2.933993,42.75549
784,1,255,5.423499,45.65484
785,1,197,4.837902,38.92366
865,1,257,4.922902,46.96023
786,1,190,5.442998,38.60307
333,0,1257,4.248594,256.5251
334,0,0,0,0
866,1,218,4.9346,43.15517
195,0,2702,14.24859,529.9702
196,0,0,0,0
1080,0,8385,26.82198,1574.136
1081,0,0,0,0
1081,0,0,0,0
1081,0,0,0,0
1081,0,0,0,0
787,1,190,5.443002,38.60304
867,1,223,5.433102,44.97344
788,1,209,4.937302,42.00302
485,0,4329,24.13356,831.4042
486,0,0,0,0
868,1,224,4.9328,40.07087
334,0,665,2.86699,143.2798
335,0,0,0,0
869,1,248,4.9256,41.25513
789,1,485,6.232297,80.49162
196,0,800,4.339997,168.1535
197,0,0,0,0
1081,0,971,3.305794,200.1648
1082,0,0,0,0
1082,0,0,0,0
1082,0,0,0,0
1082,0,0,0,0
790,1,251,4.924703,47.26713
870,1,509,5.847299,98.21882
791,1,246,4.926203,47.6326
871,1,249,4.9253,41.25513
335,0,895,4.321006,186.1877
336,0,0,0,0
792,1,278,4.9166,42.34161
197,0,749,3.850186,157.7021
198,0,0,0,0
872,1,252,4.805802,42.48978
793,1,240,4.928002,44.58331
314,1,403,6.278494,82.70422
873,1,284,4.9148,43.21843
794,1,219,4.934302,43.46594
874,1,189,4.943302,38.55444
388,0,5519,33.39552,1055.187
336,0,734,2.853189,151.104
337,0,0,0,0
795,1,208,4.937602,42.20297
315,1,446,6.366193,89.06853
875,1,248,5.425602,41.45514
796,1,209,4.9373,41.14656
797,1,190,5.443002,38.75439
876,1,258,4.9226,41.45513
316,1,427,6.371895,86.15736
877,1,190,4.841802,38.72099
352,0,5433,33.41302,1043.511
353,0,0,0,0
337,0,732,3.35359,155.6894
338,0,0,0,0
1082,0,1943,10.61143,378.0312
1083,0,0,0,0
1083,0,0,0,0
1083,0,0,0,0
1083,0,0,0,0
798,1,420,5.874001,72.35445
878,1,235,5.429498,47.59295
317,1,444,6.366795,87.75713
799,1,247,4.9259,41.25486
879,1,248,4.9256,41.25513
800,1,193,4.839702,38.39391
880,1,187,4.843302,38.11611
801,1,187,4.943902,38.15434
881,1,252,4.9244,43.34018
802,1,252,4.804602,42.3847
486,0,3592,23.28108,687.2886
487,0,0,0,0
882,1,263,4.9211,41.25513
318,1,946,8.71621,172.0744
803,1,194,4.941802,39.40298
353,0,1207,8.758653,235.9108
354,0,0,0,0
883,1,248,4.9256,41.25513
804,1,236,5.429199,43.20692
884,1,229,4.931302,42.63454
319,1,475,6.255093,93.04468
338,0,1681,9.663855,325.823
339,0,0,0,0
885,1,209,4.937302,42.55443
805,1,448,5.761997,83.78857
886,1,206,4.938202,41.40308
320,1,449,5.865297,88.45758
806,1,208,5.437602,41.1726
389,0,3070,23.88551,595.1569
887,1,507,6.347895,92.86456
888,1,187,5.443898,38.15448
889,1,273,4.918102,48.33843
890,1,213,4.936102,42.95444
390,0,981,4.803793,197.9762
891,1,210,4.937002,42.18305
339,0,1808,10.13846,358.3722
340,0,0,0,0
892,1,188,4.943602,38.35444
354,0,2416,15.51657,480.9732
355,0,0,0,0
487,0,2599,17.47988,510.0857
488,0,0,0,0
1083,0,3645,20.27052,695.8943
1084,0,0,0,0
1084,0,0,0,0
1084,0,0,0,0
1084,0,0,0,0
893,1,221,4.933702,43.97636
261,0,2982,19.90309,579.4967
262,0,0,0,0
894,1,259,4.9223,41.59406
340,0,604,2.379192,132.0586
341,0,0,0,0
1084,0,608,-1.121604,132.7108
1085,0,0,0,0
1085,0,0,0,0
1085,0,0,0,0
1085,0,0,0,0
895,1,245,4.804902,42.55289
355,0,844,3.83119,174.6407
356,0,0,0,0
896,1,208,4.937602,41.95446
897,1,208,4.9376,41.29726
321,1,2666,17.70005,484.5671
898,1,189,4.943302,38.55444
488,0,1360,7.228092,273.0797
489,0,0,0,0
262,0,994,5.301218,200.1302
263,0,0,0,0
899,1,226,4.932202,45.62273
322,1,500,5.849998,89.73237
356,0,846,5.830826,179.545
357,0,0,0,0
900,1,285,5.914496,57.21517
901,1,190,4.943002,38.75444
323,1,500,5.85,86.98927
902,1,247,4.9259,41.25514
489,0,865,6.827067,179.7441
490,0,0,0,0
903,1,264,4.9208,43.40866
341,0,2041,11.09173,399.4716
342,0,0,0,0
391,0,2948,20.4101,570.6525
324,1,529,6.341295,98.44914
904,1,191,4.942702,38.95443
807,0,4285,22.30825,769.6079
808,0,0,0,0
808,0,0,0,0
905,1,207,5.437899,42.15443
906,1,189,4.943302,38.55442
325,1,462,6.361393,92.7935
342,0,652,2.86959,142.9119
343,0,0,0,0
907,1,189,5.342698,38.62996
207,0,1496,9.200847,301.6887
208,0,0,0,0
392,0,857,6.828648,181.4715
808,1,767,6.667485,142.7553
908,1,259,4.9223,43.25461
1085,0,2917,15.91642,553.5252
1086,0,0,0,0
1086,0,0,0,0
1086,0,0,0,0
1086,0,0,0,0
326,1,484,5.854797,88.25512
809,1,190,5.442998,38.60303
909,1,294,4.9118,43.94574
810,1,191,5.442698,38.80302
910,1,210,4.937002,42.75445
811,1,187,4.943902,38.15435
327,1,507,6.347893,90.56152
911,1,190,4.943002,38.75444
812,1,216,4.935203,43.65608
912,1,212,4.936402,42.04573
813,1,191,4.942702,38.80302
328,1,460,5.861999,83.6545
913,1,227,4.931902,45.28543
814,1,210,4.937002,42.75442
914,1,253,4.9241,41.7916
815,1,249,4.9253,41.25486
329,1,415,6.375494,82.89673
915,1,250,4.925002,46.77087
916,1,249,4.9253,41.25513
357,0,3744,24.25067,716.4411
358,0,0,0,0
330,1,473,5.858099,84.14993
917,1,189,4.943302,38.55444
343,0,2582,14.48341,504.9419
344,0,0,0,0
918,1,262,4.9214,41.80457
919,1,190,4.943002,38.75444
344,0,380,0.9240003,83.42412
345,0,0,0,0
331,1,778,6.766592,152.1819
920,1,288,5.413599,51.71581
921,1,225,4.832502,40.93719
332,1,412,6.376395,82.74374
922,1,248,4.9256,41.25513
923,1,296,4.9112,45.88348
333,1,579,5.707699,87.52863
924,1,467,5.859892,87.41753
1086,0,4008,19.19784,766.7011
1087,0,0,0,0
1087,0,0,0,0
1087,0,0,0,0
1087,0,0,0,0
345,0,1451,6.709908,283.4623
346,0,0,0,0
334,1,399,6.380295,80.55367
291,1,8497,56.65131,1638.557
925,1,250,5.425002,41.45514
335,0,298,1.4404,71.43025
336,0,0,0,0
336,0,0,0,0
336,0,0,0,0
336,0,0,0,0
336,0,0,0,0
926,1,189,4.943302,38.55442
336,0,317,-3.563357,74.87447
337,0,0,0,0
337,0,0,0,0
337,0,0,0,0
337,0,0,0,0
337,0,0,0,0
927,1,225,4.932502,42.32532
346,0,653,2.369391,138.9043
347,0,0,0,0
928,1,190,4.943002,38.75439
292,1,787,7.438081,141.8713
929,1,210,4.937002,42.75444
393,0,5276,34.4445,1026.722
337,1,523,1.343138,96.77411
930,1,247,4.9259,41.25514
347,0,827,3.834585,169.0717
348,0,0,0,0
931,1,247,4.804902,43.56945
816,1,4290,23.71248,771.0811
263,0,7953,49.91393,1498.43
264,0,0,0,0
932,1,249,4.9253,41.25513
933,1,218,4.829203,38.96941
817,1,464,5.860794,85.35348
818,1,259,4.922302,46.97561
264,0,742,3.85159,149.3692
265,0,0,0,0
358,0,4710,28.55721,897.0492
359,0,0,0,0
819,1,186,4.944202,37.95435
820,1,234,4.929803,40.25038
934,1,802,7.919201,134.367
293,1,1861,13.0394,343.3701
935,1,209,4.836102,42.90696
821,1,249,5.425302,41.25486
822,1,222,4.9334,41.85897
936,1,250,4.925,41.3588
937,1,187,4.943902,38.15447
823,1,195,4.941502,39.60299
348,0,2108,11.57831,423.2873
349,0,0,0,0
294,1,765,7.167488,135.3491
938,1,188,4.943602,38.35441
824,1,272,4.9184,42.03299
265,0,1370,7.226065,269.1309
266,0,0,0,0
939,1,248,4.9256,41.25513
825,1,249,4.9253,41.25485
394,0,2946,18.91043,568.2551
940,1,211,4.936702,42.40308
826,1,241,4.9277,42.99236
941,1,221,4.933702,44.56678
827,1,249,4.9253,41.25486
942,1,267,4.919902,47.16016
828,1,246,4.9262,41.25486
943,1,190,4.943002,38.75443
829,1,240,4.928002,47.39314
944,1,190,4.943002,38.75443
295,1,1416,12.07531,269.2653
830,1,219,5.434297,38.53829
945,1,286,4.9142,43.08051
831,1,213,4.936102,42.95434
946,1,249,4.9253,41.25512
832,1,209,4.937302,42.40303
947,1,189,5.443302,38.55442
296,1,678,6.796592,127.0557
833,1,218,4.934602,44.52738
948,1,190,4.943002,38.75443
834,1,249,4.9253,41.25486
949,1,234,4.929803,47.85325
950,1,208,4.937602,42.35445
835,1,292,4.9124,41.64679
297,1,738,7.469585,137.1465
951,1,191,4.942702,38.95448
836,1,248,4.9256,41.25486
952,1,248,4.9256,41.25513
338,1,5605,35.51582,988.0293
837,1,248,4.9256,41.25486
953,1,261,4.794702,42.94274
838,1,211,4.936702,42.40303
298,1,679,7.093287,130.6298
349,0,3565,22.28653,692.8122
350,0,0,0,0
339,1,405,6.378495,82.02498
954,1,189,4.943302,38.55443
839,1,249,4.9253,43.02582
955,1,218,4.934602,43.80312
840,1,208,4.937602,42.20306
340,1,427,6.371895,83.24468
956,1,210,4.937002,42.33112
1087,0,7656,47.47137,1441.613
1088,0,0,0,0
1088,0,0,0,0
1088,0,0,0,0
1088,0,0,0,0
841,1,205,4.938502,41.603
299,0,618,2.767389,125.9659
842,1,232,4.829802,41.95039
957,1,324,4.9028,42.90012
350,0,913,5.317444,191.6914
351,0,0,0,0
341,1,491,5.852699,90.2729
843,1,261,4.921702,48.96264
958,1,275,4.816299,42.13297
200,0,808,5.338418,168.5816
201,0,0,0,0
844,1,188,4.943602,38.20298
959,1,190,4.943002,38.75444
300,1,729,7.675285,136.8674
342,1,448,6.365595,89.67497
960,1,209,4.937302,42.55444
845,1,267,5.419899,47.15501
961,1,190,4.943002,38.75448
846,1,189,4.943302,38.15438
343,1,428,6.371595,85.8047
962,1,248,4.9256,41.25513
847,1,248,4.9256,41.25486
301,1,659,7.701688,131.7453
963,1,188,4.943602,38.35441
848,1,208,4.9376,41.23977
344,1,520,6.243996,84.16139
351,0,1427,7.714714,283.9124
352,0,0,0,0
964,1,255,4.695902,42.3801
1088,0,1949,10.11023,374.3712
1089,0,0,0,0
1089,0,0,0,0
1089,0,0,0,0
1089,0,0,0,0
849,1,309,4.907302,53.13446
965,1,211,4.834902,42.94073
850,1,253,5.424102,41.60544
302,1,780,7.061189,132.2149
209,1,4314,34.70505,841.2665
851,1,248,4.9256,41.25485
966,1,463,5.861094,86.98547
395,0,6134,46.27567,1170.023
352,0,772,3.845586,164.032
353,0,0,0,0
852,1,209,4.830703,39.25918
967,1,190,4.943002,38.75444
853,1,220,4.826203,40.19986
303,0,645,3.270989,136.0267
968,1,249,5.425302,41.25513
854,1,207,5.437899,42.15445
359,0,8214,61.8622,1567.824
360,0,0,0,0
969,1,229,4.9313,40.61356
353,0,661,2.86779,141.29
354,0,0,0,0
855,1,243,4.927102,42.403
970,1,255,4.9235,41.51326
856,1,231,4.9307,42.81903
304,1,689,7.692687,136.2715
857,1,257,4.922902,41.60302
354,0,618,2.376391,131.0585
355,0,0,0,0
971,1,471,6.358693,86.84018
972,1,190,5.443002,38.75444
858,1,292,4.9124,41.05479
973,1,207,4.937902,41.69687
859,1,227,4.9319,41.71157
860,1,208,4.937602,42.20306
974,1,250,4.925,42.05514
355,0,836,2.832786,175.8026
356,0,0,0,0
491,0,7821,59.44098,1503.056
492,0,0,0,0
861,1,249,4.9253,41.75556
975,1,246,4.9262,41.25513
862,1,200,4.940002,40.61251
976,1,216,4.935203,41.56423
863,1,207,4.9379,41.91514
360,0,2173,13.5653,426.9068
361,0,0,0,0
977,1,248,4.9256,41.25513
864,1,248,4.9256,41.25485
1089,0,3522,17.79524,667.4925
1090,0,0,0,0
1090,0,0,0,0
1090,0,0,0,0
1090,0,0,0,0
978,1,258,4.9226,41.25513
356,0,828,3.834385,171.7977
357,0,0,0,0
865,1,248,4.9256,41.25485
979,1,189,4.943302,38.55442
980,1,210,5.437002,42.56703
981,1,189,4.943302,38.55445
210,1,3832,27.44441,737.0659
982,1,228,4.931602,45.82734
983,1,260,4.922,40.89242
984,1,246,4.9262,41.25513
211,1,675,7.695686,126.8573
1090,0,1577,4.684606,305.3468
1091,0,0,0,0
1091,0,0,0,0
1091,0,0,0,0
1091,0,0,0,0
985,1,214,4.935802,41.8573
986,1,189,4.943302,38.55442
987,1,201,5.439702,40.27032
212,0,679,4.864202,148.9682
213,0,0,0,0
1091,0,611,-0.1222016,132.8467
1092,0,0,0,0
1092,0,0,0,0
1092,0,0,0,0
1092,0,0,0,0
305,1,4186,24.704,768.7753
988,1,341,5.897697,67.3818
866,1,2114,13.26587,376.3779
867,1,205,4.938502,41.603
989,1,226,4.932202,42.85074
990,1,232,4.9304,41.54316
868,1,238,4.928602,41.55436
869,1,223,4.9331,41.80446
991,1,255,4.9235,41.25513
357,0,3088,16.88207,607.3389
358,0,0,0,0
870,1,208,4.937602,42.20304
992,1,188,4.842402,38.31112
871,1,190,4.943002,38.60303
993,1,229,4.931303,44.7597
994,1,213,4.936102,43.35445
213,1,2166,14.94295,412.1161
358,0,1491,5.201847,302.906
359,0,0,0,0
492,0,5570,26.38498,1054.929
493,0,0,0,0
214,1,972,7.708392,187.7166
359,0,667,2.36659,142.7327
360,0,0,0,0
493,0,1110,2.277975,228.1096
494,0,0,0,0
872,1,3297,13.01114,593.1454
267,0,6089,26.28104,1177.206
268,0,0,0,0
215,1,1686,12.99428,317.4166
873,1,464,5.860794,85.20239
361,0,7368,32.02507,1410.311
362,0,0,0,0
874,1,188,4.843002,38.4164
360,0,2093,9.581404,425.0186
361,0,0,0,0
494,0,1485,6.703048,292.1212
495,0,0,0,0
995,0,3844,13.53119,716.3684
996,0,0,0,0
996,0,0,0,0
362,0,482,2.903594,107.8005
363,0,0,0,0
216,1,912,9.226439,173.6487
875,1,550,6.334995,95.57166
363,0,603,1.379391,129.1263
364,0,0,0,0
1092,0,6198,22.25981,1159.636
1093,0,0,0,0
1093,0,0,0,0
1093,0,0,0,0
1093,0,0,0,0
996,0,1263,3.247369,248.4638
997,0,0,0,0
997,0,0,0,0
361,0,1465,5.707108,287.7174
362,0,0,0,0
268,0,3231,11.35345,626.509
269,0,0,0,0
362,0,1552,3.189563,317.388
363,0,0,0,0
1093,0,2304,1.539189,438.909
1094,0,0,0,0
1094,0,0,0,0
1094,0,0,0,0
1094,0,0,0,0
997,0,2264,3.668583,400.9946
998,0,0,0,0
998,0,0,0,0
1255,1,211,4.936703,39.99815
397,0,3992,15.20099,767.9536
495,0,3591,10.78201,689.9003
496,0,0,0,0
363,0,657,2.86859,141.1159
364,0,0,0,0
269,0,1241,3.751785,252.8456
270,0,0,0,0
1256,1,225,4.9325,42.77911
1257,1,252,4.823802,41.79774
876,1,3785,15.3646,688.419
1258,1,238,4.928602,47.10038
877,1,251,4.9247,41.85518
364,0,904,3.819182,188.1205
365,0,0,0,0
1259,1,211,5.436698,42.80276
878,1,208,4.937602,42.3544
1260,1,208,4.737002,42.40532
879,1,186,4.944202,37.95435
1261,1,282,4.915402,50.53392
880,1,191,4.942702,38.95439
1262,1,188,4.943602,38.35427
881,1,222,5.433398,43.80919
1263,1,241,4.927702,42.15416
882,1,225,4.9325,42.3617
998,0,1954,9.385286,350.3864
999,0,0,0,0
999,0,0,0,0
883,1,247,4.9259,41.25486
884,1,282,4.9154,41.25481
1094,0,2919,13.91602,552.6821
1095,0,0,0,0
1095,0,0,0,0
1095,0,0,0,0
1095,0,0,0,0
885,1,211,4.936702,42.80303
509,0,6662,26.66648,1253.286
510,0,0,0,0
510,0,0,0,0
510,0,0,0,0
1264,1,1038,7.688578,178.2482
886,1,279,4.9163,43.31818
999,1,1126,7.462178,206.9821
1265,1,211,4.936702,42.80276
887,1,214,4.9358,42.00133
365,0,2291,13.54167,449.4975
366,0,0,0,0
1266,1,189,4.943302,38.55445
1000,1,245,4.926502,48.4004
888,1,190,4.943002,38.60303
132,0,7222,38.95553,1365.75
133,0,0,0,0
270,0,3231,21.85337,624.5782
271,0,0,0,0
1001,1,188,4.943602,38.35441
889,1,241,5.4277,44.59734
1267,1,436,5.869197,83.42728
1002,1,248,4.9256,41.25515
890,1,249,4.9253,41.25486
1268,1,188,5.443602,38.20306
1003,1,248,4.9256,41.25513
891,1,188,4.943602,38.20289
366,0,839,3.33219,172.0585
367,0,0,0,0
271,0,622,3.875591,130.1421
272,0,0,0,0
217,1,7348,39.40903,1339.536
1269,1,251,4.9247,41.45507
892,1,192,4.942402,39.00302
1004,1,260,4.922,42.98913
1270,1,249,4.9253,41.25504
893,1,248,5.425602,41.25486
1005,1,208,4.937602,42.20299
496,0,4455,31.60827,866.1402
497,0,0,0,0
1006,1,190,4.943002,38.75447
1271,1,251,4.924704,49.85794
894,1,248,4.9256,41.25486
367,0,726,2.854789,151.693
368,0,0,0,0
364,0,7609,42.97963,1453.73
365,0,0,0,0
1007,1,239,4.928302,42.40302
1272,1,249,4.9253,41.25504
895,1,298,4.9106,45.59277
1008,1,201,4.939702,40.55439
203,0,1085,7.283072,223.6658
1273,1,249,4.9253,41.32448
896,1,256,4.923202,46.30666
1009,1,220,4.934002,44.14387
1274,1,191,4.942702,38.95449
897,1,212,4.936402,42.20303
1010,1,209,4.937302,42.40308
1275,1,205,5.438498,41.60264
368,0,850,6.830051,179.3254
369,0,0,0,0
898,1,257,4.9229,41.53058
1276,1,207,4.9379,41.73376
1011,1,249,4.9253,41.25513
899,1,212,4.8364,41.9762
1012,1,207,4.937902,42.00305
1277,1,216,4.828003,39.22966
900,1,205,4.938502,41.35432
1013,1,204,4.832803,40.24455
1278,1,248,5.425602,41.25504
369,0,721,3.855788,152.963
370,0,0,0,0
901,1,248,4.9256,41.25483
1279,1,188,4.943602,38.20307
1014,1,334,5.399804,49.03592
902,1,253,4.9241,41.49766
1280,1,250,4.925,41.25507
1015,1,247,4.9259,41.25513
497,0,2350,17.02974,453.578
498,0,0,0,0
903,1,249,4.9253,41.25485
1016,1,208,4.937602,41.80311
904,1,205,4.938502,41.60298
1281,1,478,5.652395,89.55818
905,1,190,4.943002,38.75439
1282,1,207,4.937902,43.19264
1017,1,401,5.379698,73.14187
906,1,208,4.937602,42.35438
272,0,3479,25.30369,667.5359
273,0,0,0,0
365,0,2778,21.94404,534.6297
366,0,0,0,0
1018,1,250,4.925002,44.33075
1019,1,260,4.922,43.66988
907,1,492,5.852393,89.16064
908,1,190,5.442998,38.75441
909,1,231,5.430703,41.03105
1095,0,5957,40.81014,1125.411
1096,0,0,0,0
1096,0,0,0,0
1096,0,0,0,0
1096,0,0,0,0
1020,1,686,7.294186,124.0017
910,1,248,4.9256,41.25486
498,0,1857,11.62858,363.4661
499,0,0,0,0
1021,1,232,5.430399,42.21833
911,1,219,4.934302,42.66132
1022,1,247,4.9259,41.25513
1023,1,248,4.9256,41.25513
1024,1,248,4.9256,41.25513
1025,1,247,4.9259,41.18396
1026,1,224,4.932802,45.29151
499,0,1361,5.227855,269.3874
500,0,0,0,0
912,1,1266,9.018439,235.6903
307,1,8910,42.71194,1618.157
133,0,6836,41.31138,1286.913
134,0,0,0,0
1027,1,208,5.437598,41.42337
913,1,249,4.9253,41.25486
1028,1,190,4.943002,38.75443
914,1,246,4.9262,41.25486
370,0,4385,25.62222,854.4445
371,0,0,0,0
500,0,740,2.851995,155.5315
501,0,0,0,0
915,1,207,4.937902,42.00307
1029,1,458,5.862601,86.36022
916,1,228,4.931602,42.25786
1030,1,224,4.932802,44.55262
273,0,3603,19.27887,695.2612
274,0,0,0,0
1031,1,188,4.943602,38.35448
917,1,208,4.937602,41.95437
918,1,224,4.932803,42.23385
1032,1,246,4.806399,43.34734
371,0,1014,5.297233,212.0771
372,0,0,0,0
919,1,259,4.922302,42.55436
366,0,4408,24.61763,841.98
367,0,0,0,0
920,1,246,4.9262,41.25486
1033,1,518,5.344605,98.92169
501,0,1364,7.727301,266.247
502,0,0,0,0
1034,1,210,4.937002,42.75442
921,1,299,4.780899,41.58643
1035,1,207,4.8379,41.0053
922,1,209,4.937302,43.12436
1036,1,213,4.936102,43.70588
923,1,206,4.938202,41.80304
502,0,619,3.876192,130.8741
503,0,0,0,0
924,1,192,4.942402,39.00302
1037,1,252,4.9244,41.85513
925,1,191,5.442698,38.80302
1038,1,190,4.943002,38.75443
372,0,1461,7.70793,292.8766
373,0,0,0,0
926,1,207,4.937902,42.15441
927,1,248,4.9256,41.25486
1039,1,530,5.840993,94.90761
928,1,233,4.930103,47.28519
1040,1,218,4.934602,43.46918
1041,1,253,4.9241,41.37107
373,0,1013,4.297403,213.8542
374,0,0,0,0
274,0,3105,18.37864,605.5114
275,0,0,0,0
1042,1,248,4.9256,41.25513
929,1,693,6.476495,123.8256
367,0,2536,14.99255,487.944
368,0,0,0,0
1043,1,210,4.937,41.31585
930,1,246,4.9262,41.25482
374,0,739,2.352189,153.7414
375,0,0,0,0
931,1,508,5.743399,89.62933
932,1,230,4.931002,44.78482
503,0,2845,16.43077,548.8653
504,0,0,0,0
933,1,190,4.943002,38.60304
934,1,189,5.443298,38.40303
935,1,189,4.943302,38.55439
936,1,208,4.937602,42.20303
275,0,2110,10.57798,402.041
276,0,0,0,0
937,1,222,4.933402,44.68005
938,1,277,4.9169,43.05833
939,1,205,4.938502,41.35437
368,0,2538,12.99225,503.7187
369,0,0,0,0
940,1,260,4.822,41.28307
941,1,209,4.937302,42.00302
942,1,204,4.938802,41.1544
369,0,601,2.879791,131.8338
370,0,0,0,0
943,1,249,4.9253,41.25486
1044,1,3419,17.34523,584.6314
944,1,205,4.938502,41.603
945,1,255,4.9235,41.6372
1045,1,524,6.842793,91.5588
946,1,287,4.913903,49.61296
370,0,966,4.306793,196.3556
371,0,0,0,0
1046,1,233,4.930099,40.55323
947,1,243,4.927102,45.11377
1047,1,248,4.9256,41.25513
948,1,248,4.9256,41.25486
1048,1,229,5.431303,39.67708
949,1,208,4.937602,42.20303
1049,1,295,4.9115,41.25513
950,1,216,4.9352,42.06734
951,1,189,5.443302,38.40299
1050,1,305,4.694099,41.28898
952,1,207,4.937902,41.75437
504,0,4330,26.63343,839.5649
505,0,0,0,0
1051,1,236,4.929202,43.11036
953,1,248,4.9256,41.25485
1052,1,221,4.933702,42.63215
954,1,226,4.932202,43.47403
375,0,5587,31.38169,1062.315
376,0,0,0,0
955,1,272,4.9184,49.59636
1053,1,446,6.866192,85.33177
956,1,246,4.9262,41.25486
1097,0,2454,15.00895,466.2442
1098,0,0,0,0
1098,0,0,0,0
1098,0,0,0,0
1098,0,0,0,0
1054,1,248,4.9256,41.25513
957,1,209,4.937303,42.00298
371,0,2534,16.49298,492.9139
372,0,0,0,0
376,0,662,3.367591,139.3994
377,0,0,0,0
1055,1,301,4.9097,44.17446
505,0,1365,8.227096,269.3285
506,0,0,0,0
1056,1,209,4.937302,42.55444
1057,1,212,4.936402,42.13335
958,1,725,7.782483,135.2717
959,1,209,5.437299,42.40303
960,1,247,4.9259,41.25486
276,0,5967,36.30739,1142.612
277,0,0,0,0
961,1,203,4.9391,40.47742
1098,0,1582,5.183625,313.1573
1099,0,0,0,0
1099,0,0,0,0
1099,0,0,0,0
1099,0,0,0,0
1058,1,994,8.701805,182.1694
277,0,373,1.425396,85.86401
278,0,0,0,0
962,1,211,4.836102,42.9562
963,1,190,4.943002,38.60299
1059,1,253,4.9241,41.85513
964,1,188,4.943602,38.20299
1060,1,291,4.812099,41.56362
372,0,2177,12.06458,429.2635
373,0,0,0,0
377,0,2349,12.03012,461.3684
378,0,0,0,0
219,0,9746,29.049,1961.872
220,0,0,0,0
373,0,604,1.879201,127.1729
374,0,0,0,0
965,1,944,7.913202,168.2176
966,1,189,4.943302,38.40302
967,1,190,5.442998,38.75439
968,1,224,4.932802,46.16553
512,0,2214,10.0572,428.3544
513,0,0,0,0
513,0,0,0,0
513,0,0,0,0
969,1,491,6.3527,89.57191
970,1,206,4.938202,41.80298
378,0,1854,9.129272,362.0144
379,0,0,0,0
971,1,188,4.943602,38.203
972,1,239,4.928302,41.20298
206,0,797,4.840616,167.1522
207,0,0,0,0
