Episode,Success,Steps,Reward,PathDistance
1,0,139,-1,028,33,270
2,0,0,-1,000,0,000
3,0,0,-2,000,0,000
4,0,0,-3,000,0,000
5,0,0,-4,000,0,000
1,0,163,-1,033,32,248
1,0,169,-1,034,33,976
1,0,202,-1,040,39,425
2,0,0,-1,000,0,000
3,0,0,-2,000,0,000
1,0,211,-0,042,42,417
1,0,229,-1,046,40,204
2,0,0,-1,000,0,000
1,0,233,-1,047,38,372
2,0,0,-1,000,0,000
3,0,0,-2,000,0,000
4,0,0,-3,000,0,000
1,0,238,-1,048,40,732
1,0,240,-1,048,39,540
1,0,252,-0,550,41,315
2,0,0,-1,000,0,000
3,0,0,-2,000,0,000
4,0,0,-3,000,0,000
5,0,0,-4,000,0,000
1,0,297,-0,059,46,914
2,0,136,-1,027,32,639
1,0,323,-0,565,51,173
2,0,0,-1,000,0,000
3,0,0,-2,000,0,000
6,0,192,-5,038,38,122
7,0,0,-1,000,0,000
8,0,0,-2,000,0,000
9,0,0,-3,000,0,000
10,0,0,-4,000,0,000
1,0,350,-0,570,53,474
2,0,0,-1,000,0,000
5,0,124,-4,025,33,373
6,0,0,-1,000,0,000
7,0,0,-2,000,0,000
8,0,0,-3,000,0,000
2,0,117,-1,023,31,744
4,0,185,-3,037,36,406
5,0,0,-1,000,0,000
6,0,0,-2,000,0,000
2,0,151,-1,030,33,476
2,0,230,-1,046,40,857
2,0,211,-1,042,35,601
3,0,218,-2,044,40,201
4,0,0,-1,000,0,000
1,0,451,-0,590,65,029
3,0,160,-1,032,36,731
2,0,166,-1,033,35,355
11,0,142,-5,028,31,182
12,0,0,-1,000,0,000
13,0,0,-2,000,0,000
14,0,0,-3,000,0,000
15,0,0,-4,000,0,000
6,0,228,-5,046,41,454
7,0,0,-1,000,0,000
8,0,0,-2,000,0,000
9,0,0,-3,000,0,000
10,0,0,-4,000,0,000
1,0,481,-0,596,61,144
2,0,0,-1,000,0,000
3,0,0,-2,000,0,000
4,0,0,-3,000,0,000
9,0,134,-4,027,32,922
10,0,0,-1,000,0,000
11,0,0,-2,000,0,000
12,0,0,-3,000,0,000
13,0,0,-4,000,0,000
14,0,0,-5,000,0,000
3,0,167,-2,033,37,984
1,0,536,-0,107,71,893
2,0,0,-1,000,0,000
4,0,222,-3,044,37,980
5,0,0,-1,000,0,000
6,0,0,-2,000,0,000
3,0,158,-1,032,36,846
5,0,136,-2,027,34,283
16,0,137,-5,027,34,298
17,0,0,-1,000,0,000
18,0,0,-2,000,0,000
19,0,0,-3,000,0,000
20,0,0,-4,000,0,000
3,0,278,-0,556,44,234
4,0,180,-1,036,38,379
5,0,0,-1,000,0,000
7,0,260,-2,662,47,533
8,0,0,-1,000,0,000
9,0,0,-2,000,0,000
5,0,170,-4,034,35,574
6,0,0,-1,000,0,000
7,0,0,-2,000,0,000
8,0,0,-3,000,0,000
3,0,255,-0,551,45,767
4,0,0,-1,000,0,000
4,0,146,-1,029,32,770
5,0,0,-1,000,0,000
7,0,126,-3,025,33,515
8,0,0,-1,000,0,000
9,0,0,-2,000,0,000
11,0,201,-5,040,36,480
12,0,0,-1,000,0,000
13,0,0,-2,000,0,000
14,0,0,-3,000,0,000
15,0,0,-4,000,0,000
15,0,192,-6,038,39,972
16,0,0,-1,000,0,000
17,0,0,-2,000,0,000
18,0,0,-3,000,0,000
19,0,0,-4,000,0,000
20,0,0,-5,000,0,000
3,0,220,-0,544,41,611
3,0,289,-0,558,49,303
3,0,217,-2,043,41,691
4,0,0,-1,000,0,000
5,0,0,-2,000,0,000
6,0,0,-3,000,0,000
2,0,308,-0,062,50,233
10,0,124,-3,025,32,502
11,0,0,-1,000,0,000
12,0,0,-2,000,0,000
4,0,230,-1,046,40,677
5,0,129,-2,026,31,210
9,0,165,-4,033,32,588
10,0,0,-1,000,0,000
11,0,0,-2,000,0,000
12,0,0,-3,000,0,000
21,0,224,-5,045,43,588
22,0,0,-1,000,0,000
23,0,0,-2,000,0,000
24,0,0,-3,000,0,000
25,0,0,-4,000,0,000
6,0,196,-2,171,37,131
4,0,169,-1,034,35,591
10,0,196,-3,039,38,270
11,0,0,-1,000,0,000
12,0,0,-2,000,0,000
3,0,144,-1,029,33,875
6,0,135,-1,027,32,641
16,0,239,-4,548,43,303
17,0,0,-1,000,0,000
18,0,0,-2,000,0,000
19,0,0,-3,000,0,000
20,0,0,-4,000,0,000
6,0,262,-1,052,45,604
5,0,152,-1,030,34,437
4,0,230,-0,546,41,037
7,0,199,-4,040,40,555
8,0,0,-1,000,0,000
9,0,0,-2,000,0,000
6,0,384,-0,077,57,387
7,0,0,-1,000,0,000
26,0,139,-5,028,32,626
27,0,0,-1,000,0,000
28,0,0,-2,000,0,000
29,0,0,-3,000,0,000
30,0,0,-4,000,0,000
5,0,148,-1,030,34,358
13,0,157,-3,031,37,325
14,0,0,-1,000,0,000
15,0,0,-2,000,0,000
5,0,108,-1,022,32,558
21,0,139,-5,028,34,313
22,0,0,-1,000,0,000
23,0,0,-2,000,0,000
24,0,0,-3,000,0,000
25,0,0,-4,000,0,000
13,0,257,-3,551,47,640
14,0,0,-1,000,0,000
15,0,0,-2,000,0,000
16,0,0,-3,000,0,000
7,0,240,-1,171,40,786
10,0,155,-3,031,32,267
21,0,428,-5,586,54,480
22,0,0,-1,000,0,000
23,0,0,-2,000,0,000
24,0,0,-3,000,0,000
13,0,344,-2,677,53,628
14,0,0,-1,000,0,000
15,0,0,-2,000,0,000
6,0,189,-1,038,36,387
7,0,204,-1,041,36,892
8,0,0,-1,000,0,000
7,0,218,-1,044,38,030
16,0,114,-3,023,31,482
17,0,0,-1,000,0,000
18,0,0,-2,000,0,000
6,0,141,-1,028,34,472
4,0,518,-0,316,68,882
8,0,127,-1,025,30,695
31,0,238,-5,048,38,960
32,0,0,-1,000,0,000
33,0,0,-2,000,0,000
34,0,0,-3,000,0,000
35,0,0,-4,000,0,000
26,0,164,-5,033,36,875
27,0,0,-1,000,0,000
28,0,0,-2,000,0,000
29,0,0,-3,000,0,000
30,0,0,-4,000,0,000
16,0,144,-3,029,35,070
17,0,0,-1,000,0,000
18,0,0,-2,000,0,000
4,0,360,-0,572,54,357
25,0,180,-4,036,35,919
26,0,0,-1,000,0,000
27,0,0,-2,000,0,000
28,0,0,-3,000,0,000
29,0,0,-4,000,0,000
30,0,0,-5,000,0,000
8,0,181,-1,036,37,795
11,0,231,-1,046,42,614
17,0,271,-3,554,46,735
18,0,0,-1,000,0,000
19,0,0,-2,000,0,000
20,0,0,-3,000,0,000
19,0,208,-3,042,36,549
20,0,0,-1,000,0,000
21,0,0,-2,000,0,000
7,0,219,-0,544,38,872
7,0,246,-1,049,45,863
8,0,402,-1,580,56,908
9,0,0,-1,000,0,000
5,0,127,-1,025,33,127
36,0,185,-5,037,35,085
37,0,0,-1,000,0,000
38,0,0,-2,000,0,000
39,0,0,-3,000,0,000
40,0,0,-4,000,0,000
6,0,376,-0,575,60,425
9,0,223,-1,045,40,917
10,0,0,-1,000,0,000
9,0,307,-1,061,51,458
10,0,0,-1,000,0,000
19,0,215,-2,543,39,052
20,0,0,-1,000,0,000
21,0,0,-2,000,0,000
12,0,143,-1,029,33,350
31,0,204,-6,041,36,345
32,0,0,-1,000,0,000
33,0,0,-2,000,0,000
34,0,0,-3,000,0,000
8,0,157,-1,031,33,137
21,0,181,-4,036,38,086
22,0,0,-1,000,0,000
23,0,0,-2,000,0,000
24,0,0,-3,000,0,000
41,0,146,-5,029,36,833
42,0,0,-1,000,0,000
43,0,0,-2,000,0,000
44,0,0,-3,000,0,000
45,0,0,-4,000,0,000
11,0,117,-2,023,32,325
10,0,181,-2,036,36,493
11,0,0,-1,000,0,000
11,0,119,-2,024,31,476
12,0,0,-1,000,0,000
6,0,169,-1,034,35,701
8,0,198,-1,040,37,552
22,0,220,-3,044,41,791
23,0,0,-1,000,0,000
24,0,0,-2,000,0,000
5,0,448,-0,090,61,732
22,0,131,-3,026,33,256
23,0,0,-1,000,0,000
24,0,0,-2,000,0,000
31,0,400,-4,080,55,946
32,0,0,-1,000,0,000
33,0,0,-2,000,0,000
34,0,0,-3,000,0,000
35,0,0,-4,000,0,000
9,0,335,-1,067,49,505
10,0,0,-1,000,0,000
9,0,110,-1,022,31,784
12,0,126,-2,025,31,788
12,0,137,-1,027,32,144
13,0,134,-2,027,32,784
14,0,0,-1,000,0,000
13,0,213,-1,043,37,922
7,0,286,-0,557,47,073
6,0,158,-1,032,36,563
46,0,242,-5,048,42,210
47,0,0,-1,000,0,000
48,0,0,-2,000,0,000
49,0,0,-3,000,0,000
50,0,0,-4,000,0,000
11,0,149,-2,030,34,092
36,0,185,-5,037,39,080
37,0,0,-1,000,0,000
38,0,0,-2,000,0,000
39,0,0,-3,000,0,000
40,0,0,-4,000,0,000
25,0,212,-3,042,41,155
26,0,0,-1,000,0,000
27,0,0,-2,000,0,000
9,0,318,-0,064,53,243
13,0,162,-1,032,36,441
15,0,164,-2,033,34,831
8,0,142,-1,028,35,186
25,0,352,-3,070,57,594
26,0,0,-1,000,0,000
27,0,0,-2,000,0,000
28,0,0,-3,000,0,000
29,0,0,-4,000,0,000
30,0,0,-5,000,0,000
7,0,128,-1,026,32,175
10,0,217,-1,043,40,278
51,0,113,-5,023,31,016
52,0,0,-1,000,0,000
53,0,0,-2,000,0,000
54,0,0,-3,000,0,000
55,0,0,-4,000,0,000
7,0,377,-0,575,55,205
41,0,130,-5,026,31,002
42,0,0,-1,000,0,000
43,0,0,-2,000,0,000
44,0,0,-3,000,0,000
45,0,0,-4,000,0,000
35,0,453,-3,091,58,091
36,0,0,-1,000,0,000
37,0,0,-2,000,0,000
38,0,0,-3,000,0,000
39,0,0,-4,000,0,000
40,0,0,-5,000,0,000
14,0,122,-1,024,31,194
28,0,161,-3,032,34,818
29,0,0,-1,000,0,000
30,0,0,-2,000,0,000
9,0,138,-1,028,33,972
25,0,437,-2,087,61,112
26,0,0,-1,000,0,000
27,0,0,-2,000,0,000
31,0,128,-6,026,32,283
32,0,0,-1,000,0,000
33,0,0,-2,000,0,000
34,0,0,-3,000,0,000
56,0,134,-5,027,34,225
57,0,0,-1,000,0,000
58,0,0,-2,000,0,000
59,0,0,-3,000,0,000
60,0,0,-4,000,0,000
11,0,193,-1,039,34,501
10,0,276,-0,555,43,446
8,0,185,-1,037,35,692
46,0,190,-5,038,37,589
47,0,0,-1,000,0,000
48,0,0,-2,000,0,000
49,0,0,-3,000,0,000
50,0,0,-4,000,0,000
14,0,448,-0,090,66,346
15,0,0,-1,000,0,000
16,0,0,-2,000,0,000
17,0,0,-3,000,0,000
28,0,152,-3,030,35,214
29,0,0,-1,000,0,000
30,0,0,-2,000,0,000
13,0,509,0,898,70,396
14,0,0,-1,000,0,000
12,0,406,-1,081,59,821
31,0,237,-2,547,40,647
32,0,0,-1,000,0,000
33,0,0,-2,000,0,000
41,0,277,-5,555,45,266
42,0,0,-1,000,0,000
43,0,0,-2,000,0,000
44,0,0,-3,000,0,000
12,0,147,-1,029,32,708
35,0,230,-3,546,42,379
36,0,0,-1,000,0,000
37,0,0,-2,000,0,000
38,0,0,-3,000,0,000
15,0,286,-1,184,42,512
16,0,406,-1,081,59,663
51,0,140,-5,028,33,200
52,0,0,-1,000,0,000
53,0,0,-2,000,0,000
54,0,0,-3,000,0,000
55,0,0,-4,000,0,000
31,0,130,-3,026,32,833
32,0,0,-1,000,0,000
33,0,0,-2,000,0,000
11,0,188,-1,038,33,479
15,0,146,-2,029,33,323
10,0,356,-0,571,54,141
34,0,154,-3,031,37,032
35,0,0,-1,000,0,000
36,0,0,-2,000,0,000
16,0,122,-1,024,32,106
61,0,342,-4,568,54,421
62,0,0,-1,000,0,000
63,0,0,-2,000,0,000
64,0,0,-3,000,0,000
65,0,0,-4,000,0,000
39,0,142,-4,028,33,585
40,0,0,-1,000,0,000
41,0,0,-2,000,0,000
42,0,0,-3,000,0,000
45,0,164,-4,033,35,308
46,0,0,-1,000,0,000
47,0,0,-2,000,0,000
48,0,0,-3,000,0,000
13,0,189,-1,038,38,752
14,0,0,-1,000,0,000
17,0,140,-1,028,34,569
18,0,279,-3,556,48,738
19,0,0,-1,000,0,000
34,0,148,-3,030,35,802
35,0,0,-1,000,0,000
36,0,0,-2,000,0,000
13,0,205,-1,041,40,492
12,0,165,-1,033,34,855
56,0,201,-4,540,41,052
57,0,0,-1,000,0,000
58,0,0,-2,000,0,000
59,0,0,-3,000,0,000
60,0,0,-4,000,0,000
43,0,123,-4,025,31,398
44,0,0,-1,000,0,000
45,0,0,-2,000,0,000
46,0,0,-3,000,0,000
47,0,0,-4,000,0,000
48,0,0,-5,000,0,000
9,0,386,-0,077,58,774
17,0,144,-1,029,33,613
11,0,169,-1,034,34,276
15,0,132,-2,026,32,083
37,0,178,-3,036,37,017
38,0,0,-1,000,0,000
39,0,0,-2,000,0,000
49,0,162,-4,032,35,673
50,0,0,-1,000,0,000
51,0,0,-2,000,0,000
52,0,0,-3,000,0,000
53,0,0,-4,000,0,000
54,0,0,-5,000,0,000
16,0,222,-1,044,42,374
17,0,0,-1,000,0,000
66,0,233,-5,047,40,627
67,0,0,-1,000,0,000
68,0,0,-2,000,0,000
69,0,0,-3,000,0,000
70,0,0,-4,000,0,000
37,0,182,-3,036,35,967
38,0,0,-1,000,0,000
39,0,0,-2,000,0,000
8,0,733,1,353,90,542
61,0,164,-5,033,34,471
62,0,0,-1,000,0,000
63,0,0,-2,000,0,000
64,0,0,-3,000,0,000
65,0,0,-4,000,0,000
13,0,189,-1,038,33,723
18,0,140,-1,028,32,669
10,0,160,-1,032,37,302
12,0,161,-1,032,34,665
18,0,298,-1,060,49,661
49,0,200,-6,040,41,904
50,0,0,-1,000,0,000
51,0,0,-2,000,0,000
52,0,0,-3,000,0,000
40,0,161,-3,032,33,379
41,0,0,-1,000,0,000
42,0,0,-2,000,0,000
40,0,151,-3,030,33,449
41,0,0,-1,000,0,000
42,0,0,-2,000,0,000
20,0,348,-1,570,59,143
21,0,0,-1,000,0,000
22,0,0,-2,000,0,000
23,0,0,-3,000,0,000
19,0,132,-1,026,31,306
71,0,198,-5,040,41,212
72,0,0,-1,000,0,000
73,0,0,-2,000,0,000
74,0,0,-3,000,0,000
75,0,0,-4,000,0,000
55,0,264,-6,053,45,352
56,0,0,-1,000,0,000
57,0,0,-2,000,0,000
58,0,0,-3,000,0,000
59,0,0,-4,000,0,000
60,0,0,-5,000,0,000
66,0,219,-4,544,43,665
67,0,0,-1,000,0,000
68,0,0,-2,000,0,000
69,0,0,-3,000,0,000
70,0,0,-4,000,0,000
19,0,165,-0,533,39,867
13,0,203,-0,541,40,357
43,0,195,-3,039,37,918
44,0,0,-1,000,0,000
45,0,0,-2,000,0,000
11,0,238,-0,548,45,387
18,0,401,-0,580,64,563
19,0,0,-1,000,0,000
43,0,191,-2,538,41,021
44,0,0,-1,000,0,000
45,0,0,-2,000,0,000
24,0,216,-4,043,42,156
25,0,0,-1,000,0,000
61,0,184,-5,537,41,193
62,0,0,-1,000,0,000
63,0,0,-2,000,0,000
64,0,0,-3,000,0,000
65,0,0,-4,000,0,000
66,0,0,-5,000,0,000
14,0,569,-0,114,72,377
15,0,0,-1,000,0,000
53,0,323,-3,565,55,119
54,0,0,-1,000,0,000
55,0,0,-2,000,0,000
56,0,0,-3,000,0,000
57,0,0,-4,000,0,000
14,0,145,-1,029,32,175
71,0,194,-5,039,39,039
72,0,0,-1,000,0,000
73,0,0,-2,000,0,000
74,0,0,-3,000,0,000
75,0,0,-4,000,0,000
16,0,520,-0,104,75,091
17,0,0,-1,000,0,000
20,0,186,-1,037,39,230
9,0,459,0,201,71,696
12,0,176,-1,035,37,757
46,0,160,-3,032,35,545
47,0,0,-1,000,0,000
48,0,0,-2,000,0,000
26,0,178,-2,036,39,522
27,0,0,-1,000,0,000
16,0,185,-2,037,37,465
76,0,166,-5,033,36,583
77,0,0,-1,000,0,000
78,0,0,-2,000,0,000
79,0,0,-3,000,0,000
80,0,0,-4,000,0,000
20,0,426,-0,085,72,394
21,0,0,-1,000,0,000
21,0,178,-1,036,37,524
76,1,433,0,752,47,376
18,0,190,-2,038,35,603
14,0,609,0,378,86,071
13,0,196,-0,039,41,929
49,0,166,-3,033,34,564
50,0,0,-1,000,0,000
51,0,0,-2,000,0,000
20,0,331,-1,066,57,234
21,0,0,-1,000,0,000
15,0,320,-0,064,55,197
46,1,456,2,763,51,514
77,0,124,-1,025,32,963
78,0,0,-1,000,0,000
79,0,0,-2,000,0,000
80,0,0,-3,000,0,000
81,0,0,-4,000,0,000
15,0,145,-1,029,34,738
67,0,430,-4,086,71,025
68,0,0,-1,000,0,000
69,0,0,-2,000,0,000
70,0,0,-3,000,0,000
71,0,0,-4,000,0,000
72,0,0,-5,000,0,000
52,0,159,-3,032,36,673
53,0,0,-1,000,0,000
54,0,0,-2,000,0,000
19,0,206,-1,041,40,331
20,0,0,-1,000,0,000
14,0,199,-1,040,37,094
81,0,269,-4,554,47,715
82,0,0,-1,000,0,000
83,0,0,-2,000,0,000
84,0,0,-3,000,0,000
85,0,0,-4,000,0,000
47,0,125,-1,025,31,754
48,0,0,-1,000,0,000
49,0,0,-2,000,0,000
16,0,191,-0,538,40,278
22,0,307,-1,561,54,316
23,0,0,-1,000,0,000
82,0,232,-5,046,39,689
83,0,0,-1,000,0,000
84,0,0,-2,000,0,000
85,0,0,-3,000,0,000
86,0,0,-4,000,0,000
73,0,172,-6,034,36,773
74,0,0,-1,000,0,000
75,0,0,-2,000,0,000
76,0,0,-3,000,0,000
77,0,0,-4,000,0,000
78,0,0,-5,000,0,000
28,0,507,-1,601,68,059
29,0,0,-1,000,0,000
10,0,624,0,375,86,314
50,0,246,-3,049,42,656
51,0,0,-1,000,0,000
52,0,0,-2,000,0,000
15,0,265,-0,553,42,487
55,0,363,-2,073,54,803
56,0,0,-1,000,0,000
57,0,0,-2,000,0,000
16,0,402,-0,080,58,547
87,0,230,-5,046,37,285
88,0,0,-1,000,0,000
89,0,0,-2,000,0,000
90,0,0,-3,000,0,000
91,0,0,-4,000,0,000
22,0,624,-1,125,81,926
23,0,0,-1,000,0,000
17,0,310,-0,062,54,841
24,0,293,-1,559,51,919
25,0,0,-1,000,0,000
86,1,445,1,367,48,555
16,0,188,-0,538,40,217
21,0,501,-1,100,78,363
22,0,0,-1,000,0,000
79,0,348,-5,570,54,925
80,0,0,-1,000,0,000
81,0,0,-2,000,0,000
82,0,0,-3,000,0,000
22,0,743,0,851,103,070
17,0,202,-0,540,42,277
24,0,175,-2,035,36,286
53,0,311,-2,562,48,238
54,0,0,-1,000,0,000
55,0,0,-2,000,0,000
92,0,222,-4,544,40,138
93,0,0,-1,000,0,000
94,0,0,-2,000,0,000
95,0,0,-3,000,0,000
96,0,0,-4,000,0,000
17,0,892,0,822,121,796
18,0,0,-1,000,0,000
87,0,167,-0,533,37,079
88,0,0,-1,000,0,000
89,0,0,-2,000,0,000
90,0,0,-3,000,0,000
91,0,0,-4,000,0,000
11,0,395,-0,184,60,519
17,0,176,-0,535,38,300
58,0,301,-2,060,54,483
59,0,0,-1,000,0,000
60,0,0,-2,000,0,000
23,0,171,-2,034,34,492
30,0,453,-1,091,69,219
31,0,0,-1,000,0,000
18,0,322,-0,064,58,684
23,0,210,-1,042,36,803
83,0,236,-3,047,43,442
84,0,0,-1,000,0,000
85,0,0,-2,000,0,000
86,0,0,-3,000,0,000
87,0,0,-4,000,0,000
88,0,0,-5,000,0,000
26,0,338,-1,568,53,731
27,0,0,-1,000,0,000
12,0,151,-1,030,34,742
18,0,152,-1,030,36,238
61,0,160,-3,032,33,871
62,0,0,-1,000,0,000
63,0,0,-2,000,0,000
56,0,230,-2,546,44,998
57,0,0,-1,000,0,000
58,0,0,-2,000,0,000
92,0,201,-4,540,42,582
93,0,0,-1,000,0,000
94,0,0,-2,000,0,000
95,0,0,-3,000,0,000
96,0,0,-4,000,0,000
58,0,1278,-1,256,155,565
59,0,0,-1,000,0,000
60,0,0,-2,000,0,000
61,0,0,-3,000,0,000
62,0,0,-4,000,0,000
63,0,0,-5,000,0,000
89,0,148,-6,030,33,653
90,0,0,-1,000,0,000
91,0,0,-2,000,0,000
92,0,0,-3,000,0,000
93,0,0,-4,000,0,000
94,0,0,-5,000,0,000
24,0,235,-1,047,45,106
25,0,0,-1,000,0,000
25,0,347,-0,177,53,160
26,0,0,-1,000,0,000
97,0,320,-4,564,48,899
98,0,0,-1,000,0,000
99,0,0,-2,000,0,000
100,0,0,-3,000,0,000
101,0,0,-4,000,0,000
59,0,145,-3,029,32,710
60,0,0,-1,000,0,000
61,0,0,-2,000,0,000
13,0,204,-0,541,40,940
19,0,290,-0,558,52,470
28,0,240,-1,048,43,077
64,0,197,-2,539,39,997
65,0,0,-1,000,0,000
66,0,0,-2,000,0,000
29,0,0,-1,000,0,000
64,0,166,-6,033,37,802
65,0,0,-1,000,0,000
66,0,0,-2,000,0,000
67,0,0,-3,000,0,000
68,0,0,-4,000,0,000
69,0,0,-5,000,0,000
19,0,228,-0,546,43,159
97,0,208,-4,542,43,021
98,0,0,-1,000,0,000
99,0,0,-2,000,0,000
100,0,0,-3,000,0,000
101,0,0,-4,000,0,000
102,0,144,-5,029,32,767
24,0,330,-0,066,53,617
103,0,0,-1,000,0,000
104,0,0,-2,000,0,000
105,0,0,-3,000,0,000
106,0,0,-4,000,0,000
18,0,506,0,399,71,082
26,0,216,-2,043,41,704
27,0,0,-1,000,0,000
27,0,222,-2,044,37,339
32,0,482,-1,096,74,088
33,0,0,-1,000,0,000
34,0,0,-2,000,0,000
35,0,0,-3,000,0,000
14,0,154,-1,031,34,508
95,0,330,-5,066,55,330
96,0,0,-1,000,0,000
97,0,0,-2,000,0,000
98,0,0,-3,000,0,000
99,0,0,-4,000,0,000
100,0,0,-5,000,0,000
25,0,172,-1,034,35,570
28,0,116,-2,023,31,526
102,0,205,-4,541,41,440
103,0,0,-1,000,0,000
104,0,0,-2,000,0,000
105,0,0,-3,000,0,000
106,0,0,-4,000,0,000
107,0,204,-4,541,40,404
108,0,0,-1,000,0,000
109,0,0,-2,000,0,000
110,0,0,-3,000,0,000
111,0,0,-4,000,0,000
28,0,154,-1,031,33,798
70,0,320,-6,064,44,753
71,0,0,-1,000,0,000
72,0,0,-2,000,0,000
73,0,0,-3,000,0,000
74,0,0,-4,000,0,000
75,0,0,-5,000,0,000
67,0,344,-2,569,55,390
68,0,0,-1,000,0,000
69,0,0,-2,000,0,000
15,0,212,-0,542,43,609
36,0,268,-3,554,46,456
37,0,0,-1,000,0,000
38,0,0,-2,000,0,000
39,0,0,-3,000,0,000
19,0,805,-0,161,106,446
20,0,0,-1,000,0,000
26,0,217,-1,043,40,119
62,0,494,-2,700,72,533
63,0,0,-1,000,0,000
64,0,0,-2,000,0,000
20,0,474,-0,095,67,174
30,0,481,-0,596,74,355
31,0,0,-1,000,0,000
76,0,186,-6,037,33,828
77,0,0,-1,000,0,000
78,0,0,-2,000,0,000
79,0,0,-3,000,0,000
20,0,513,0,897,72,274
112,0,306,-4,561,49,688
113,0,0,-1,000,0,000
114,0,0,-2,000,0,000
115,0,0,-3,000,0,000
116,0,0,-4,000,0,000
70,0,218,-2,544,41,375
71,0,0,-1,000,0,000
72,0,0,-2,000,0,000
40,0,154,-4,031,35,567
41,0,0,-1,000,0,000
42,0,0,-2,000,0,000
65,0,118,-3,024,32,123
66,0,0,-1,000,0,000
67,0,0,-2,000,0,000
21,0,131,-1,026,34,814
29,0,333,-0,686,53,333
30,0,0,-1,000,0,000
107,0,362,-4,677,53,702
108,0,0,-1,000,0,000
109,0,0,-2,000,0,000
110,0,0,-3,000,0,000
111,0,0,-4,000,0,000
21,0,141,-1,028,34,419
19,0,653,0,369,85,341
21,0,290,-1,558,48,968
22,0,0,-1,000,0,000
68,0,159,-3,032,31,802
69,0,0,-1,000,0,000
70,0,0,-2,000,0,000
16,0,414,0,417,59,428
31,0,217,-2,172,41,728
32,0,373,-1,075,55,835
33,0,0,-1,000,0,000
117,0,310,-4,562,53,051
118,0,0,-1,000,0,000
119,0,0,-2,000,0,000
120,0,0,-3,000,0,000
121,0,0,-4,000,0,000
27,0,434,-0,087,64,340
22,0,196,-0,539,40,390
80,0,362,-3,572,53,148
81,0,0,-1,000,0,000
82,0,0,-2,000,0,000
83,0,0,-3,000,0,000
73,1,338,2,899,43,179
22,0,370,-0,074,57,586
71,1,283,2,815,41,554
23,0,169,-0,534,38,682
112,1,456,0,758,54,877
84,0,256,-3,051,52,751
85,0,0,-1,000,0,000
86,0,0,-2,000,0,000
87,0,0,-3,000,0,000
88,0,0,-4,000,0,000
89,0,0,-5,000,0,000
101,1,959,1,212,108,031
122,0,310,-4,562,52,057
123,0,0,-1,000,0,000
124,0,0,-2,000,0,000
125,0,0,-3,000,0,000
126,0,0,-4,000,0,000
28,0,313,-0,063,53,231
74,0,294,-0,059,54,110
75,0,0,-1,000,0,000
76,0,0,-2,000,0,000
43,0,718,-0,644,114,229
44,0,0,-1,000,0,000
29,0,155,-0,531,40,777
72,0,331,-0,669,53,656
73,0,0,-1,000,0,000
74,0,0,-2,000,0,000
23,0,652,-0,130,99,445
24,0,0,-1,000,0,000
20,0,657,0,369,85,314
113,1,305,4,909,41,918
90,0,253,-5,051,53,031
91,0,0,-1,000,0,000
92,0,0,-2,000,0,000
93,0,0,-3,000,0,000
94,0,0,-4,000,0,000
32,0,567,-0,225,84,193
33,0,0,-1,000,0,000
29,0,1172,1,766,158,547
30,0,0,-1,000,0,000
34,0,540,-0,108,90,712
35,0,0,-1,000,0,000
127,0,334,-4,067,59,379
128,0,0,-1,000,0,000
129,0,0,-2,000,0,000
130,0,0,-3,000,0,000
131,0,0,-4,000,0,000
45,0,240,-2,048,41,011
24,0,491,0,902,76,986
102,0,376,-1,075,49,452
103,0,0,-1,000,0,000
104,0,0,-2,000,0,000
105,0,0,-3,000,0,000
30,0,199,-0,540,41,249
31,0,0,-1,000,0,000
75,1,294,2,912,44,046
114,0,311,-0,062,54,060
115,0,0,-1,000,0,000
116,0,0,-2,000,0,000
117,0,0,-3,000,0,000
118,0,0,-4,000,0,000
25,0,170,-0,534,39,944
95,0,323,-4,065,56,062
96,0,0,-1,000,0,000
97,0,0,-2,000,0,000
98,0,0,-3,000,0,000
99,0,0,-4,000,0,000
100,0,0,-5,000,0,000
23,0,738,0,852,106,393
31,0,321,-1,564,57,894
32,0,0,-1,000,0,000
132,0,374,-4,483,58,912
133,0,0,-1,000,0,000
134,0,0,-2,000,0,000
135,0,0,-3,000,0,000
136,0,0,-4,000,0,000
119,0,273,-4,055,52,724
120,0,0,-1,000,0,000
121,0,0,-2,000,0,000
122,0,0,-3,000,0,000
123,0,0,-4,000,0,000
77,1,757,4,773,92,746
76,1,328,4,902,43,217
26,0,274,0,445,49,057
25,0,698,-0,249,104,570
26,0,0,-1,000,0,000
46,0,567,-0,613,72,978
32,0,566,-0,113,88,748
34,0,753,-0,776,118,174
35,0,0,-1,000,0,000
106,0,617,-2,724,86,116
107,0,0,-1,000,0,000
108,0,0,-2,000,0,000
109,0,0,-3,000,0,000
27,0,206,-0,541,40,754
17,0,1419,4,513,200,574
124,1,251,0,925,36,867
137,1,358,0,893,49,111
77,1,319,4,904,44,814
78,0,345,-0,569,53,100
79,0,0,-1,000,0,000
80,0,0,-2,000,0,000
101,0,634,-5,127,77,114
102,0,0,-1,000,0,000
103,0,0,-2,000,0,000
104,0,0,-3,000,0,000
105,0,0,-4,000,0,000
36,0,206,-2,041,37,038
18,0,159,-0,532,38,535
33,0,668,-0,134,104,843
34,0,0,-1,000,0,000
21,0,1046,1,681,144,564
125,1,329,4,901,42,739
78,1,278,4,917,42,026
24,0,867,1,102,126,206
110,0,443,-2,298,69,952
111,0,0,-1,000,0,000
112,0,0,-2,000,0,000
113,0,0,-3,000,0,000
81,1,350,2,895,45,861
25,0,139,-1,028,32,764
27,0,676,-0,735,100,428
28,0,0,-1,000,0,000
33,0,652,1,370,102,875
22,0,388,-0,078,58,655
138,1,623,4,813,65,317
79,0,345,-0,069,53,813
80,0,0,-1,000,0,000
81,0,0,-2,000,0,000
126,1,394,4,770,50,319
114,0,346,-3,069,54,183
115,0,0,-1,000,0,000
116,0,0,-2,000,0,000
117,0,0,-3,000,0,000
34,0,189,-0,538,40,576
82,1,331,4,901,44,647
23,0,181,-0,036,41,780
106,0,680,-3,136,99,476
107,0,0,-1,000,0,000
108,0,0,-2,000,0,000
109,0,0,-3,000,0,000
110,0,0,-4,000,0,000
111,0,0,-5,000,0,000
37,0,711,0,138,113,066
38,0,0,-1,000,0,000
118,0,157,-3,031,40,610
119,0,0,-1,000,0,000
120,0,0,-2,000,0,000
121,0,0,-3,000,0,000
19,0,767,1,347,105,690
47,0,1047,2,291,156,891
48,0,0,-1,000,0,000
139,0,290,-0,558,53,223
140,0,0,-1,000,0,000
141,0,0,-2,000,0,000
142,0,0,-3,000,0,000
143,0,0,-4,000,0,000
36,0,1764,2,647,220,175
37,0,0,-1,000,0,000
28,0,976,2,305,145,782
82,0,285,-2,557,47,634
83,0,0,-1,000,0,000
84,0,0,-2,000,0,000
83,1,293,4,912,42,505
35,0,333,0,433,55,372
127,0,474,-0,595,65,356
128,0,0,-1,000,0,000
129,0,0,-2,000,0,000
130,0,0,-3,000,0,000
131,0,0,-4,000,0,000
122,0,314,-3,563,55,571
123,0,0,-1,000,0,000
124,0,0,-2,000,0,000
125,0,0,-3,000,0,000
112,0,404,-4,581,60,533
113,0,0,-1,000,0,000
114,0,0,-2,000,0,000
115,0,0,-3,000,0,000
116,0,0,-4,000,0,000
144,1,277,0,917,39,759
35,0,1073,1,285,158,959
36,0,0,-1,000,0,000
85,1,329,2,901,44,730
38,0,404,-1,081,54,019
39,0,0,-1,000,0,000
84,1,294,4,812,44,557
132,1,295,0,912,42,296
145,1,295,4,602,44,177
29,0,1069,1,185,155,309
30,0,0,-1,000,0,000
126,0,420,-3,084,65,450
127,0,0,-1,000,0,000
128,0,0,-2,000,0,000
129,0,0,-3,000,0,000
26,1,1135,7,441,149,224
85,1,336,4,755,43,226
29,0,745,0,851,108,253
36,0,630,0,874,99,436
133,1,291,4,913,41,466
20,0,877,1,119,109,351
146,1,300,4,798,42,290
117,0,631,-2,626,98,625
118,0,0,-1,000,0,000
119,0,0,-2,000,0,000
120,0,0,-3,000,0,000
121,0,0,-4,000,0,000
86,1,569,5,309,67,925
86,0,266,-0,053,53,423
87,0,0,-1,000,0,000
88,0,0,-2,000,0,000
49,0,1068,1,286,171,293
50,0,0,-1,000,0,000
37,0,825,1,335,138,161
38,0,0,-1,000,0,000
134,1,325,4,903,48,177
87,1,290,5,413,44,122
89,0,284,-2,057,53,384
90,0,0,-1,000,0,000
91,0,0,-2,000,0,000
24,1,1506,9,048,192,498
40,1,933,6,720,138,642
31,0,731,-0,749,98,210
32,0,0,-1,000,0,000
30,0,659,1,368,102,029
51,0,362,-1,072,64,934
52,0,0,-1,000,0,000
135,0,326,0,435,55,371
136,0,0,-1,000,0,000
137,0,0,-2,000,0,000
138,0,0,-3,000,0,000
139,0,0,-4,000,0,000
122,0,587,-3,117,93,536
123,0,0,-1,000,0,000
124,0,0,-2,000,0,000
125,0,0,-3,000,0,000
126,0,0,-4,000,0,000
127,0,0,-5,000,0,000
88,1,292,4,912,44,684
27,0,892,1,822,135,961
39,0,1693,3,034,254,960
40,0,0,-1,000,0,000
147,0,737,0,853,97,459
148,0,0,-1,000,0,000
149,0,0,-2,000,0,000
150,0,0,-3,000,0,000
151,0,0,-4,000,0,000
39,0,487,-0,597,84,806
40,0,0,-1,000,0,000
37,1,917,7,725,132,735
92,0,379,-1,684,65,950
93,0,0,-1,000,0,000
94,0,0,-2,000,0,000
140,1,284,0,915,40,216
152,1,228,0,932,38,069
31,0,448,0,410,67,967
89,1,384,4,777,48,629
21,0,1062,3,088,157,012
28,0,352,-0,179,53,157
141,1,242,5,427,42,604
95,1,345,2,681,46,200
130,1,1440,5,555,192,200
90,1,268,4,920,41,857
153,0,338,-0,568,53,628
154,0,0,-1,000,0,000
155,0,0,-2,000,0,000
156,0,0,-3,000,0,000
157,0,0,-4,000,0,000
29,0,324,-0,177,56,169
142,1,267,4,920,41,550
33,1,899,6,085,129,360
91,0,174,-0,035,42,308
92,0,0,-1,000,0,000
93,0,0,-2,000,0,000
128,0,892,-3,678,108,937
129,0,0,-1,000,0,000
130,0,0,-2,000,0,000
131,0,0,-3,000,0,000
25,0,1060,1,929,161,284
53,0,981,0,804,145,531
54,0,0,-1,000,0,000
96,0,377,0,925,72,436
97,0,0,-1,000,0,000
98,0,0,-2,000,0,000
143,1,273,4,918,43,431
41,1,944,6,217,131,921
158,1,423,0,873,57,479
94,1,295,2,803,45,385
132,0,336,-2,567,54,731
133,0,0,-1,000,0,000
134,0,0,-2,000,0,000
135,0,0,-3,000,0,000
136,0,0,-4,000,0,000
38,1,1070,7,951,144,042
131,1,629,6,206,84,934
22,1,941,7,156,133,927
144,1,330,4,799,46,594
26,0,536,0,393,90,018
34,0,668,1,366,106,086
35,0,0,-1,000,0,000
95,1,322,4,903,44,488
159,0,370,-0,074,59,445
160,0,0,-1,000,0,000
161,0,0,-2,000,0,000
162,0,0,-3,000,0,000
163,0,0,-4,000,0,000
41,0,1514,0,767,200,889
42,0,0,-1,000,0,000
145,1,286,4,802,44,551
96,1,248,4,820,44,005
137,1,513,2,346,85,402
99,1,863,3,741,91,425
36,0,339,-1,068,55,053
37,0,0,-1,000,0,000
55,1,923,6,223,138,784
30,0,1072,2,662,153,915
31,0,0,-1,000,0,000
23,0,530,1,188,95,950
97,1,221,4,934,38,460
132,1,686,6,194,89,954
32,0,167,-1,533,41,091
164,1,542,0,837,65,739
42,1,980,7,292,145,300
100,1,302,4,909,42,601
33,0,160,-0,032,40,479
98,1,264,4,813,41,135
39,1,969,7,106,138,944
138,1,510,5,747,84,962
41,0,2406,7,815,330,594
27,1,873,7,624,138,200
133,0,385,-0,577,54,676
134,0,0,-1,000,0,000
135,0,0,-2,000,0,000
136,0,0,-3,000,0,000
137,0,0,-4,000,0,000
138,0,0,-5,000,0,000
165,1,307,4,908,42,573
32,0,2005,5,599,265,244
101,1,317,4,905,48,533
38,0,640,-0,128,103,905
39,0,0,-1,000,0,000
43,0,833,0,729,145,209
44,0,0,-1,000,0,000
99,1,259,4,922,41,854
56,0,704,1,359,105,222
57,0,0,-1,000,0,000
58,0,0,-2,000,0,000
59,0,0,-3,000,0,000
146,1,883,5,818,102,888
166,1,275,4,918,40,978
102,1,268,4,819,42,544
100,1,274,4,918,45,129
139,0,461,-4,592,78,944
140,0,0,-1,000,0,000
141,0,0,-2,000,0,000
142,0,0,-3,000,0,000
139,1,545,5,736,89,929
60,0,280,-3,056,52,875
61,0,0,-1,000,0,000
147,1,261,4,922,40,897
43,1,853,7,135,125,787
167,1,323,4,903,45,605
103,1,286,4,914,42,000
101,1,251,4,925,41,697
148,1,238,4,929,39,255
34,0,885,2,204,139,524
24,0,1189,2,837,165,864
25,0,0,-1,000,0,000
168,1,321,4,752,45,493
104,1,307,5,408,44,936
62,0,474,0,405,91,272
63,0,0,-1,000,0,000
64,0,0,-2,000,0,000
65,0,0,-3,000,0,000
42,1,1037,7,689,148,137
102,1,343,4,897,53,742
40,0,1122,3,573,181,215
41,0,0,-1,000,0,000
40,1,932,6,720,143,296
149,1,362,4,791,49,972
143,1,646,3,306,98,308
33,1,1100,7,670,146,035
169,1,251,5,425,41,314
105,1,273,4,918,41,344
150,0,162,-0,032,41,026
151,0,0,-1,000,0,000
152,0,0,-2,000,0,000
153,0,0,-3,000,0,000
154,0,0,-4,000,0,000
103,1,287,4,914,45,283
28,0,1314,4,128,190,603
170,1,294,4,912,46,209
106,1,273,4,604,41,267
155,1,290,0,913,45,217
35,0,817,2,837,130,984
36,0,0,-1,000,0,000
104,1,291,4,913,45,133
144,1,570,5,829,89,885
37,0,174,-1,035,42,097
107,0,256,-0,051,51,828
108,0,0,-1,000,0,000
109,0,0,-2,000,0,000
171,1,269,4,919,42,036
29,0,473,1,405,87,033
26,0,1083,1,532,159,072
27,0,0,-1,000,0,000
105,1,258,4,923,42,236
66,1,909,4,727,149,421
156,1,375,4,788,58,193
172,1,203,4,939,36,154
43,1,975,6,990,143,018
42,0,977,1,602,151,430
110,1,313,2,906,48,204
106,1,238,4,929,41,199
34,1,965,6,710,136,987
157,1,267,4,920,44,378
173,1,255,4,924,41,179
107,0,159,-0,032,40,136
108,0,0,-1,000,0,000
109,0,0,-2,000,0,000
140,1,1772,9,660,248,600
145,1,559,5,728,86,742
111,1,288,4,914,42,447
174,1,252,4,823,40,599
158,1,299,4,910,45,434
110,1,276,2,917,46,019
112,1,211,4,937,38,554
38,1,843,7,747,126,604
67,1,827,7,752,132,727
175,1,253,4,924,44,362
159,1,235,4,930,40,003
111,1,259,5,422,44,149
113,1,230,4,830,40,604
39,0,232,-0,712,39,884
141,1,564,6,331,92,202
44,1,875,7,737,139,397
146,1,583,6,220,92,948
43,1,847,7,746,139,293
41,1,1811,9,957,277,985
35,1,856,7,034,132,754
114,1,241,4,928,41,697
160,0,299,0,440,60,849
161,0,0,-1,000,0,000
162,0,0,-2,000,0,000
163,0,0,-3,000,0,000
164,0,0,-4,000,0,000
176,1,325,4,903,47,716
112,1,292,4,912,43,148
177,0,163,-0,033,42,492
178,0,0,-1,000,0,000
179,0,0,-2,000,0,000
180,0,0,-3,000,0,000
181,0,0,-4,000,0,000
44,0,2627,7,794,397,022
45,0,0,-1,000,0,000
165,1,219,0,934,38,617
113,0,180,-0,658,43,938
114,0,0,-1,000,0,000
115,0,0,-2,000,0,000
115,0,257,-0,051,52,431
116,0,0,-1,000,0,000
117,0,0,-2,000,0,000
142,1,544,5,837,89,682
147,0,638,1,611,115,540
148,0,0,-1,000,0,000
149,0,0,-2,000,0,000
150,0,0,-3,000,0,000
182,1,282,0,915,46,388
118,1,237,2,826,42,261
166,1,297,4,911,44,939
68,1,860,7,742,153,078
44,0,740,1,852,131,854
45,0,0,-1,000,0,000
40,1,838,6,749,136,592
183,1,229,5,431,40,723
119,1,254,4,822,42,804
30,1,2012,10,974,269,540
42,0,927,2,585,154,711
43,0,0,-1,000,0,000
167,1,254,4,924,41,444
45,1,1008,7,198,140,296
116,1,620,3,403,81,266
36,1,973,7,593,140,991
184,1,291,4,811,44,766
143,1,649,6,173,93,939
120,1,244,4,927,41,616
168,1,280,4,808,42,529
37,0,172,-0,534,40,895
117,1,252,4,924,41,223
144,0,151,-0,030,40,428
145,0,0,-1,000,0,000
146,0,0,-2,000,0,000
147,0,0,-3,000,0,000
185,0,190,-0,538,41,706
186,0,0,-1,000,0,000
187,0,0,-2,000,0,000
188,0,0,-3,000,0,000
189,0,0,-4,000,0,000
151,1,753,2,745,101,286
121,1,257,4,923,41,773
169,1,244,4,927,43,294
69,1,818,7,255,136,968
118,1,302,4,667,42,574
46,1,864,6,241,138,776
41,1,825,7,752,128,767
28,1,2657,12,766,371,060
122,1,262,4,921,45,220
170,1,253,4,924,41,031
44,0,884,1,723,155,216
45,0,0,-1,000,0,000
148,0,534,-2,215,91,253
149,0,0,-1,000,0,000
150,0,0,-2,000,0,000
151,0,0,-3,000,0,000
119,1,295,4,709,45,040
123,0,190,-0,659,43,275
124,0,0,-1,000,0,000
125,0,0,-2,000,0,000
152,1,532,6,340,89,202
31,1,969,7,609,134,886
190,1,612,2,207,87,949
38,0,719,2,356,129,691
171,1,280,4,916,50,015
126,1,215,2,935,38,149
120,1,227,4,932,41,773
191,1,238,4,827,43,232
172,1,198,4,941,36,848
121,0,172,-0,034,41,495
122,0,0,-1,000,0,000
123,0,0,-2,000,0,000
127,1,236,4,829,41,844
153,0,442,1,092,87,493
154,0,0,-1,000,0,000
155,0,0,-2,000,0,000
156,0,0,-3,000,0,000
70,1,849,7,143,135,544
152,1,592,3,613,94,840
192,1,250,4,823,39,740
173,1,296,4,911,48,083
47,1,900,7,730,139,108
124,1,237,2,829,41,700
42,1,913,7,125,134,429
46,1,838,6,749,142,341
71,0,306,-0,743,50,039
72,0,0,-1,000,0,000
73,0,0,-2,000,0,000
74,0,0,-3,000,0,000
193,1,271,5,419,41,593
29,1,1070,7,077,143,110
174,1,272,4,918,41,169
125,1,275,4,796,43,547
46,1,2446,13,065,380,059
157,1,529,3,341,84,409
128,0,598,0,880,92,834
129,0,0,-1,000,0,000
130,0,0,-2,000,0,000
153,1,568,5,728,91,023
194,1,315,5,405,51,430
175,1,268,4,920,42,171
126,1,321,4,904,48,646
195,0,161,0,468,41,543
196,0,0,-1,000,0,000
197,0,0,-2,000,0,000
198,0,0,-3,000,0,000
199,0,0,-4,000,0,000
131,1,275,2,917,45,425
176,1,268,4,920,45,447
46,0,2329,5,717,331,475
47,0,0,-1,000,0,000
200,0,154,-4,031,41,419
201,0,0,-1,000,0,000
202,0,0,-2,000,0,000
203,0,0,-3,000,0,000
204,0,0,-4,000,0,000
39,0,1367,4,727,210,418
48,1,873,6,528,136,327
158,1,534,5,640,88,011
127,1,321,4,784,51,319
45,1,6167,20,494,893,578
47,0,690,-0,138,78,949
43,1,965,7,210,142,661
47,1,840,7,748,133,587
75,1,846,4,544,131,928
154,1,557,6,333,93,180
177,1,261,4,922,41,441
205,1,255,0,924,46,279
128,1,255,4,924,46,062
30,1,974,7,708,134,927
206,0,152,-0,030,40,243
207,0,0,-1,000,0,000
208,0,0,-2,000,0,000
209,0,0,-3,000,0,000
210,0,0,-4,000,0,000
132,0,577,0,385,80,168
133,0,0,-1,000,0,000
134,0,0,-2,000,0,000
159,1,492,6,852,85,476
178,1,412,4,876,61,501
129,1,305,4,909,49,405
211,1,240,0,826,43,124
40,0,659,1,868,114,076
135,1,255,2,923,43,579
41,0,168,-0,534,41,435
130,1,245,4,927,43,518
179,1,264,4,790,42,465
212,1,263,4,707,41,353
155,1,694,5,894,97,273
49,1,890,7,233,139,477
48,1,798,7,761,136,211
136,1,340,4,898,51,471
76,1,839,7,248,141,956
44,1,883,7,134,136,466
48,1,922,7,723,143,527
180,1,237,4,929,39,081
213,1,252,4,924,41,724
31,1,841,6,936,133,957
160,1,649,6,305,100,183
131,1,330,4,455,45,382
48,1,1247,7,414,189,271
49,0,298,-0,560,58,403
50,0,0,-1,000,0,000
137,1,241,5,428,41,414
46,0,1245,4,650,210,401
47,0,0,-1,000,0,000
181,1,242,4,927,42,380
214,1,269,4,815,42,104
156,1,537,6,235,89,253
161,0,252,-1,050,31,386
162,0,0,-1,000,0,000
163,0,0,-2,000,0,000
164,0,0,-3,000,0,000
165,0,0,-4,000,0,000
166,0,0,-5,000,0,000
132,1,272,4,703,43,596
32,1,2922,14,296,432,804
138,1,319,4,904,46,273
182,1,216,4,835,38,806
51,0,414,-0,083,84,897
52,0,0,-1,000,0,000
215,1,247,4,926,41,501
133,1,244,4,927,41,573
50,1,857,7,243,137,191
77,0,820,2,836,147,438
78,0,0,-1,000,0,000
79,0,0,-2,000,0,000
80,0,0,-3,000,0,000
139,1,277,5,098,46,654
45,1,841,7,248,138,286
216,1,220,4,934,40,086
49,1,875,6,630,140,046
167,0,535,-4,774,92,598
168,0,0,-1,000,0,000
169,0,0,-2,000,0,000
170,0,0,-3,000,0,000
134,1,277,4,917,43,129
49,0,804,2,230,132,585
42,0,1183,3,263,176,285
157,0,586,1,383,102,551
158,0,0,-1,000,0,000
159,0,0,-2,000,0,000
160,0,0,-3,000,0,000
161,0,0,-4,000,0,000
162,0,0,-5,000,0,000
140,1,235,4,830,42,309
217,1,222,4,933,38,107
48,1,849,6,639,143,355
135,1,269,4,919,45,747
141,1,221,4,934,41,136
218,1,229,5,329,38,760
33,1,903,7,588,134,180
136,1,234,4,930,40,603
171,1,522,2,630,84,252
142,0,204,-0,541,42,113
143,0,0,-1,000,0,000
144,0,0,-2,000,0,000
53,1,855,6,110,142,070
219,0,228,-0,684,43,723
220,0,0,-1,000,0,000
221,0,0,-2,000,0,000
222,0,0,-3,000,0,000
223,0,0,-4,000,0,000
163,1,611,1,317,99,691
46,1,811,6,757,136,115
32,0,1541,4,440,236,195
51,1,949,7,587,135,424
137,1,261,4,922,42,025
224,1,236,0,929,40,027
145,1,309,2,907,51,523
183,1,1247,8,800,184,096
50,0,931,3,713,165,229
138,1,266,4,814,41,843
225,1,246,4,926,42,073
49,1,853,8,144,139,703
184,1,226,5,432,37,527
172,1,563,6,331,91,989
146,1,297,4,911,50,235
50,0,1132,3,165,163,130
164,1,559,5,723,90,565
34,1,845,6,633,131,771
226,1,226,4,932,38,887
139,1,248,4,820,42,718
54,1,784,7,553,129,454
185,1,265,4,921,44,343
147,1,256,4,923,44,871
227,1,250,4,925,44,101
47,1,855,7,043,141,411
33,1,818,6,438,129,454
186,1,245,4,927,40,764
140,1,297,4,801,45,307
52,1,889,6,417,136,725
148,1,336,4,687,52,396
165,1,520,6,131,88,995
228,1,240,4,928,42,755
187,1,203,4,939,36,831
51,0,995,2,577,164,181
52,0,0,-1,000,0,000
141,1,326,4,787,48,186
173,0,841,1,832,124,169
174,0,0,-1,000,0,000
175,0,0,-2,000,0,000
176,0,0,-3,000,0,000
177,0,0,-4,000,0,000
149,1,246,4,926,41,781
50,1,905,7,128,140,081
229,1,238,4,929,40,668
188,1,228,5,329,40,249
43,0,2063,8,587,305,297
55,1,784,7,664,130,690
53,0,483,0,403,85,654
35,1,867,7,139,133,270
81,1,2291,10,813,380,131
142,1,240,4,928,41,214
230,0,160,-0,032,41,934
231,0,0,-1,000,0,000
232,0,0,-2,000,0,000
233,0,0,-3,000,0,000
234,0,0,-4,000,0,000
166,1,542,6,337,95,000
189,1,255,4,924,45,277
150,1,321,4,904,45,376
51,0,1181,4,555,186,333
143,1,206,4,938,38,320
34,1,867,7,240,138,319
178,1,539,2,229,88,720
48,1,935,7,502,146,431
235,1,334,0,900,48,268
151,1,241,4,928,41,557
190,1,312,4,906,47,644
144,1,276,4,917,47,456
236,1,268,4,920,47,990
152,1,250,4,925,41,053
53,0,923,2,315,165,728
191,1,243,5,427,40,795
51,1,868,6,619,137,716
167,1,598,6,321,99,393
54,1,778,7,267,137,336
145,1,308,5,201,46,228
82,1,823,8,040,131,924
56,1,882,7,235,137,545
237,0,258,-0,703,48,542
238,0,0,-1,000,0,000
239,0,0,-2,000,0,000
240,0,0,-3,000,0,000
241,0,0,-4,000,0,000
153,1,261,4,922,44,453
192,1,242,4,927,42,229
179,1,621,6,314,98,419
146,0,152,-0,530,40,513
147,0,0,-1,000,0,000
148,0,0,-2,000,0,000
154,1,222,4,933,40,668
49,1,809,8,150,132,802
242,1,269,0,919,44,794
52,0,963,3,201,158,100
193,1,261,4,922,45,542
149,1,288,2,914,48,109
168,0,563,0,165,82,362
169,0,0,-1,000,0,000
170,0,0,-2,000,0,000
171,0,0,-3,000,0,000
35,1,1043,7,587,148,736
44,0,1428,5,714,231,536
155,1,275,4,918,44,703
243,1,243,4,927,41,584
194,1,283,4,915,48,731
150,1,281,4,810,48,546
83,1,741,6,778,129,971
50,0,428,0,914,86,323
54,0,944,3,811,169,175
156,1,261,4,922,42,024
244,1,268,4,920,42,267
55,1,935,7,500,147,813
52,1,996,6,790,143,718
195,1,273,4,798,44,359
151,1,224,4,933,41,817
245,0,163,0,467,41,685
246,0,0,-1,000,0,000
247,0,0,-2,000,0,000
248,0,0,-3,000,0,000
249,0,0,-4,000,0,000
172,1,556,3,333,88,894
157,1,275,4,918,48,260
196,1,226,4,932,40,489
152,1,238,4,809,40,495
250,1,234,0,930,44,509
180,1,1127,7,426,144,346
53,0,954,3,209,156,666
158,1,251,5,425,44,998
197,1,258,4,923,46,328
153,1,280,5,416,46,798
251,1,215,4,936,39,203
84,1,782,7,159,135,024
173,1,527,6,134,90,082
53,0,722,2,856,131,950
159,1,264,4,807,39,110
198,1,224,4,933,40,578
154,1,259,4,810,43,816
252,1,254,4,924,42,272
85,0,212,-0,681,44,590
86,0,0,-1,000,0,000
87,0,0,-2,000,0,000
88,0,0,-3,000,0,000
181,1,525,6,016,86,466
57,1,1816,10,736,273,423
160,1,221,4,934,40,536
199,1,253,4,810,41,575
155,1,237,4,929,42,070
253,1,281,4,916,44,970
161,1,239,4,928,41,001
200,1,231,4,931,39,571
174,1,567,5,702,88,571
54,1,831,7,751,128,003
36,1,3020,14,023,433,703
156,1,265,4,921,46,621
182,1,512,5,743,85,464
162,1,219,4,934,40,916
254,1,312,4,790,45,393
201,1,231,4,931,41,649
51,1,1713,10,377,265,552
157,0,311,-0,062,66,190
158,0,0,-1,000,0,000
159,0,0,-2,000,0,000
89,1,795,4,661,134,280
54,1,948,8,111,146,551
55,0,1762,6,384,287,081
163,0,271,0,446,62,223
164,0,0,-1,000,0,000
165,0,0,-2,000,0,000
202,1,243,4,927,42,378
58,1,771,7,658,132,224
56,1,1771,10,750,258,862
255,1,349,4,895,51,128
175,1,567,5,396,86,460
160,1,271,2,919,41,961
183,1,533,6,232,89,024
166,1,253,2,924,44,128
203,1,252,4,924,42,950
256,1,237,4,929,41,921
161,1,283,4,786,40,601
37,1,913,7,625,138,688
204,1,245,5,426,41,907
167,0,287,-0,057,52,961
168,0,0,-1,000,0,000
169,0,0,-2,000,0,000
176,1,550,5,835,92,843
52,1,812,6,950,128,373
90,1,787,7,163,132,610
162,1,266,4,920,44,647
45,0,2783,11,943,425,123
55,1,808,7,156,131,883
205,1,281,4,916,44,100
170,1,258,2,711,45,491
59,0,818,3,336,144,230
57,1,814,7,648,135,834
56,0,950,3,310,163,776
57,0,0,-1,000,0,000
206,1,227,4,932,41,047
55,1,1477,10,057,218,359
171,1,235,4,930,44,955
257,0,734,1,353,114,836
258,0,0,-1,000,0,000
259,0,0,-2,000,0,000
260,0,0,-3,000,0,000
261,0,0,-4,000,0,000
163,1,374,4,888,63,002
177,1,510,6,028,85,374
207,1,252,4,924,44,019
172,1,236,5,319,39,929
38,1,798,7,261,131,754
164,1,240,4,825,40,780
56,1,748,7,776,127,446
208,1,258,4,923,43,544
91,1,798,8,261,138,622
173,1,287,4,914,49,560
178,1,489,6,353,85,495
165,1,289,4,682,43,092
262,1,687,1,794,92,127
58,1,912,7,014,145,125
209,1,268,5,317,45,626
184,0,1560,4,688,253,698
185,0,0,-1,000,0,000
186,0,0,-2,000,0,000
187,0,0,-3,000,0,000
188,0,0,-4,000,0,000
58,1,882,6,620,140,781
174,1,273,4,816,46,893
56,1,833,6,750,131,551
36,1,4036,21,541,595,402
263,1,220,4,934,40,229
59,0,209,-0,669,43,581
60,0,0,-1,000,0,000
210,1,304,4,597,51,336
60,1,1260,9,014,198,187
39,1,825,7,144,136,202
264,1,227,4,932,40,882
189,0,434,-3,087,88,293
190,0,0,-1,000,0,000
191,0,0,-2,000,0,000
192,0,0,-3,000,0,000
179,1,606,6,209,92,737
166,0,627,0,257,88,300
167,0,0,-1,000,0,000
168,0,0,-2,000,0,000
211,1,224,4,933,41,043
57,1,854,7,042,138,875
265,1,255,4,924,44,128
212,1,216,4,935,40,798
169,1,267,2,716,41,543
53,1,1872,12,836,286,682
193,1,467,3,360,83,756
180,0,446,1,294,79,303
181,0,0,-1,000,0,000
182,0,0,-2,000,0,000
183,0,0,-3,000,0,000
184,0,0,-4,000,0,000
185,0,0,-5,000,0,000
59,1,911,7,627,142,652
266,1,278,4,917,47,923
213,1,213,5,436,36,626
170,1,230,4,931,40,525
57,1,993,7,702,143,540
61,0,770,2,033,140,179
62,0,0,-1,000,0,000
92,1,1337,9,999,209,620
37,1,980,7,000,140,130
61,0,965,1,429,152,855
62,0,0,-1,000,0,000
267,1,236,4,929,41,862
171,1,241,4,928,41,526
214,1,290,4,913,53,407
60,0,357,0,429,69,684
61,0,0,-1,000,0,000
40,0,996,3,041,156,241
41,0,0,-1,000,0,000
175,0,1327,5,014,212,568
176,0,0,-1,000,0,000
177,0,0,-2,000,0,000
194,1,512,6,846,91,883
58,1,847,7,139,135,817
172,1,244,4,817,42,695
215,1,285,5,414,43,262
63,0,572,-1,114,92,895
54,1,878,7,137,140,277
62,0,424,-0,085,85,851
63,0,0,-1,000,0,000
173,1,252,4,924,43,208
216,1,279,4,916,51,250
186,0,920,-3,286,166,415
187,0,0,-1,000,0,000
188,0,0,-2,000,0,000
189,0,0,-3,000,0,000
190,0,0,-4,000,0,000
191,0,0,-5,000,0,000
268,1,688,5,794,112,853
93,1,768,6,770,133,286
58,1,824,7,139,135,943
195,1,548,6,236,94,375
174,1,248,4,815,41,583
63,1,847,6,515,133,256
217,1,251,4,807,41,412
269,1,240,4,928,41,595
42,1,842,6,747,133,414
175,1,226,4,932,40,442
59,1,786,6,655,132,076
218,1,222,4,933,42,334
270,1,232,4,930,39,133
60,0,154,-0,031,42,187
61,0,0,-1,000,0,000
176,1,209,4,937,37,147
192,1,616,1,204,95,905
196,1,543,6,337,91,943
46,0,3553,14,572,531,491
47,0,0,-1,000,0,000
55,1,878,6,816,144,510
178,0,1187,1,844,195,346
179,0,0,-1,000,0,000
180,0,0,-2,000,0,000
219,1,266,4,811,46,515
94,1,807,7,258,139,704
177,1,252,4,924,41,854
64,1,973,6,291,151,778
64,1,1121,8,063,189,956
220,1,241,4,928,44,577
64,1,879,6,487,144,068
178,1,265,4,921,45,031
43,1,778,8,146,129,942
193,1,574,6,222,93,318
271,1,713,6,286,105,782
221,1,263,5,421,43,053
197,1,557,6,333,90,068
38,0,1972,7,789,305,096
39,0,0,-1,000,0,000
62,1,775,6,163,130,844
181,1,619,4,596,97,512
179,1,267,4,920,45,198
222,1,228,4,932,42,008
272,1,255,4,924,43,517
182,1,207,4,938,39,470
48,1,895,6,731,129,229
180,1,223,4,933,40,798
65,1,797,7,261,135,028
56,1,933,7,120,145,265
223,1,219,4,934,38,954
65,1,735,7,279,132,404
273,1,231,4,931,43,332
194,1,513,6,346,80,631
198,1,535,6,230,88,034
66,0,139,-0,028,40,558
67,0,0,-1,000,0,000
181,1,245,4,927,44,141
183,1,317,4,905,49,631
224,1,237,4,929,40,253
95,1,1133,8,854,180,645
182,0,150,-0,030,40,622
183,0,0,-1,000,0,000
184,0,0,-2,000,0,000
184,1,232,4,930,40,860
63,1,882,7,401,143,023
195,1,498,5,751,87,861
185,1,239,2,928,41,950
65,1,1179,9,504,191,485
199,1,491,6,353,88,417
40,0,1019,2,696,176,993
41,0,0,-1,000,0,000
225,1,397,4,781,64,496
185,1,261,4,922,48,859
59,1,2420,13,937,360,243
57,1,851,7,245,143,145
186,1,275,4,816,42,746
226,1,207,4,938,38,154
274,1,891,6,733,126,023
68,1,762,5,552,133,112
186,1,230,4,931,42,005
196,1,510,6,247,88,237
187,0,140,-0,528,40,566
188,0,0,-1,000,0,000
189,0,0,-2,000,0,000
227,1,218,4,935,41,836
187,1,235,4,930,40,924
49,1,1209,9,137,170,604
275,1,251,4,925,44,554
96,0,882,2,614,154,179
64,0,692,2,152,132,009
65,0,0,-1,000,0,000
200,0,635,2,373,112,482
201,0,0,-1,000,0,000
202,0,0,-2,000,0,000
203,0,0,-3,000,0,000
204,0,0,-4,000,0,000
205,0,0,-5,000,0,000
228,1,210,4,937,38,835
190,1,222,2,933,40,231
188,1,256,4,923,44,373
66,1,765,6,452,132,597
58,0,531,1,254,91,646
276,1,228,4,932,38,800
42,1,782,6,765,124,069
229,1,224,4,933,40,946
59,0,168,-0,136,41,478
191,1,249,4,925,42,574
189,0,270,0,446,54,314
190,0,0,-1,000,0,000
191,0,0,-2,000,0,000
60,1,813,7,756,137,465
197,1,578,6,207,92,450
277,1,250,4,719,42,196
69,1,771,7,269,137,199
192,1,269,5,312,45,031
230,1,318,4,757,45,277
192,1,247,2,926,44,751
206,1,625,2,313,107,773
278,1,231,4,931,38,003
97,1,744,7,673,128,608
44,1,2521,11,194,357,109
50,1,867,7,740,132,473
193,1,243,4,927,41,774
66,1,828,6,151,139,633
231,1,246,4,817,42,077
193,1,244,5,827,41,462
198,1,488,6,243,88,474
67,1,851,8,245,146,055
279,1,322,5,403,52,765
43,1,793,7,262,128,490
194,1,242,4,927,43,293
194,1,223,4,933,40,769
232,1,258,5,423,45,954
207,1,559,6,232,91,292
61,1,850,7,745,133,165
66,1,2513,15,038,392,766
195,1,238,4,929,43,655
233,1,231,4,931,44,429
199,1,476,6,357,84,857
98,1,782,8,265,135,978
51,0,716,1,212,111,857
234,1,242,4,825,42,271
280,1,599,5,820,101,084
196,1,307,4,689,47,548
45,1,855,6,743,140,609
67,1,806,7,149,136,876
70,1,1168,8,048,197,054
208,1,533,6,239,90,125
67,0,511,1,398,96,777
68,0,0,-1,000,0,000
195,1,692,5,792,110,857
235,1,248,4,824,43,881
200,1,455,5,757,83,171
197,1,228,4,932,39,787
68,1,901,7,524,143,198
281,1,286,4,796,43,756
196,1,223,4,933,41,503
236,1,223,4,829,38,517
198,1,239,5,428,42,859
282,1,237,4,929,38,954
44,1,1185,9,025,176,675
197,1,222,4,933,40,897
209,1,549,5,606,90,716
199,1,215,4,936,38,830
237,1,247,4,926,47,228
283,1,238,4,929,42,261
201,1,578,5,716,92,515
52,1,932,7,619,134,845
238,0,146,-0,029,41,049
239,0,0,-1,000,0,000
240,0,0,-2,000,0,000
241,0,0,-3,000,0,000
242,0,0,-4,000,0,000
71,1,804,7,259,140,794
198,1,258,4,923,45,125
99,1,1039,7,188,157,894
60,1,2220,14,334,352,139
284,1,220,4,934,39,804
200,1,275,4,704,46,649
69,1,725,7,782,131,280
243,1,236,0,929,40,581
202,0,308,-0,562,63,403
203,0,0,-1,000,0,000
204,0,0,-2,000,0,000
205,0,0,-3,000,0,000
206,0,0,-4,000,0,000
207,0,0,-5,000,0,000
285,1,226,4,832,42,649
68,1,1161,8,727,188,070
201,1,237,4,829,44,696
210,1,526,6,342,88,845
69,0,124,-1,025,28,001
45,0,825,2,230,134,165
286,1,256,4,923,46,399
199,1,600,4,820,92,330
202,1,347,4,646,50,082
72,1,732,7,280,131,195
208,1,481,0,856,88,232
211,1,516,6,345,90,045
61,1,810,7,257,133,274
287,1,324,4,790,49,881
200,1,293,4,806,45,613
70,1,793,7,051,134,230
203,1,265,4,921,47,138
244,1,782,6,151,117,863
100,1,1022,8,984,169,084
53,1,1162,8,044,161,346
201,1,230,4,931,42,027
288,1,247,4,820,42,525
209,1,475,6,857,85,279
204,1,271,4,919,47,395
245,1,249,4,925,41,677
212,1,501,6,850,87,805
70,1,911,7,624,154,666
202,1,238,4,929,43,145
73,0,689,1,862,116,015
74,0,0,-1,000,0,000
289,1,271,4,919,42,297
205,1,228,5,432,42,354
246,1,294,5,412,46,456
62,1,744,7,777,131,346
210,1,474,6,358,86,405
290,1,274,4,799,41,575
203,1,328,4,796,46,761
46,1,1177,9,046,184,466
206,1,276,4,917,42,778
71,0,822,1,920,132,185
72,0,0,-1,000,0,000
69,1,2425,13,773,393,729
63,0,129,-1,026,27,546
247,1,217,4,935,41,504
101,1,684,7,295,126,245
213,0,483,1,802,94,806
214,0,0,-1,000,0,000
215,0,0,-2,000,0,000
216,0,0,-3,000,0,000
217,0,0,-4,000,0,000
218,0,0,-5,000,0,000
204,1,209,4,937,38,203
291,1,241,4,728,39,449
207,1,220,4,934,39,619
248,1,228,4,932,42,357
75,1,713,6,786,127,990
205,1,212,4,936,39,003
71,1,799,6,546,134,700
292,1,247,4,816,41,817
249,1,208,4,938,36,845
211,1,549,6,335,95,385
208,1,281,4,916,48,675
72,0,170,-1,034,29,934
206,1,209,4,837,38,938
219,1,532,1,240,91,084
64,0,655,1,869,121,785
209,1,200,4,940,36,954
293,1,252,4,822,44,318
250,1,259,5,422,45,031
62,1,3757,19,271,591,103
54,0,1436,3,897,206,445
207,1,266,4,820,47,018
102,1,842,7,632,142,956
70,1,881,7,131,138,906
73,1,887,5,716,138,219
212,0,402,0,920,85,564
213,0,0,-1,000,0,000
214,0,0,-2,000,0,000
215,0,0,-3,000,0,000
251,1,210,4,937,37,991
210,1,239,4,928,42,499
294,1,248,4,926,44,341
208,1,237,4,929,41,635
220,1,517,6,845,88,643
252,1,241,4,928,42,443
295,1,232,5,430,41,217
65,0,640,1,372,117,938
296,0,146,-1,029,29,626
297,0,0,-1,000,0,000
298,0,0,-2,000,0,000
299,0,0,-3,000,0,000
300,0,0,-4,000,0,000
209,1,236,4,929,41,227
216,1,451,2,865,81,407
46,1,3944,18,101,649,452
73,1,766,6,770,134,815
76,1,1005,6,592,163,964
253,1,237,4,929,42,248
210,1,203,4,939,37,355
301,1,234,0,930,42,952
71,1,772,7,268,132,367
254,1,267,4,920,43,137
74,1,788,7,155,136,002
221,1,548,6,625,90,984
211,0,797,1,841,139,126
212,0,0,-1,000,0,000
213,0,0,-2,000,0,000
103,1,864,7,741,147,730
211,1,252,4,821,41,823
255,1,225,4,933,40,950
47,0,1979,8,003,318,387
212,1,249,4,925,45,604
77,1,696,7,179,124,343
47,1,753,7,774,126,237
256,1,257,4,923,42,079
302,1,601,6,718,98,314
66,1,867,7,240,145,877
222,1,508,5,643,86,053
213,1,199,4,940,37,679
214,1,531,3,841,88,768
303,1,223,4,933,38,614
257,1,250,4,925,45,150
75,1,769,7,769,133,275
215,1,203,4,939,38,494
74,0,1113,3,777,189,896
75,0,0,-1,000,0,000
104,1,762,7,771,136,858
217,0,1210,5,758,211,009
218,0,0,-1,000,0,000
219,0,0,-2,000,0,000
220,0,0,-3,000,0,000
221,0,0,-4,000,0,000
222,0,0,-5,000,0,000
214,1,316,5,905,53,976
258,1,204,4,939,38,205
304,1,259,5,422,44,954
216,1,261,4,922,42,469
215,1,262,5,421,41,063
78,1,769,7,158,135,327
259,1,248,4,926,41,652
48,0,971,3,806,168,668
49,0,0,-1,000,0,000
305,1,301,5,410,48,165
217,1,225,4,933,40,947
48,1,866,7,521,138,809
223,1,428,1,372,78,242
216,1,217,4,935,40,404
76,0,562,0,283,100,596
77,0,0,-1,000,0,000
218,1,228,4,932,41,661
306,1,257,4,814,45,844
219,1,226,4,932,42,178
307,1,226,4,821,38,556
105,0,940,2,018,155,839
224,1,474,5,858,87,603
260,1,708,7,288,120,931
220,1,239,4,821,41,090
49,1,774,7,166,134,471
76,0,1337,3,190,219,827
261,1,255,4,824,45,796
67,1,1680,8,376,272,996
221,1,235,4,930,44,661
63,1,3127,15,219,484,978
225,1,538,5,839,92,066
79,1,1191,8,936,187,049
262,1,235,4,930,42,626
308,1,654,5,804,106,170
217,1,1087,6,674,169,566
222,1,276,4,712,47,398
78,1,1132,8,053,182,763
106,1,779,7,548,134,997
263,1,249,5,425,44,762
309,1,222,4,933,39,146
218,1,205,4,836,39,139
223,1,233,4,930,41,350
55,1,3582,13,577,469,008
264,1,214,5,436,40,378
50,0,1598,4,467,250,234
77,1,759,7,272,132,709
219,1,227,4,932,41,096
224,0,250,-0,050,53,728
225,0,0,-1,000,0,000
226,0,0,-2,000,0,000
50,1,902,6,183,136,422
68,1,797,7,761,137,100
226,1,668,5,800,109,812
265,1,227,4,932,41,528
72,1,3146,18,556,529,726
220,1,281,4,916,45,655
80,1,848,7,144,141,385
227,1,253,2,924,44,505
79,1,745,7,673,131,376
223,1,2760,14,350,450,295
107,1,760,7,165,133,401
221,1,290,4,913,50,415
310,1,829,7,251,130,780
228,1,275,4,918,48,372
73,0,413,0,417,87,747
74,0,0,-1,000,0,000
227,1,572,6,328,97,276
266,1,523,6,843,96,386
311,1,237,5,429,41,203
78,1,833,6,737,135,208
229,1,219,5,434,38,975
51,1,856,7,743,140,266
69,1,751,7,775,128,257
56,0,1033,2,676,164,819
224,1,477,5,857,86,420
222,1,340,4,898,52,035
267,1,232,4,930,41,843
51,1,895,7,519,135,478
312,1,254,4,924,45,617
230,1,245,4,827,45,601
228,1,454,5,864,84,982
81,1,825,7,643,138,869
268,1,245,4,819,41,673
223,1,271,4,810,45,720
231,1,217,4,733,38,655
313,1,242,4,927,42,054
64,1,2029,12,679,292,230
224,1,226,4,932,41,418
108,1,1016,8,993,180,935
225,1,552,6,227,95,201
314,1,205,4,939,38,177
232,1,236,4,820,41,477
80,1,1199,9,539,196,009
52,1,781,7,266,127,632
225,1,238,4,929,42,595
229,1,524,5,603,86,923
79,1,838,7,532,138,686
57,1,845,7,246,135,092
233,1,302,4,909,48,263
315,1,335,5,899,52,525
82,1,722,7,283,131,410
226,1,250,4,925,43,756
70,1,1091,7,844,175,135
226,1,529,6,027,94,657
234,1,252,4,799,41,687
316,1,270,4,819,45,707
227,1,256,4,711,43,001
109,1,745,7,675,136,042
269,1,1022,8,693,163,624
230,1,609,5,613,93,021
235,1,222,4,933,40,978
65,1,899,7,601,143,815
317,1,277,4,917,44,286
228,1,248,4,926,43,458
53,1,804,6,649,128,680
270,1,224,4,832,39,648
227,1,473,6,254,81,904
80,1,798,7,661,136,514
81,1,917,7,100,149,065
58,1,807,7,758,125,878
318,1,220,4,934,39,129
229,1,234,4,930,42,949
271,1,233,4,825,40,700
83,1,805,7,657,137,020
110,0,528,1,394,99,769
111,0,0,-1,000,0,000
231,1,544,6,230,94,814
319,1,223,4,933,43,222
272,1,204,4,939,37,759
230,1,256,4,923,42,228
320,1,238,4,929,41,507
84,0,415,1,417,89,591
85,0,0,-1,000,0,000
273,1,235,4,930,42,554
231,1,288,4,797,45,737
82,1,718,6,785,130,577
228,1,771,7,165,131,291
54,1,858,7,243,136,082
321,1,215,4,936,39,282
232,1,518,5,720,91,478
81,1,898,7,231,152,270
59,1,834,7,250,133,739
274,1,276,4,917,46,220
232,1,222,4,933,41,201
322,1,249,4,925,43,345
83,0,412,0,816,82,897
275,1,235,4,930,41,451
233,1,218,4,935,42,144
229,1,485,6,354,86,269
112,1,1033,8,190,182,109
71,0,1837,9,512,322,809
86,1,705,6,788,131,129
60,0,432,0,414,86,049
233,1,493,6,248,90,348
75,0,3183,9,895,514,985
76,0,0,-1,000,0,000
234,1,232,4,930,45,188
276,1,301,4,910,50,435
61,0,118,-1,024,27,651
235,1,216,4,935,39,360
277,1,188,4,944,36,850
323,1,626,5,812,104,291
230,1,497,6,248,86,453
234,1,479,5,856,90,054
278,1,238,4,929,43,780
84,0,754,1,849,140,453
85,0,0,-1,000,0,000
55,0,1168,5,766,188,178
324,1,278,4,917,47,450
72,1,739,7,778,130,410
113,1,778,7,155,138,326
87,1,736,7,279,133,578
236,1,507,5,848,82,118
279,1,300,4,910,47,555
325,1,212,4,936,37,714
56,0,297,0,441,61,184
235,1,488,5,854,90,619
237,1,281,4,916,44,543
280,1,225,4,933,43,622
326,1,234,4,930,42,572
57,0,308,-0,062,63,671
281,1,216,4,935,40,214
73,1,754,7,671,133,506
77,0,1450,4,175,258,092
78,0,0,-1,000,0,000
114,1,772,7,268,145,203
86,1,935,5,195,140,817
88,1,777,7,140,134,564
66,0,3010,12,072,474,885
67,0,0,-1,000,0,000
282,1,248,4,825,45,985
52,0,4339,21,632,729,206
236,1,578,6,225,103,713
327,1,486,5,137,76,717
62,1,1562,11,432,263,453
82,1,2164,14,351,359,048
283,1,204,5,439,38,629
328,1,242,4,927,43,122
231,0,1475,3,471,241,308
232,0,0,-1,000,0,000
233,0,0,-2,000,0,000
234,0,0,-3,000,0,000
235,0,0,-4,000,0,000
236,0,0,-5,000,0,000
238,1,845,7,246,143,208
284,1,238,4,929,45,061
329,1,205,4,939,38,702
237,1,479,6,856,87,019
239,1,203,5,439,37,979
58,0,951,1,886,155,269
59,0,0,-1,000,0,000
115,1,738,7,779,138,256
74,1,767,6,660,136,018
68,0,733,1,240,130,145
69,0,0,-1,000,0,000
330,1,250,4,823,44,164
89,1,768,7,664,134,059
240,1,220,4,934,40,310
237,1,521,1,142,86,699
331,1,189,4,943,36,554
83,1,775,7,267,133,021
63,1,834,8,140,129,783
238,1,487,5,938,90,021
241,1,246,4,823,43,476
84,0,156,-0,031,41,358
85,0,0,-1,000,0,000
332,1,225,4,933,43,101
242,1,225,4,933,40,857
87,1,1310,9,076,218,359
236,1,4317,22,704,702,250
116,1,697,7,291,129,985
238,1,568,6,022,94,482
285,1,1023,6,346,168,238
60,1,831,6,646,131,578
237,1,233,5,319,41,915
75,1,816,7,538,139,449
243,1,266,4,920,48,055
64,0,559,1,161,93,844
333,1,400,5,880,72,165
90,1,819,7,654,143,012
79,0,1608,4,871,277,683
80,0,0,-1,000,0,000
70,1,934,7,120,156,374
286,1,222,4,933,41,477
238,1,223,4,933,41,452
53,1,1770,12,969,312,143
86,1,715,6,785,130,782
244,1,304,4,909,50,202
239,1,451,5,865,83,245
334,1,336,5,297,57,334
287,1,207,4,938,40,217
239,1,228,4,830,42,330
88,1,718,7,285,134,332
245,1,265,4,717,46,010
335,1,219,4,934,42,483
117,1,720,6,974,129,360
240,1,211,4,937,40,816
288,1,310,4,907,49,219
76,1,752,7,274,133,630
61,1,861,7,030,140,950
240,1,510,5,847,90,424
336,1,296,5,911,48,949
71,1,784,7,765,129,795
289,1,272,4,799,43,099
65,0,985,2,474,137,416
87,1,759,7,272,140,145
337,1,214,4,936,38,902
290,1,278,4,917,48,077
89,1,835,7,249,142,904
338,1,234,4,821,40,774
241,0,694,2,861,133,000
242,0,0,-1,000,0,000
243,0,0,-2,000,0,000
241,1,490,5,853,86,906
118,1,782,7,664,139,647
291,1,301,5,410,52,806
339,1,230,4,931,41,448
244,1,209,2,937,39,950
77,1,816,7,755,137,684
72,0,655,2,766,126,358
292,1,197,4,941,36,780
340,1,218,4,835,43,002
66,1,794,7,052,131,140
245,1,245,4,820,43,845
88,1,772,6,964,132,618
293,0,234,-0,047,53,378
294,0,0,-1,000,0,000
295,0,0,-2,000,0,000
296,0,0,-3,000,0,000
297,0,0,-4,000,0,000
242,1,621,6,314,103,371
246,1,1445,12,067,250,508
341,1,242,4,927,42,454
246,1,219,4,831,41,012
90,1,740,7,778,134,219
119,1,734,7,780,139,025
342,1,208,4,938,40,398
247,1,224,4,933,40,751
239,0,2941,16,411,531,025
240,0,0,-1,000,0,000
241,0,0,-2,000,0,000
242,0,0,-3,000,0,000
243,1,483,6,047,83,426
248,1,227,4,932,41,227
343,1,280,4,916,47,023
247,1,485,5,753,82,296
67,1,717,7,785,126,502
89,1,725,7,782,129,903
81,1,2554,13,786,421,909
54,0,2509,12,998,464,329
298,1,809,3,147,131,798
248,1,288,5,414,46,493
344,1,301,4,910,51,888
91,1,790,7,158,136,589
120,1,742,7,676,133,868
243,1,498,3,351,92,736
249,1,500,6,350,82,755
244,1,515,6,236,89,674
299,1,230,5,431,43,424
55,0,267,0,447,61,882
249,1,245,4,927,41,263
345,1,276,4,917,46,014
250,1,229,4,931,42,608
300,1,255,5,423,43,496
68,1,768,6,968,129,986
90,1,752,7,274,136,235
82,1,763,6,859,131,167
244,1,460,6,362,86,873
251,1,233,4,821,40,388
301,1,224,5,433,41,554
250,1,451,5,365,80,881
92,1,744,7,777,137,008
62,0,2825,13,690,486,906
252,1,245,4,927,43,928
251,1,233,4,930,42,897
302,1,299,4,910,48,383
56,1,776,7,767,140,398
121,1,945,9,217,170,365
91,1,3806,22,480,645,324
245,1,498,5,749,92,113
253,1,278,4,791,44,973
303,1,200,4,940,37,049
252,1,259,5,422,41,305
78,1,2501,12,681,406,601
91,1,777,7,661,140,602
304,1,200,4,940,39,555
253,1,203,4,939,38,403
245,1,1209,8,637,208,241
254,1,237,4,929,45,933
305,1,201,5,440,38,003
255,1,234,4,611,41,812
254,1,249,4,925,45,720
246,1,577,6,198,99,345
122,1,741,7,778,134,215
57,1,759,7,772,131,141
306,1,244,4,927,40,907
256,1,227,4,932,42,728
255,1,222,5,433,42,603
246,1,546,6,211,92,134
79,1,676,7,797,125,880
92,1,685,7,194,128,293
257,1,186,4,944,37,155
307,1,228,4,932,44,354
256,1,218,4,935,40,751
247,1,454,6,364,85,672
258,1,228,4,823,43,132
308,1,259,4,922,47,725
257,1,246,4,926,46,071
123,1,735,7,279,130,616
309,1,216,4,935,40,581
258,1,224,4,933,41,099
58,1,802,7,153,136,317
346,1,2274,15,318,372,860
247,1,671,5,694,125,419
93,1,1937,12,513,331,892
259,1,195,4,942,36,913
310,1,232,4,930,45,425
347,1,205,4,939,39,028
80,1,828,7,648,136,564
259,1,565,6,830,95,132
93,1,901,8,113,153,000
124,0,514,0,691,107,837
125,0,0,-1,000,0,000
92,1,1946,12,916,356,300
248,1,912,7,625,152,467
348,1,254,4,924,44,622
260,1,272,4,918,50,630
311,1,351,5,395,61,758
260,1,387,4,761,62,821
349,1,277,4,917,50,117
312,1,200,4,940,36,754
261,1,194,4,942,38,755
261,1,278,4,917,46,474
59,1,843,7,747,138,434
94,1,708,7,587,129,354
350,1,209,4,937,40,414
249,1,488,6,244,88,960
63,0,2661,12,257,447,208
313,1,212,4,936,41,217
248,1,917,6,480,150,934
94,0,647,2,268,129,077
95,0,0,-1,000,0,000
262,1,232,4,829,42,246
126,0,569,-0,429,109,613
127,0,0,-1,000,0,000
81,1,831,6,629,134,662
262,1,253,4,818,44,313
93,1,726,7,282,128,695
351,1,226,4,932,41,433
314,1,230,4,831,42,872
263,1,240,4,828,43,993
128,0,265,-1,718,46,699
129,0,0,-1,000,0,000
130,0,0,-2,000,0,000
131,0,0,-3,000,0,000
263,1,218,4,935,41,224
352,1,229,4,931,42,403
249,1,458,5,763,85,815
315,1,237,4,825,45,814
264,1,201,4,940,38,003
250,1,568,5,604,97,783
264,1,257,4,923,46,122
316,1,201,4,940,38,554
353,1,242,4,927,43,208
95,1,783,7,553,139,458
265,1,255,4,818,46,316
265,1,232,4,826,43,426
82,1,744,6,561,132,052
317,1,209,4,937,39,819
69,1,3941,20,894,644,454
250,1,448,6,366,84,773
94,1,718,8,181,130,153
354,1,249,4,818,41,151
266,1,238,4,929,44,203
64,0,991,3,702,174,625
65,0,0,-1,000,0,000
251,1,451,6,365,86,648
355,0,95,-1,019,28,683
356,0,0,-1,000,0,000
357,0,0,-2,000,0,000
358,0,0,-3,000,0,000
359,0,0,-4,000,0,000
266,1,217,4,935,40,303
318,1,210,4,833,40,097
132,1,803,3,846,137,315
267,1,203,5,439,40,022
360,1,203,0,939,40,284
267,1,276,4,688,45,098
319,1,268,4,818,45,876
268,1,225,4,933,41,614
96,1,752,7,774,141,142
361,1,230,4,931,43,099
252,1,483,6,355,89,354
268,1,212,4,936,41,094
73,1,6302,36,900,1074,191
320,1,213,4,936,40,650
83,1,756,7,073,132,587
362,1,219,4,934,40,749
269,1,213,4,731,39,620
133,1,691,7,293,129,712
95,1,911,6,702,151,259
321,1,269,4,919,48,164
363,1,257,4,808,42,057
270,1,215,4,936,41,470
253,1,495,5,851,91,115
322,1,219,4,831,41,489
364,1,193,4,942,37,758
271,1,217,4,935,39,217
97,1,739,7,678,131,220
323,1,234,4,930,44,103
74,0,797,3,341,157,192
365,1,256,4,815,42,817
272,1,263,4,921,42,726
134,1,661,7,302,127,757
254,1,501,5,850,89,581
96,1,665,7,800,127,449
324,1,216,4,832,41,396
70,1,1621,8,396,257,536
60,1,2688,14,194,455,019
269,0,1237,5,430,218,180
270,0,0,-1,000,0,000
271,0,0,-2,000,0,000
273,1,204,4,939,40,235
325,1,268,4,810,45,438
66,0,1830,7,370,321,403
274,1,203,5,439,39,354
272,1,239,2,928,43,923
255,1,481,5,856,86,355
98,1,803,7,759,141,790
326,1,279,4,916,49,574
275,1,215,4,936,41,246
273,1,241,5,318,41,791
61,0,598,1,253,117,082
276,1,211,4,937,40,346
135,1,836,8,029,148,817
96,0,3303,15,425,604,563
97,0,0,-1,000,0,000
97,1,812,7,756,143,757
274,1,205,4,939,40,973
71,1,928,6,875,144,703
67,1,670,7,698,123,444
277,1,247,4,926,44,458
275,1,300,4,910,51,471
278,1,215,5,332,41,641
99,1,811,6,637,135,074
62,0,660,1,204,121,472
276,1,249,4,925,46,553
84,1,2296,14,503,396,671
136,1,648,7,201,123,123
279,1,213,4,936,39,606
98,1,748,7,673,138,977
277,1,204,5,439,40,614
68,0,700,2,360,139,979
251,1,3309,23,507,590,726
280,1,275,4,918,47,182
72,1,812,7,047,137,688
98,0,1102,3,780,215,956
99,0,0,-1,000,0,000
281,1,243,4,927,42,235
327,1,1415,13,076,256,455
278,0,434,1,287,87,055
279,0,0,-1,000,0,000
280,0,0,-2,000,0,000
100,1,714,7,682,131,177
85,0,653,2,869,132,025
63,1,738,7,678,130,362
366,1,2316,16,805,418,197
282,1,261,4,810,43,656
328,1,266,4,920,47,883
75,1,2390,14,679,409,915
281,1,246,3,426,45,689
367,1,222,5,433,40,433
282,1,217,4,935,41,020
283,1,254,4,924,46,842
64,0,480,1,297,96,460
329,0,335,1,433,76,469
330,0,0,-1,000,0,000
331,0,0,-2,000,0,000
332,0,0,-3,000,0,000
333,0,0,-4,000,0,000
368,1,207,4,938,38,530
283,1,194,4,942,36,357
86,0,683,2,261,137,697
101,1,776,6,964,135,224
369,1,228,4,932,41,174
284,1,237,4,929,44,410
284,1,472,6,155,83,311
76,1,779,7,163,139,514
256,1,2553,14,131,418,556
69,1,1366,10,590,232,687
252,1,1363,8,765,231,743
285,1,208,4,938,40,995
285,1,214,4,936,40,772
83,1,8674,46,096,1524,399
65,1,685,7,794,125,003
370,1,426,4,770,74,984
99,1,1811,12,957,331,716
286,1,231,4,931,44,141
87,1,696,7,191,127,804
102,1,734,7,780,133,967
287,1,204,4,939,38,583
286,1,511,5,847,86,502
257,1,680,7,296,125,329
371,0,479,1,904,97,574
372,0,0,-1,000,0,000
373,0,0,-2,000,0,000
374,0,0,-3,000,0,000
375,0,0,-4,000,0,000
288,1,204,4,939,38,582
287,1,209,4,937,38,998
100,1,2050,13,677,362,827
376,1,233,0,930,42,943
289,1,206,4,938,40,909
66,1,795,8,262,139,094
88,1,728,7,077,128,514
258,1,471,6,257,89,006
377,1,244,4,927,42,612
290,1,240,4,820,43,467
70,1,1293,10,007,224,018
253,1,1292,7,127,208,766
77,1,1366,11,183,238,454
288,1,590,7,323,112,383
378,1,221,4,934,43,949
137,1,3020,17,485,538,355
291,1,222,4,933,41,495
289,1,194,4,942,37,270
379,1,191,4,943,37,960
101,1,689,6,793,128,408
292,1,196,4,941,37,686
100,1,1391,10,982,252,285
67,1,747,7,176,132,146
103,0,1296,6,241,247,807
104,0,0,-1,000,0,000
254,1,487,5,854,87,504
293,1,217,4,831,41,199
89,1,755,7,068,133,718
259,1,729,7,564,129,625
380,1,252,4,924,45,232
102,0,406,1,419,88,647
294,1,230,4,931,43,328
381,1,236,4,820,40,999
138,1,677,7,797,126,322
382,1,215,4,936,40,684
255,1,500,5,749,87,789
295,1,258,4,923,43,047
290,1,760,6,772,124,980
78,1,1046,9,686,187,815
101,1,694,7,792,126,562
68,1,744,7,676,134,243
90,1,672,7,798,126,942
296,1,213,4,936,42,029
383,1,308,4,908,58,954
103,1,767,7,648,130,193
297,1,246,4,820,45,197
256,1,481,5,748,88,833
384,1,223,4,933,42,130
69,0,372,0,426,77,765
139,1,767,7,270,136,541
298,1,188,4,944,36,858
91,0,475,0,768,92,847
291,1,734,7,280,132,404
385,1,223,4,824,40,896
102,1,660,7,302,126,069
299,1,205,5,438,37,502
70,0,342,0,330,73,793
257,1,457,5,863,85,433
292,1,197,5,441,38,429
300,1,184,4,945,36,353
334,0,3945,17,711,723,663
335,0,0,-1,000,0,000
336,0,0,-2,000,0,000
337,0,0,-3,000,0,000
338,0,0,-4,000,0,000
104,1,719,7,672,125,941
71,0,335,0,331,72,915
140,1,690,7,193,132,974
301,1,206,4,836,40,438
339,1,202,0,939,40,472
258,1,524,6,119,89,820
302,1,221,4,934,42,374
72,0,324,0,435,70,407
340,1,207,4,938,40,113
293,1,691,6,793,127,779
303,1,219,4,834,41,863
341,1,203,4,939,39,355
304,1,202,4,939,39,395
294,1,273,5,418,50,117
141,1,674,7,684,125,610
259,1,466,6,360,85,303
386,1,1197,4,641,212,322
260,1,2437,14,269,413,689
342,1,210,4,832,39,102
73,0,459,1,169,80,740
105,1,930,9,221,167,418
305,1,224,4,933,41,905
295,0,278,0,444,66,605
296,0,0,-1,000,0,000
297,0,0,-2,000,0,000
71,0,3209,15,358,572,647
72,0,0,-1,000,0,000
343,1,223,4,933,41,354
387,1,280,4,808,48,008
92,1,1557,9,533,242,963
79,1,2195,15,234,391,440
306,1,201,4,940,37,089
260,1,473,6,358,85,677
261,1,460,6,254,83,820
388,1,218,4,935,41,520
298,1,277,3,417,49,854
344,1,265,4,803,43,233
80,0,264,0,447,55,075
81,0,0,-1,000,0,000
307,1,215,5,333,41,485
299,1,194,4,942,37,013
345,1,233,4,930,43,373
142,1,822,7,151,156,659
308,1,198,4,941,39,555
105,1,3293,19,512,576,953
106,1,714,7,786,135,142
103,1,2081,12,621,365,934
262,1,415,6,375,80,404
261,1,483,5,425,86,268
300,1,231,4,816,40,966
74,0,917,4,317,176,878
346,1,269,4,819,45,256
309,1,345,5,396,61,251
301,1,230,4,826,40,437
262,0,259,0,448,65,059
263,0,0,-1,000,0,000
264,0,0,-2,000,0,000
265,0,0,-3,000,0,000
389,0,752,1,514,138,079
390,0,0,-1,000,0,000
391,0,0,-2,000,0,000
392,0,0,-3,000,0,000
393,0,0,-4,000,0,000
347,1,230,4,931,41,575
75,0,300,0,440,65,611
310,1,210,4,835,39,762
263,1,451,6,261,82,295
302,1,203,4,939,39,354
394,1,243,0,821,41,853
348,1,245,4,927,45,848
303,1,190,4,943,37,955
311,1,227,4,932,45,554
76,0,328,0,434,71,301
93,0,1300,5,133,231,197
107,1,729,6,781,130,897
106,1,831,7,540,142,730
266,1,466,3,360,86,858
395,1,223,4,933,41,406
349,1,228,4,932,42,263
312,1,203,4,939,40,414
264,1,424,6,873,80,832
104,1,898,8,231,171,610
304,1,234,4,930,39,934
94,0,271,-0,054,65,266
396,1,189,4,943,37,203
313,1,211,4,837,40,471
350,0,284,-0,057,63,905
351,0,0,-1,000,0,000
352,0,0,-2,000,0,000
353,0,0,-3,000,0,000
354,0,0,-4,000,0,000
305,1,207,4,938,38,954
77,0,463,0,291,82,497
355,1,247,0,926,46,852
306,0,272,-0,054,62,766
307,0,0,-1,000,0,000
308,0,0,-2,000,0,000
314,1,305,4,909,51,103
397,1,401,5,170,68,407
107,1,722,6,783,130,396
315,0,90,-1,018,30,354
316,0,0,-1,000,0,000
317,0,0,-2,000,0,000
267,0,809,2,175,153,809
268,0,0,-1,000,0,000
269,0,0,-2,000,0,000
270,0,0,-3,000,0,000
271,0,0,-4,000,0,000
272,0,0,-5,000,0,000
356,1,223,4,933,43,061
309,1,217,2,935,42,900
84,0,6591,35,870,1188,868
105,1,758,7,773,137,892
318,1,263,2,921,44,746
273,0,288,-4,677,63,434
274,0,0,-1,000,0,000
275,0,0,-2,000,0,000
276,0,0,-3,000,0,000
310,1,360,4,790,63,378
319,1,237,4,929,42,856
265,0,1138,5,172,226,092
266,0,0,-1,000,0,000
267,0,0,-2,000,0,000
268,0,0,-3,000,0,000
269,0,0,-4,000,0,000
270,0,0,-5,000,0,000
108,1,705,7,587,131,878
320,1,227,4,932,43,956
108,0,1516,6,697,275,125
357,0,707,1,615,134,836
358,0,0,-1,000,0,000
359,0,0,-2,000,0,000
360,0,0,-3,000,0,000
361,0,0,-4,000,0,000
398,1,948,9,716,173,140
106,1,745,8,276,137,751
311,1,458,5,363,86,339
277,0,569,-0,614,117,001
278,0,0,-1,000,0,000
279,0,0,-2,000,0,000
280,0,0,-3,000,0,000
73,0,3096,14,177,542,374
74,0,0,-1,000,0,000
321,1,266,4,920,47,516
95,0,1512,6,095,274,551
271,1,457,1,259,86,467
399,1,217,4,835,41,252
78,0,1431,6,113,254,560
312,1,200,4,940,40,269
322,1,216,4,935,42,355
400,1,198,4,941,39,414
313,1,212,4,936,40,813
109,1,695,7,191,127,627
109,0,657,2,869,134,009
281,1,490,3,053,93,703
79,0,344,0,431,73,624
323,1,249,4,925,44,699
272,1,490,5,853,89,988
401,1,205,4,939,38,328
362,0,821,-1,723,157,080
363,0,0,-1,000,0,000
364,0,0,-2,000,0,000
365,0,0,-3,000,0,000
366,0,0,-4,000,0,000
314,1,302,4,806,51,829
107,1,767,7,448,134,577
402,1,190,5,443,37,606
324,1,248,5,203,41,823
315,1,208,5,438,40,142
282,1,434,6,370,82,356
273,1,447,6,266,84,968
325,1,229,4,828,43,447
403,1,345,5,896,61,957
316,1,197,4,941,37,568
326,1,239,4,808,41,616
80,1,772,7,768,141,024
404,1,227,4,932,41,657
317,1,207,4,938,41,754
110,1,960,9,212,168,951
283,1,491,5,747,89,657
108,1,730,7,177,132,950
327,1,243,4,927,44,513
274,0,509,1,266,103,525
275,0,0,-1,000,0,000
276,0,0,-2,000,0,000
277,0,0,-3,000,0,000
278,0,0,-4,000,0,000
279,0,0,-5,000,0,000
405,1,209,4,937,42,016
96,1,1476,10,057,250,311
318,1,211,4,834,39,948
328,1,243,4,927,45,442
319,1,221,4,828,40,889
406,1,332,4,900,63,508
280,0,413,-3,083,91,677
281,0,0,-1,000,0,000
282,0,0,-2,000,0,000
283,0,0,-3,000,0,000
284,0,0,-4,000,0,000
285,0,0,-5,000,0,000
329,1,218,4,833,40,865
320,1,227,4,820,40,607
407,1,231,4,931,41,149
111,1,708,6,788,132,562
330,1,206,4,938,40,150
143,1,4701,18,982,862,595
321,1,220,4,934,42,842
109,1,738,7,070,133,441
367,1,1584,6,912,265,795
408,1,224,4,824,39,840
286,0,403,-3,581,92,091
287,0,0,-1,000,0,000
288,0,0,-2,000,0,000
289,0,0,-3,000,0,000
290,0,0,-4,000,0,000
291,0,0,-5,000,0,000
331,1,217,4,935,41,751
110,1,1997,13,401,360,318
322,1,268,4,920,46,513
409,1,227,4,824,40,819
368,1,295,5,911,50,649
332,1,214,4,936,40,168
323,1,209,4,937,40,155
284,1,1317,8,700,246,186
112,0,628,2,273,131,236
410,1,222,4,933,43,154
82,1,5512,32,073,937,633
369,1,216,5,435,41,954
333,1,209,4,937,40,620
292,1,493,1,352,90,174
144,1,701,7,790,135,330
324,1,206,4,938,41,329
110,1,702,7,086,131,178
74,1,1848,12,946,309,709
334,1,207,4,938,40,846
370,1,243,4,927,42,682
325,1,206,4,938,41,954
111,1,736,6,779,129,719
335,1,210,4,937,39,778
285,1,481,5,751,89,860
371,1,226,4,932,41,701
326,1,208,4,938,40,923
336,1,209,4,937,38,560
75,0,3393,15,375,582,168
76,0,0,-1,000,0,000
97,1,1906,13,508,336,964
372,1,207,4,838,39,521
293,0,727,3,249,144,662
294,0,0,-1,000,0,000
295,0,0,-2,000,0,000
296,0,0,-3,000,0,000
337,1,199,4,940,38,403
111,1,741,7,278,136,857
286,1,428,6,372,82,883
373,1,209,4,937,42,022
75,1,704,7,789,126,193
327,1,534,6,340,95,297
112,1,680,7,195,129,931
374,1,284,4,915,46,089
297,1,452,3,364,87,350
328,1,189,4,943,36,955
287,1,432,6,370,82,901
98,1,708,7,174,130,496
375,1,222,4,933,41,627
329,1,218,4,935,42,463
411,1,1494,11,723,263,042
338,1,681,5,796,122,893
112,1,696,7,691,130,946
376,1,197,4,941,37,426
298,1,435,5,767,84,730
330,1,191,4,943,37,455
412,1,183,4,945,36,154
83,1,1717,10,881,287,862
339,1,213,4,836,41,078
377,1,207,4,938,40,718
331,1,207,4,938,40,703
113,1,817,7,538,144,881
413,1,237,4,929,46,615
113,0,436,0,913,87,202
114,0,0,-1,000,0,000
288,1,713,7,481,128,185
145,1,1934,14,714,363,891
378,1,228,4,932,42,379
332,1,201,4,840,38,767
99,1,704,7,289,128,731
414,1,197,4,941,39,354
340,1,373,5,268,63,538
299,1,493,5,733,87,429
379,1,209,4,937,41,109
333,1,192,4,942,38,614
341,1,219,4,934,40,968
146,0,334,0,933,71,209
147,0,0,-1,000,0,000
415,1,275,5,295,43,874
84,1,678,7,797,123,267
380,1,221,4,934,41,395
289,1,466,6,360,88,193
334,1,258,4,923,48,592
342,1,212,4,936,41,597
416,1,196,4,941,37,994
300,1,444,6,267,85,554
148,0,289,-0,558,67,917
149,0,0,-1,000,0,000
115,1,660,6,802,125,035
381,1,234,4,811,41,420
335,1,209,5,334,41,154
114,1,882,7,928,156,472
417,1,211,4,937,40,318
343,1,271,4,919,47,084
100,1,816,6,825,136,716
113,1,2911,13,579,514,351
382,1,210,4,937,40,282
336,1,214,4,936,40,279
418,1,193,4,942,38,203
301,1,425,6,372,83,839
344,0,248,0,450,61,308
345,0,0,-1,000,0,000
346,0,0,-2,000,0,000
85,1,692,7,688,127,429
337,1,236,4,929,46,432
383,1,272,4,918,43,560
419,1,231,4,931,41,170
116,1,652,7,804,130,645
347,0,296,-1,059,70,945
348,0,0,-1,000,0,000
349,0,0,-2,000,0,000
150,1,714,6,786,128,549
101,0,507,2,399,108,230
338,1,233,4,930,42,702
302,1,511,5,847,91,529
350,1,242,2,927,44,205
420,0,415,-0,751,83,553
421,0,0,-1,000,0,000
422,0,0,-2,000,0,000
423,0,0,-3,000,0,000
424,0,0,-4,000,0,000
384,1,548,5,836,102,774
290,1,1338,9,599,230,832
351,1,250,4,925,46,393
425,1,282,0,807,45,093
385,1,230,4,931,44,217
114,0,1098,5,280,216,173
352,1,208,4,938,41,182
117,1,742,7,161,134,887
426,1,194,4,942,37,360
303,0,636,1,449,120,739
304,0,0,-1,000,0,000
305,0,0,-2,000,0,000
306,0,0,-3,000,0,000
102,1,772,7,768,137,929
353,1,216,4,826,39,770
339,1,950,5,715,173,298
386,0,477,1,405,101,273
387,0,0,-1,000,0,000
388,0,0,-2,000,0,000
389,0,0,-3,000,0,000
390,0,0,-4,000,0,000
427,1,341,4,898,61,301
340,1,227,4,830,43,350
118,0,528,1,291,112,639
119,0,0,-1,000,0,000
354,0,442,1,912,94,578
428,0,270,0,446,64,653
355,0,0,-1,000,0,000
429,0,0,-1,000,0,000
356,0,0,-2,000,0,000
430,0,0,-2,000,0,000
431,0,0,-3,000,0,000
432,0,0,-4,000,0,000
341,1,221,4,934,42,403
103,1,756,7,128,130,814
357,1,220,2,934,41,874
151,1,1653,12,403,305,399
342,1,220,4,934,42,712
76,0,4107,18,728,686,335
391,1,597,2,821,111,165
433,0,335,-3,567,68,648
434,0,0,-1,000,0,000
435,0,0,-2,000,0,000
436,0,0,-3,000,0,000
437,0,0,-4,000,0,000
115,1,1145,8,657,208,084
358,1,227,4,932,43,603
115,1,2387,13,963,427,587
86,1,2093,14,167,378,098
120,0,613,0,377,116,176
121,0,0,-1,000,0,000
392,1,220,4,934,42,750
343,1,245,4,827,47,297
77,0,4655,21,025,788,046
78,0,0,-1,000,0,000
438,1,265,0,921,45,244
359,1,245,5,201,43,170
77,0,414,0,417,84,535
393,1,219,4,934,42,317
439,1,198,5,441,38,750
344,0,292,0,442,68,078
345,0,0,-1,000,0,000
346,0,0,-2,000,0,000
360,1,227,4,932,45,378
394,1,199,4,940,37,595
104,1,757,7,773,136,432
152,1,683,7,795,133,467
440,1,231,4,931,42,149
85,1,9329,55,599,1670,222
122,0,649,0,250,123,383
123,0,0,-1,000,0,000
395,1,194,4,942,38,203
361,1,251,4,925,44,762
116,1,721,7,456,129,699
116,1,758,7,273,138,505
347,1,366,4,390,70,116
441,1,221,4,934,41,147
396,1,212,4,936,40,978
362,1,204,5,439,39,805
79,1,810,7,153,132,553
307,0,2053,7,589,375,475
308,0,0,-1,000,0,000
309,0,0,-2,000,0,000
310,0,0,-3,000,0,000
397,1,195,4,942,38,782
105,1,674,7,798,125,670
87,1,1179,7,544,202,089
363,1,283,4,915,48,392
153,1,696,7,186,133,218
348,1,544,5,837,99,420
398,1,225,5,432,44,554
124,1,690,6,293,131,644
364,1,200,4,940,39,955
78,0,1185,5,023,218,492
86,0,924,3,670,170,119
87,0,0,-1,000,0,000
399,1,204,4,939,40,203
349,1,256,4,805,42,719
365,1,206,4,938,40,303
80,1,683,7,295,127,895
81,1,8322,32,371,1415,599
117,1,965,8,711,176,149
117,1,984,9,205,181,954
400,1,240,4,820,43,662
88,0,590,1,767,117,478
291,0,3129,15,874,582,009
292,0,0,-1,000,0,000
293,0,0,-2,000,0,000
294,0,0,-3,000,0,000
295,0,0,-4,000,0,000
296,0,0,-5,000,0,000
366,1,199,4,838,38,202
311,1,807,5,051,145,485
88,0,398,-0,740,78,129
89,0,0,-1,000,0,000
154,1,725,6,771,133,900
401,1,215,4,828,40,079
350,1,439,4,665,82,452
367,1,221,4,833,42,767
125,1,685,7,687,130,459
402,1,215,4,936,42,014
351,1,211,4,937,40,940
155,0,259,-0,689,58,299
156,0,0,-1,000,0,000
157,0,0,-2,000,0,000
158,0,0,-3,000,0,000
297,0,436,-4,087,91,528
298,0,0,-1,000,0,000
299,0,0,-2,000,0,000
300,0,0,-3,000,0,000
301,0,0,-4,000,0,000
302,0,0,-5,000,0,000
81,0,601,0,928,114,021
368,1,215,4,936,41,206
312,1,421,6,374,84,031
82,1,729,7,180,129,419
106,1,1199,10,640,213,406
352,1,193,4,942,38,003
118,1,750,6,958,137,818
118,1,714,6,786,135,037
369,1,215,4,936,40,711
403,0,298,0,940,68,265
404,0,0,-1,000,0,000
405,0,0,-2,000,0,000
406,0,0,-3,000,0,000
407,0,0,-4,000,0,000
303,0,373,-3,575,85,168
304,0,0,-1,000,0,000
305,0,0,-2,000,0,000
306,0,0,-3,000,0,000
307,0,0,-4,000,0,000
308,0,0,-5,000,0,000
442,1,1815,11,456,314,058
79,0,1149,4,770,214,297
353,1,216,4,935,43,266
90,1,733,6,680,135,808
313,1,478,5,749,87,695
370,1,302,4,909,60,553
443,1,221,5,434,43,229
408,1,482,2,855,89,114
371,1,229,4,931,43,821
89,1,1205,9,822,207,163
107,1,707,7,687,129,754
83,1,727,7,675,128,097
444,0,309,0,438,65,358
445,0,0,-1,000,0,000
446,0,0,-2,000,0,000
447,0,0,-3,000,0,000
448,0,0,-4,000,0,000
309,0,555,-2,111,119,348
310,0,0,-1,000,0,000
311,0,0,-2,000,0,000
312,0,0,-3,000,0,000
313,0,0,-4,000,0,000
314,0,0,-5,000,0,000
372,1,210,4,937,38,450
314,1,459,6,362,87,605
409,1,242,4,927,42,483
119,1,801,7,131,132,796
354,0,721,2,856,145,780
355,0,0,-1,000,0,000
356,0,0,-2,000,0,000
91,1,728,6,782,131,645
449,1,243,0,827,47,272
373,1,216,4,827,40,608
410,1,208,4,834,39,917
450,1,210,4,937,41,421
374,1,189,4,943,38,403
120,0,393,1,421,87,885
411,0,273,0,945,62,485
412,0,0,-1,000,0,000
413,0,0,-2,000,0,000
414,0,0,-3,000,0,000
415,0,0,-4,000,0,000
315,0,535,1,393,108,028
316,0,0,-1,000,0,000
317,0,0,-2,000,0,000
318,0,0,-3,000,0,000
159,0,1542,0,469,276,473
160,0,0,-1,000,0,000
161,0,0,-2,000,0,000
162,0,0,-3,000,0,000
84,1,721,7,784,133,448
108,1,839,8,248,155,710
416,1,244,1,427,44,634
126,1,2028,13,392,359,106
375,1,518,6,845,97,047
417,1,211,4,736,42,778
121,0,584,2,383,117,793
92,1,870,7,125,158,451
127,0,250,0,450,61,019
376,1,243,4,927,43,989
80,0,1811,8,725,322,831
418,1,272,4,789,44,674
163,1,796,3,438,138,044
377,1,222,4,933,41,086
357,1,1244,7,127,221,608
85,1,818,6,496,134,695
378,1,210,5,437,38,122
358,1,236,5,429,43,671
319,1,1094,5,069,197,483
82,1,2610,15,002,447,764
315,1,1753,8,474,321,155
119,1,2540,16,033,465,778
379,1,213,4,936,41,605
109,1,1083,9,075,193,580
359,1,212,4,936,40,378
93,1,814,7,756,147,939
419,1,665,6,800,120,500
128,0,793,2,106,161,291
129,0,0,-1,000,0,000
130,0,0,-2,000,0,000
131,0,0,-3,000,0,000
451,1,1636,11,509,293,986
360,1,198,4,941,37,803
164,1,691,7,689,131,289
380,1,256,4,923,41,457
320,1,446,5,866,86,396
420,1,260,4,922,47,360
452,1,208,4,938,40,579
361,1,226,4,932,43,654
381,1,223,4,933,42,466
81,0,1092,4,080,193,732
82,0,0,-1,000,0,000
421,1,220,4,934,42,404
362,1,208,5,438,40,998
110,1,648,7,806,125,355
382,1,216,4,935,41,302
120,1,744,7,161,132,145
86,0,1119,5,176,206,801
94,1,735,6,670,135,243
422,1,229,4,831,44,076
132,1,682,4,295,130,153
363,1,213,4,936,41,373
83,0,399,-0,580,86,281
423,1,193,4,942,36,950
122,0,1801,9,140,340,011
383,1,400,5,880,75,423
364,1,249,4,925,46,554
453,0,704,3,157,137,624
454,0,0,-1,000,0,000
455,0,0,-2,000,0,000
456,0,0,-3,000,0,000
457,0,0,-4,000,0,000
424,1,195,4,942,39,355
123,0,266,-0,053,62,725
83,0,1445,6,109,273,496
316,1,1437,8,569,263,056
458,1,217,0,935,39,208
425,1,223,4,933,41,924
87,0,669,3,265,133,810
133,1,691,7,091,131,881
459,1,217,4,935,40,684
426,1,184,4,945,37,154
365,1,545,5,836,91,505
384,1,605,6,318,105,689
460,1,214,4,936,41,326
84,1,882,8,235,154,921
427,1,217,4,832,40,544
321,0,1570,8,686,304,421
322,0,0,-1,000,0,000
323,0,0,-2,000,0,000
324,0,0,-3,000,0,000
88,0,443,1,911,95,358
461,1,218,4,935,41,998
428,1,254,4,924,47,020
121,0,1447,5,603,266,513
122,0,0,-1,000,0,000
90,1,4183,24,483,692,468
84,0,907,2,692,164,617
462,1,204,4,939,40,354
124,0,961,4,308,189,638
317,1,897,8,731,168,279
165,1,1998,11,401,372,321
429,1,248,4,926,43,847
385,1,663,7,201,113,788
463,1,221,4,934,41,754
430,0,275,-0,055,59,645
431,0,0,-1,000,0,000
432,0,0,-2,000,0,000
433,0,0,-3,000,0,000
434,0,0,-4,000,0,000
386,1,249,4,806,43,197
464,1,200,4,737,39,480
125,0,407,1,419,91,051
95,1,1913,10,926,348,992
325,1,835,5,249,151,953
318,1,471,6,257,88,920
387,1,215,4,936,41,528
465,1,220,5,434,41,608
435,1,285,1,415,46,544
166,1,664,6,600,127,224
388,1,187,4,944,37,337
366,1,1388,12,084,254,135
466,1,217,4,935,42,432
326,1,400,6,279,79,836
436,1,243,4,814,44,185
319,1,438,6,369,83,168
389,1,210,4,937,41,930
85,0,1069,3,286,201,104
467,1,215,4,936,41,606
367,1,249,4,822,45,779
437,1,208,4,938,40,898
96,1,710,7,787,129,421
123,1,1255,8,624,220,358
390,1,282,4,801,47,085
468,0,254,0,449,63,840
469,0,0,-1,000,0,000
470,0,0,-2,000,0,000
471,0,0,-3,000,0,000
472,0,0,-4,000,0,000
368,1,228,4,932,44,354
438,1,227,4,932,44,014
327,1,474,6,254,88,908
85,1,1812,9,252,298,251
167,1,712,7,677,130,350
320,1,515,6,622,88,853
369,1,197,4,941,37,754
391,1,240,4,717,43,496
89,1,1897,13,309,319,174
473,1,254,0,924,49,242
439,1,244,5,318,44,341
392,1,210,4,937,41,113
474,1,216,4,935,42,049
440,1,220,5,434,42,622
328,1,498,5,851,94,075
321,1,432,6,370,83,504
97,1,708,7,788,134,000
86,1,887,8,234,146,688
126,1,1546,12,536,280,352
475,1,203,4,939,39,773
168,1,693,7,675,128,105
86,1,766,7,770,134,497
476,1,184,4,945,36,754
329,1,504,6,740,91,640
370,1,856,6,743,159,748
322,1,494,6,352,88,756
477,1,211,4,937,40,998
111,1,4130,24,760,722,695
371,1,241,4,821,43,859
478,1,264,4,795,42,509
169,1,632,7,810,124,230
127,1,758,6,949,132,812
87,1,859,8,742,154,185
393,1,1050,8,685,187,946
330,1,446,5,866,85,398
323,1,437,5,869,85,456
372,1,228,5,432,41,670
87,0,689,2,362,134,962
88,0,0,-1,000,0,000
479,1,218,4,935,41,954
124,1,1680,12,896,296,965
394,1,204,5,439,40,354
373,1,188,4,944,37,003
480,1,223,4,825,42,563
395,1,214,4,936,41,263
331,1,431,5,871,82,774
374,1,236,4,929,43,429
112,1,697,7,291,130,150
324,1,468,6,360,91,340
396,1,214,4,936,41,176
375,1,221,4,934,41,390
128,1,810,8,032,142,298
89,1,714,6,786,129,344
481,1,564,5,613,104,835
376,1,189,4,943,37,354
397,1,250,4,825,46,247
332,1,492,5,734,90,649
88,0,959,3,699,176,473
325,1,507,5,738,89,183
482,1,220,4,934,44,354
377,1,204,4,939,40,668
398,1,239,4,720,44,878
113,1,689,7,793,132,201
98,0,2161,10,728,409,569
99,0,0,-1,000,0,000
378,1,207,4,938,41,203
483,1,220,4,934,41,977
441,1,2337,16,299,405,357
399,1,227,4,932,43,603
333,1,474,6,251,89,426
326,1,421,6,374,81,994
89,0,530,2,394,114,484
90,1,753,7,673,134,380
484,1,228,4,932,40,825
442,1,194,4,841,38,428
114,0,383,1,423,83,278
134,1,5120,34,463,952,736
379,1,326,5,402,57,861
400,1,366,4,790,65,617
443,1,219,4,831,40,888
170,1,1878,11,973,339,724
129,1,1116,8,165,202,125
401,1,220,4,827,41,095
334,1,559,5,996,96,316
125,0,1945,8,683,362,635
126,0,0,-1,000,0,000
91,0,522,1,396,109,334
380,1,492,6,650,88,702
485,1,585,7,324,105,722
402,1,235,4,815,41,495
100,0,912,3,215,173,508
444,1,473,6,358,85,272
115,1,729,7,680,132,052
486,1,199,4,940,39,160
403,1,223,4,933,42,401
335,1,457,5,762,86,559
135,1,829,7,251,151,514
445,1,221,4,934,43,354
327,1,1085,9,675,196,360
487,1,209,5,437,40,778
381,1,415,5,875,79,673
116,0,288,1,442,64,340
130,1,742,6,956,131,636
90,1,3839,24,348,681,788
404,1,224,4,721,41,063
446,1,222,4,933,43,362
382,1,214,4,835,41,385
488,1,235,4,824,43,848
127,0,764,1,200,149,153
405,1,215,4,936,41,354
92,1,798,6,844,130,107
336,1,432,6,263,82,862
447,1,213,5,436,41,354
328,1,442,5,867,88,874
383,1,237,4,929,44,226
489,1,239,4,723,41,457
406,1,216,4,835,41,644
117,0,526,2,895,102,155
91,1,5944,30,210,1045,219
448,1,232,4,930,41,198
136,1,735,7,572,132,275
384,1,214,4,822,39,125
337,0,383,0,423,78,977
338,0,0,-1,000,0,000
339,0,0,-2,000,0,000
340,0,0,-3,000,0,000
341,0,0,-4,000,0,000
342,0,0,-5,000,0,000
131,1,638,8,309,122,522
91,1,680,7,296,129,022
449,1,238,4,929,45,212
128,0,576,1,667,112,809
385,1,197,4,840,39,750
329,0,500,1,145,101,206
330,0,0,-1,000,0,000
331,0,0,-2,000,0,000
332,0,0,-3,000,0,000
343,0,334,-4,567,75,014
344,0,0,-1,000,0,000
345,0,0,-2,000,0,000
346,0,0,-3,000,0,000
347,0,0,-4,000,0,000
348,0,0,-5,000,0,000
407,1,537,5,839,101,857
450,1,230,4,931,42,475
386,1,205,4,939,40,648
90,1,2117,15,521,374,206
93,1,794,7,658,136,198
490,0,699,1,629,131,451
491,0,0,-1,000,0,000
492,0,0,-2,000,0,000
493,0,0,-3,000,0,000
494,0,0,-4,000,0,000
171,1,1963,12,603,366,942
387,1,197,4,941,39,968
92,1,687,7,794,130,126
408,1,219,4,934,43,755
451,1,225,4,933,44,227
118,1,723,7,783,136,873
137,1,660,7,802,128,436
333,1,440,3,251,80,059
101,1,1770,13,760,332,338
388,1,198,4,941,40,102
495,1,356,1,778,63,691
452,1,250,4,815,42,668
389,1,211,4,937,41,065
496,1,192,4,942,37,403
453,1,196,4,941,39,554
334,1,447,6,366,83,932
91,1,754,7,659,132,397
409,1,556,5,833,102,536
94,1,765,7,270,135,295
93,1,664,7,700,124,999
497,1,217,4,935,42,554
454,1,220,4,934,41,192
119,1,701,7,185,130,137
172,1,762,7,162,140,682
138,1,705,7,086,130,410
132,1,1323,7,484,236,863
410,1,209,4,937,40,673
349,0,1019,-0,704,197,404
350,0,0,-1,000,0,000
351,0,0,-2,000,0,000
352,0,0,-3,000,0,000
353,0,0,-4,000,0,000
354,0,0,-5,000,0,000
102,1,702,7,082,129,599
129,0,1316,6,032,245,158
455,1,213,4,936,40,881
498,1,253,4,924,46,500
411,1,206,4,938,40,702
390,0,582,0,384,119,719
391,0,0,-1,000,0,000
392,0,0,-2,000,0,000
335,1,533,5,840,92,220
456,1,217,4,935,43,754
393,1,225,2,932,43,193
355,1,485,1,355,92,805
95,1,687,7,794,130,397
457,1,229,4,728,43,290
92,1,809,8,554,150,842
173,1,663,6,801,127,798
120,1,682,7,795,129,881
394,1,201,4,940,40,954
499,1,498,5,851,77,118
94,1,776,7,157,137,447
336,1,450,5,865,87,207
103,1,678,7,797,129,953
458,1,202,4,939,40,489
412,1,570,6,329,96,956
92,1,2072,13,878,382,678
174,0,195,-0,539,48,053
175,0,0,-1,000,0,000
500,1,214,4,936,41,068
395,1,237,4,929,44,949
413,1,209,4,937,41,141
459,1,240,4,928,43,176
501,1,209,4,837,40,429
96,1,697,7,291,128,709
414,1,235,4,827,41,906
460,1,208,4,938,40,503
133,1,1243,10,027,224,293
415,0,97,-1,019,27,984
416,0,0,-1,000,0,000
417,0,0,-2,000,0,000
461,1,212,4,936,42,754
104,1,713,7,186,132,295
93,1,684,7,075,125,621
176,1,673,6,298,132,786
418,1,207,2,938,40,578
139,1,1598,9,838,284,367
396,1,731,5,524,111,850
462,1,201,4,840,41,293
419,1,205,4,939,40,169
140,0,237,0,453,54,562
141,0,0,-1,000,0,000
397,1,242,4,823,44,942
463,1,216,4,825,40,630
502,1,852,8,244,148,033
134,0,717,3,357,152,228
420,1,239,4,928,45,203
398,1,198,4,941,40,354
503,1,201,5,440,40,155
356,1,1633,11,510,301,540
94,1,661,7,302,126,545
421,1,206,4,938,40,213
130,0,2076,9,542,381,500
131,0,0,-1,000,0,000
177,1,725,7,656,134,332
399,1,201,4,940,39,754
93,0,1660,7,558,298,957
95,1,1655,13,504,303,027
504,1,224,4,830,40,698
400,1,213,4,836,42,105
105,1,1008,8,886,183,828
422,1,315,4,684,49,415
142,1,734,6,664,134,879
505,1,208,4,938,41,403
135,1,725,7,782,134,854
423,1,197,4,941,39,603
401,1,243,5,427,43,525
357,0,580,1,532,116,743
358,0,0,-1,000,0,000
359,0,0,-2,000,0,000
360,0,0,-3,000,0,000
361,0,0,-4,000,0,000
506,1,217,4,935,41,267
337,1,2108,13,868,383,130
424,1,214,4,936,42,748
402,1,210,4,937,40,754
178,1,739,7,173,140,386
96,1,684,7,692,124,928
507,1,251,4,814,46,631
425,1,199,4,837,38,777
403,1,208,4,938,40,854
362,1,446,2,164,84,541
143,1,668,7,800,130,370
338,1,418,6,375,81,367
426,1,185,4,945,36,407
106,0,840,3,230,174,289
107,0,0,-1,000,0,000
404,1,194,5,341,38,858
132,0,1188,3,644,230,280
133,0,0,-1,000,0,000
363,0,233,-0,154,54,736
364,0,0,-1,000,0,000
365,0,0,-2,000,0,000
366,0,0,-3,000,0,000
508,1,395,5,382,73,431
136,1,766,7,037,132,874
427,1,248,5,302,44,121
405,1,236,4,815,41,322
509,1,212,4,936,40,355
95,1,1580,12,118,279,191
428,1,190,4,843,37,676
97,1,757,7,773,140,410
339,1,497,6,351,91,138
94,1,1526,12,221,270,597
406,1,265,4,921,46,028
510,1,220,4,934,43,741
367,1,499,3,247,95,256
429,1,207,4,938,40,154
407,1,223,4,933,41,253
511,1,214,4,936,42,354
430,1,225,4,933,43,355
137,1,724,7,680,138,276
108,0,917,3,214,179,543
109,0,0,-1,000,0,000
408,1,205,4,939,40,998
512,1,213,4,936,42,154
368,1,456,6,863,87,405
409,1,209,4,937,40,875
98,1,698,6,678,128,503
513,1,203,4,939,40,378
121,0,3866,20,155,701,857
431,0,407,1,419,90,224
432,0,0,-1,000,0,000
433,0,0,-2,000,0,000
96,1,934,8,610,166,164
514,1,180,4,946,35,959
340,1,905,6,621,155,632
410,0,223,0,455,58,939
411,0,0,-1,000,0,000
412,0,0,-2,000,0,000
144,1,1478,11,227,269,487
434,1,220,2,934,41,787
99,0,356,0,322,68,971
100,0,0,-1,000,0,000
369,1,467,6,141,87,074
179,1,1883,13,233,344,198
515,1,216,4,935,41,036
97,1,3671,18,480,625,910
138,1,720,7,784,132,392
413,0,238,-1,748,60,562
414,0,0,-1,000,0,000
415,0,0,-2,000,0,000
134,1,1594,10,508,288,177
435,1,226,5,324,41,757
516,1,217,5,435,41,354
341,1,428,6,372,83,956
416,1,265,2,805,45,672
436,1,233,4,828,44,953
517,1,211,4,937,40,499
370,1,531,5,841,91,493
417,1,214,4,734,41,630
342,1,451,5,865,86,872
518,1,264,4,921,50,152
95,0,1812,7,428,336,047
180,1,776,6,831,133,883
371,0,286,0,443,67,330
372,0,0,-1,000,0,000
373,0,0,-2,000,0,000
374,0,0,-3,000,0,000
375,0,0,-4,000,0,000
376,0,0,-5,000,0,000
98,0,766,3,347,158,842
418,1,255,4,822,45,623
519,1,219,4,830,40,820
101,1,983,7,979,172,821
419,1,207,4,938,40,429
145,1,1261,10,622,237,762
520,1,201,4,940,39,754
135,1,1033,8,190,191,362
343,1,511,6,731,92,861
420,1,220,4,934,42,603
377,1,472,1,252,85,921
437,1,1043,8,987,186,280
421,0,286,0,343,65,792
422,0,0,-1,000,0,000
423,0,0,-2,000,0,000
181,1,746,7,073,139,986
438,1,213,5,436,41,707
102,1,747,7,559,134,406
424,1,267,2,799,45,678
136,1,690,6,793,128,901
378,1,608,5,718,107,970
439,1,243,4,927,45,147
464,1,4961,33,011,915,911
425,1,203,4,939,39,995
440,0,190,0,462,50,394
441,0,0,-1,000,0,000
442,0,0,-2,000,0,000
139,0,2084,9,668,397,315
140,0,0,-1,000,0,000
521,1,1047,8,186,181,908
426,1,210,4,937,41,066
465,1,260,4,922,46,781
379,0,381,0,924,88,609
380,0,0,-1,000,0,000
381,0,0,-2,000,0,000
382,0,0,-3,000,0,000
443,1,216,2,935,43,366
427,1,186,4,944,37,803
466,1,195,4,942,39,229
522,1,261,4,806,45,909
344,1,1262,8,888,222,842
444,1,210,4,937,41,803
137,1,699,7,486,129,527
467,1,211,4,937,40,803
428,1,265,5,201,45,411
97,0,3015,14,485,545,502
468,1,199,4,440,39,955
141,1,705,6,081,134,176
96,1,2156,14,153,388,142
429,1,285,4,915,44,404
345,1,468,6,260,90,013
383,1,729,4,281,137,109
523,1,559,5,832,100,123
469,1,215,4,936,40,593
384,0,93,-1,019,27,961
385,0,0,-1,000,0,000
386,0,0,-2,000,0,000
387,0,0,-3,000,0,000
388,0,0,-4,000,0,000
445,1,661,5,701,116,077
430,0,241,0,452,59,423
431,0,0,-1,000,0,000
432,0,0,-2,000,0,000
138,1,653,7,703,126,342
524,1,214,4,936,42,603
146,1,2159,16,852,403,223
470,1,221,4,934,43,402
433,1,214,2,936,41,661
346,1,466,6,260,87,058
182,1,1890,11,433,335,402
446,1,300,4,910,50,118
471,1,214,4,936,43,154
389,1,458,1,863,88,109
434,1,204,4,939,40,283
525,1,403,4,879,72,344
97,1,721,8,284,128,398
103,1,1948,14,416,342,572
447,1,188,4,944,37,955
472,1,224,4,933,44,203
98,0,942,3,712,179,807
435,1,222,4,933,43,554
526,1,241,4,818,44,273
448,1,227,5,132,43,324
347,0,587,2,883,126,100
348,0,0,-1,000,0,000
349,0,0,-2,000,0,000
350,0,0,-3,000,0,000
351,0,0,-4,000,0,000
352,0,0,-5,000,0,000
436,1,231,4,931,45,354
390,1,534,6,236,96,133
527,0,268,0,446,65,543
528,0,0,-1,000,0,000
529,0,0,-2,000,0,000
530,0,0,-3,000,0,000
531,0,0,-4,000,0,000
183,1,737,7,069,131,383
449,1,290,4,913,50,646
437,1,248,4,926,42,297
104,1,679,7,796,132,815
450,1,203,4,939,40,302
98,1,756,7,773,135,317
532,0,291,-3,558,68,223
533,0,0,-1,000,0,000
534,0,0,-2,000,0,000
535,0,0,-3,000,0,000
536,0,0,-4,000,0,000
142,1,1612,11,017,285,577
353,1,507,1,848,98,550
438,1,224,4,933,43,403
391,1,544,6,837,104,824
451,1,262,4,921,45,670
537,1,230,0,931,44,301
110,0,5296,24,029,982,076
111,0,0,-1,000,0,000
439,1,222,4,933,44,835
452,1,204,4,939,40,928
538,1,206,5,336,40,315
354,1,434,6,370,84,451
440,1,207,4,938,40,702
184,1,844,7,647,154,200
105,1,746,7,676,136,326
539,1,223,4,933,43,754
392,1,502,6,249,91,034
453,1,269,4,919,46,268
441,1,201,4,940,39,754
147,1,1926,15,508,365,104
540,1,204,4,939,40,602
454,1,215,4,936,41,831
442,1,203,4,839,40,393
541,1,223,4,933,43,056
355,1,571,6,329,101,709
99,1,1160,7,536,198,489
455,1,218,4,935,43,554
393,1,441,5,868,85,847
542,1,214,4,936,43,154
185,1,754,7,028,133,060
106,0,743,2,351,153,712
107,0,0,-1,000,0,000
543,1,184,4,945,37,154
394,1,415,6,375,81,355
356,1,480,6,356,90,658
544,1,231,5,431,42,645
100,1,693,7,792,127,887
112,1,1611,10,108,286,297
99,1,5506,34,247,986,387
143,1,1930,14,321,364,264
545,1,267,4,920,50,288
395,1,443,5,867,86,270
186,0,659,2,368,135,349
187,0,0,-1,000,0,000
188,0,0,-2,000,0,000
189,0,0,-3,000,0,000
357,1,440,6,868,84,484
108,1,711,6,787,127,591
546,1,203,4,939,40,554
144,0,280,-0,695,59,901
190,0,362,-2,572,80,265
191,0,0,-1,000,0,000
547,1,227,4,932,44,955
358,1,449,6,265,85,750
456,1,1337,12,599,244,565
396,1,529,5,841,95,308
113,1,702,7,188,131,795
548,1,239,5,313,41,090
457,1,191,5,443,37,354
192,0,331,-0,270,72,734
193,0,0,-1,000,0,000
443,1,1782,13,465,326,732
99,0,3393,18,502,589,668
549,1,210,4,937,40,471
458,1,208,4,938,41,867
444,1,223,4,816,40,404
145,1,702,6,380,130,303
397,1,432,6,870,85,043
359,1,535,6,339,104,371
194,0,330,-0,566,72,641
195,0,0,-1,000,0,000
550,1,212,4,936,41,486
473,0,3791,22,241,696,197
474,0,0,-1,000,0,000
475,0,0,-2,000,0,000
476,0,0,-3,000,0,000
477,0,0,-4,000,0,000
459,1,255,5,923,46,178
445,1,192,4,942,38,603
114,1,633,7,310,123,806
551,1,195,4,841,38,831
460,1,215,4,936,41,050
196,0,340,-0,789,73,099
197,0,0,-1,000,0,000
446,1,226,5,432,43,954
101,0,1576,5,847,267,136
398,1,458,6,252,86,062
139,1,4632,24,110,853,504
360,1,472,6,156,90,667
552,1,230,4,931,42,719
146,0,562,1,788,116,474
461,1,187,4,944,37,755
100,1,804,8,659,149,151
447,0,278,0,944,66,983
448,0,0,-1,000,0,000
449,0,0,-2,000,0,000
198,0,319,-0,675,71,274
199,0,0,-1,000,0,000
553,1,209,4,937,40,728
100,0,1851,8,405,331,936
462,1,229,4,931,44,379
109,1,1748,12,976,311,729
450,1,227,2,932,43,926
399,1,460,6,254,88,092
361,1,420,6,374,80,756
554,1,236,4,829,45,379
115,1,740,8,278,134,679
463,1,211,4,937,41,698
200,0,333,-0,668,73,566
201,0,0,-1,000,0,000
451,1,189,4,943,37,568
147,0,604,2,178,122,688
555,1,193,4,942,38,302
464,1,209,4,937,40,671
202,0,242,-1,213,48,011
140,1,886,8,734,158,469
452,1,273,4,794,43,682
400,1,469,6,251,88,636
362,1,466,6,649,86,422
465,1,260,4,602,44,798
453,1,210,4,937,41,061
203,0,302,0,339,70,329
204,0,0,-1,000,0,000
110,1,729,8,281,132,965
148,0,3818,18,535,722,953
149,0,0,-1,000,0,000
556,1,461,5,862,80,123
466,1,209,4,937,40,814
116,1,714,7,184,129,816
102,0,1270,4,640,219,515
454,1,211,4,937,41,123
467,0,105,-1,021,29,711
468,0,0,-1,000,0,000
469,0,0,-2,000,0,000
148,1,674,7,697,125,382
401,1,469,6,244,86,824
363,1,510,5,743,92,099
205,0,330,-0,566,67,322
206,0,0,-1,000,0,000
141,0,590,1,382,121,159
142,0,0,-1,000,0,000
470,1,209,2,937,40,419
455,0,233,-0,148,52,818
456,0,0,-1,000,0,000
457,0,0,-2,000,0,000
207,0,153,-1,142,42,199
208,0,0,-1,000,0,000
471,1,243,4,820,44,350
402,1,456,5,655,85,459
150,1,680,6,086,129,832
209,0,278,-0,556,66,636
210,0,0,-1,000,0,000
557,1,779,8,266,139,073
472,1,215,4,936,42,930
103,1,802,7,759,141,272
458,1,507,4,038,91,041
364,0,627,3,245,123,660
365,0,0,-1,000,0,000
366,0,0,-2,000,0,000
367,0,0,-3,000,0,000
149,1,741,8,169,131,842
211,0,335,-0,567,71,790
212,0,0,-1,000,0,000
558,1,278,4,917,49,897
143,1,781,6,266,140,157
403,1,455,6,363,89,891
459,1,245,5,426,44,018
473,1,323,4,903,63,213
559,1,183,4,945,36,954
460,1,208,4,938,40,842
474,1,232,4,930,44,875
213,0,326,-0,675,73,137
214,0,0,-1,000,0,000
101,0,2237,8,625,378,332
101,0,2436,12,286,433,934
111,1,1401,11,462,255,043
151,1,742,6,861,138,965
478,1,2949,17,615,529,409
368,0,600,-0,120,124,282
369,0,0,-1,000,0,000
370,0,0,-2,000,0,000
371,0,0,-3,000,0,000
560,1,293,5,412,49,315
123,0,937,4,084,188,743
475,1,215,4,936,44,373
461,1,287,4,914,51,448
479,1,226,4,830,40,917
104,1,839,8,648,152,005
561,1,181,4,946,36,954
404,1,663,7,195,121,234
476,1,212,4,936,41,026
462,1,213,5,436,42,950
480,1,210,4,835,41,897
562,1,213,5,436,42,016
477,1,192,4,942,38,207
463,1,189,4,943,37,354
102,1,676,7,692,128,130
112,1,701,7,190,129,794
481,1,252,4,924,46,754
563,1,197,4,941,39,754
102,1,752,7,774,131,050
478,1,216,4,823,39,779
464,1,221,5,434,43,354
215,1,886,7,979,157,005
405,1,478,5,857,90,278
482,1,207,4,938,40,683
564,1,221,4,826,40,170
479,1,211,4,937,40,428
150,0,1493,6,702,266,579
465,1,225,4,933,44,554
483,1,188,4,944,37,474
565,1,193,4,942,38,154
216,0,292,0,942,71,103
217,0,0,-1,000,0,000
480,1,221,4,824,42,744
466,1,205,4,939,40,911
566,1,199,4,940,39,754
406,1,503,6,233,93,169
481,1,199,4,940,39,727
113,0,749,3,350,146,871
114,0,0,-1,000,0,000
372,0,1347,4,120,251,260
373,0,0,-1,000,0,000
374,0,0,-2,000,0,000
375,0,0,-3,000,0,000
467,1,190,4,943,38,355
218,0,326,-0,565,75,808
219,0,0,-1,000,0,000
567,1,204,4,939,40,683
117,0,2888,16,814,537,167
118,0,0,-1,000,0,000
152,0,1546,8,691,280,215
153,0,0,-1,000,0,000
484,1,472,6,143,86,141
482,1,189,5,443,38,155
468,1,212,4,936,41,368
151,1,741,7,278,138,507
568,1,240,4,818,42,593
220,0,317,-0,563,73,548
221,0,0,-1,000,0,000
483,1,200,5,440,39,435
407,1,481,6,356,85,580
469,1,208,4,831,39,116
103,0,1174,5,265,227,572
485,1,329,5,401,52,391
376,1,482,3,539,86,792
569,1,213,4,936,41,354
484,1,232,5,318,41,998
470,1,199,4,940,39,754
222,0,332,-0,566,76,554
223,0,0,-1,000,0,000
486,1,214,4,834,41,218
154,0,616,-0,123,109,111
155,0,0,-1,000,0,000
115,0,785,2,343,160,765
116,0,0,-1,000,0,000
570,1,228,4,932,43,687
485,1,253,4,813,43,824
471,1,225,4,732,44,499
124,0,2168,10,566,388,297
487,1,262,4,921,47,217
152,1,673,7,688,127,526
377,1,512,6,242,91,849
224,0,322,-0,564,72,583
225,0,0,-1,000,0,000
571,1,231,4,931,44,403
105,1,2185,11,320,362,533
486,1,203,4,939,40,507
472,1,210,4,836,40,741
488,1,228,4,932,41,725
104,0,735,2,353,149,798
572,1,209,4,937,40,497
487,1,238,4,929,43,334
473,1,234,4,829,46,355
489,1,213,4,936,41,501
103,1,2212,15,336,387,846
378,1,447,6,366,86,404
117,1,751,6,775,139,962
156,0,836,2,833,168,195
157,0,0,-1,000,0,000
488,1,270,4,780,41,445
226,1,663,6,801,130,794
490,1,294,4,912,49,088
153,1,711,8,287,134,397
144,1,3549,20,232,650,832
489,1,211,4,825,40,101
106,1,745,6,660,130,152
474,1,509,6,347,87,057
125,1,956,9,213,170,796
379,1,489,6,353,92,782
491,1,328,5,902,61,628
490,1,223,4,825,41,769
475,1,203,4,939,40,003
491,1,190,4,943,38,355
573,1,989,10,203,181,323
492,1,219,4,834,41,796
476,1,221,4,827,41,081
227,1,659,7,696,126,986
118,1,799,7,155,139,502
574,1,205,4,939,40,814
477,1,187,4,944,37,902
492,1,234,5,430,44,719
493,1,218,4,832,41,753
154,1,751,6,669,139,920
380,1,548,5,836,92,398
107,1,703,7,681,131,736
408,0,2111,10,578,392,526
409,0,0,-1,000,0,000
410,0,0,-2,000,0,000
411,0,0,-3,000,0,000
145,1,750,7,775,144,785
478,1,200,4,940,39,954
575,1,229,4,931,42,801
493,1,230,4,821,41,764
158,1,1186,10,144,213,591
479,1,224,4,825,41,760
576,1,234,4,930,45,954
494,1,231,4,931,42,631
105,0,1737,7,153,316,314
381,1,462,6,361,86,966
494,1,538,6,339,91,464
126,1,1126,8,162,204,634
228,1,698,7,291,133,562
480,1,191,4,943,38,154
577,1,214,4,936,41,795
119,1,767,6,770,140,536
495,1,195,4,942,37,385
495,1,326,4,902,62,664
481,1,208,5,438,41,151
120,0,173,0,465,45,690
121,0,0,-1,000,0,000
578,1,189,4,943,37,959
146,1,822,6,638,145,161
496,1,210,4,937,42,227
104,1,1964,11,911,361,730
382,1,486,6,354,92,714
482,1,189,4,943,37,755
159,1,690,7,293,132,832
496,1,264,4,921,49,058
579,1,245,4,927,42,731
497,1,221,4,934,41,431
483,1,272,5,918,50,014
127,1,733,7,173,132,463
229,1,694,7,692,133,403
106,1,800,7,760,141,219
580,1,212,4,936,40,274
155,1,1292,11,113,240,578
497,1,277,4,917,49,857
498,1,208,4,938,41,954
484,1,228,4,932,44,568
160,0,501,1,900,108,200
161,0,0,-1,000,0,000
383,1,526,6,342,94,406
581,1,212,4,936,41,599
498,1,220,5,434,43,003
499,1,194,4,942,38,203
122,0,759,2,145,151,325
147,1,736,8,179,140,285
485,1,185,4,945,37,754
105,1,743,7,675,139,681
499,1,190,4,943,38,165
500,1,304,5,409,57,234
486,1,233,5,310,40,820
230,1,660,7,202,128,759
582,1,434,4,760,69,354
384,1,450,6,263,85,878
128,1,722,7,175,132,690
162,0,495,0,401,106,831
163,0,0,-1,000,0,000
500,1,271,4,784,42,805
156,1,734,6,473,133,283
501,1,194,4,942,37,803
583,1,214,4,936,41,188
487,1,238,4,819,44,228
501,1,208,4,938,40,995
123,1,653,7,804,123,684
231,0,304,-0,061,70,075
232,0,0,-1,000,0,000
412,1,2232,11,831,407,445
584,1,220,4,834,43,986
488,1,234,4,930,46,354
502,1,355,5,893,66,007
385,1,470,6,359,87,822
502,1,288,4,914,49,673
585,1,224,4,933,43,814
108,1,2565,14,419,451,134
489,1,249,4,818,46,301
503,1,260,4,922,47,131
157,0,680,3,364,146,307
158,0,0,-1,000,0,000
159,0,0,-2,000,0,000
129,1,725,7,544,127,243
503,1,225,4,933,41,122
413,1,436,5,869,85,255
586,1,205,4,939,40,671
386,1,452,6,245,84,087
490,1,256,5,423,43,578
504,1,242,4,811,41,832
504,1,210,4,937,41,946
414,0,291,0,442,68,623
415,0,0,-1,000,0,000
416,0,0,-2,000,0,000
417,0,0,-3,000,0,000
418,0,0,-4,000,0,000
419,0,0,-5,000,0,000
124,1,834,7,940,159,125
505,1,227,4,932,44,154
164,0,1156,4,269,232,581
165,0,0,-1,000,0,000
491,1,320,5,904,60,303
505,1,421,4,874,70,573
387,1,484,5,855,90,441
109,0,749,2,873,133,499
506,1,234,5,309,42,326
160,0,710,1,358,148,372
161,0,0,-1,000,0,000
162,0,0,-2,000,0,000
130,1,725,6,562,133,380
107,0,2256,12,049,419,329
108,0,0,-1,000,0,000
507,1,185,4,945,37,208
233,1,1336,9,992,251,598
506,1,226,4,815,41,784
106,1,1952,14,802,352,018
420,1,616,2,701,110,534
492,1,500,6,045,88,893
388,0,395,1,210,86,001
389,0,0,-1,000,0,000
390,0,0,-2,000,0,000
391,0,0,-3,000,0,000
508,1,208,4,938,42,354
507,1,208,4,938,40,515
131,0,356,1,429,82,679
166,1,664,6,301,129,752
421,0,292,0,442,71,424
422,0,0,-1,000,0,000
423,0,0,-2,000,0,000
424,0,0,-3,000,0,000
425,0,0,-4,000,0,000
426,0,0,-5,000,0,000
493,1,225,5,432,45,354
508,1,206,4,938,39,555
509,1,220,4,934,41,954
110,1,707,7,685,129,570
163,0,660,0,868,137,453
164,0,0,-1,000,0,000
165,0,0,-2,000,0,000
166,0,0,-3,000,0,000
234,0,524,1,895,112,631
235,0,0,-1,000,0,000
236,0,0,-2,000,0,000
237,0,0,-3,000,0,000
494,1,208,4,838,41,172
392,1,440,3,259,81,625
509,1,212,5,436,41,649
510,1,226,4,932,42,696
109,1,710,7,167,127,278
495,1,225,4,933,43,568
427,1,444,1,367,86,997
510,1,184,4,945,37,154
107,1,755,7,858,134,731
511,1,210,4,937,40,744
167,1,648,7,806,126,654
125,1,1433,12,070,261,136
511,1,205,4,939,40,395
393,1,443,6,260,82,665
238,0,595,-0,619,117,859
239,0,0,-1,000,0,000
240,0,0,-2,000,0,000
241,0,0,-3,000,0,000
512,1,313,4,906,60,454
111,1,703,7,789,134,894
428,1,403,6,379,80,555
587,1,2057,15,383,371,469
513,1,190,4,943,37,803
429,0,159,-1,032,42,134
430,0,0,-1,000,0,000
431,0,0,-2,000,0,000
432,0,0,-3,000,0,000
433,0,0,-4,000,0,000
434,0,0,-5,000,0,000
394,1,423,6,373,82,303
108,1,681,7,196,127,676
110,0,826,2,335,168,558
496,1,747,7,776,134,100
514,1,204,4,939,40,690
132,1,1353,11,594,249,375
126,1,776,7,267,147,659
588,1,426,6,372,82,934
497,1,189,5,443,38,154
119,1,7651,49,102,1412,857
148,1,3683,25,395,683,842
515,1,246,4,926,45,577
242,0,712,-0,142,133,901
243,0,0,-1,000,0,000
244,0,0,-2,000,0,000
245,0,0,-3,000,0,000
512,1,845,8,545,157,039
435,1,504,0,849,91,047
589,1,232,4,813,40,593
436,0,93,-1,019,28,932
437,0,0,-1,000,0,000
438,0,0,-2,000,0,000
439,0,0,-3,000,0,000
440,0,0,-4,000,0,000
498,1,241,4,928,41,245
516,1,207,4,938,41,061
112,0,824,3,335,164,076
590,1,217,4,935,43,069
517,1,200,4,940,40,310
109,1,741,7,066,133,226
111,1,742,6,777,131,866
133,1,694,7,292,130,971
499,0,335,0,933,72,686
500,0,0,-1,000,0,000
501,0,0,-2,000,0,000
513,1,475,6,857,87,227
591,1,235,4,930,42,298
167,0,1910,8,118,380,047
168,0,0,-1,000,0,000
169,0,0,-2,000,0,000
518,1,214,4,834,41,139
441,1,500,1,719,88,334
127,1,770,7,040,134,094
514,1,191,4,840,38,465
502,1,219,2,934,42,254
592,1,220,4,934,42,756
519,1,225,4,831,41,313
503,1,203,4,939,39,870
515,1,212,5,436,41,206
113,1,738,7,279,134,219
395,1,1312,11,006,243,547
168,1,1936,14,086,357,314
149,1,1080,7,176,197,686
593,1,224,4,933,44,844
516,1,213,4,936,41,191
442,1,499,6,350,93,303
120,0,1231,4,754,242,923
246,1,1174,7,148,215,300
170,1,655,5,803,126,303
594,1,260,4,922,46,920
110,0,878,3,623,170,746
114,0,365,1,427,81,764
517,1,229,5,322,40,508
504,1,476,6,857,88,603
520,0,557,1,134,113,031
521,0,0,-1,000,0,000
522,0,0,-2,000,0,000
523,0,0,-3,000,0,000
524,0,0,-4,000,0,000
396,1,511,5,435,93,794
128,1,839,7,119,148,587
595,1,225,4,933,43,128
247,0,381,0,924,85,653
248,0,0,-1,000,0,000
249,0,0,-2,000,0,000
250,0,0,-3,000,0,000
525,1,184,0,945,36,745
518,1,219,4,828,40,943
505,1,196,4,941,38,235
443,1,489,6,353,89,294
596,1,197,5,441,39,084
150,1,750,7,775,140,820
526,1,210,5,437,40,860
519,1,218,4,935,41,403
506,1,323,5,903,61,414
597,1,216,5,435,41,033
397,1,433,6,370,83,716
444,1,425,6,872,85,354
527,0,300,-0,718,61,963
528,0,0,-1,000,0,000
529,0,0,-2,000,0,000
530,0,0,-3,000,0,000
531,0,0,-4,000,0,000
520,1,289,4,913,47,836
507,1,191,4,943,37,754
169,1,1169,8,009,206,470
129,1,697,6,791,131,104
598,1,332,5,400,60,791
508,1,193,5,442,38,554
532,1,207,0,938,40,649
111,0,1077,4,285,211,388
599,1,199,5,339,39,741
521,1,395,5,881,68,836
445,1,433,6,370,84,554
509,1,227,4,932,43,979
533,1,231,4,931,44,381
151,1,867,7,123,143,888
522,1,213,4,936,41,355
510,1,215,4,936,41,017
112,1,2315,12,806,415,122
600,0,300,0,940,67,463
601,0,0,-1,000,0,000
602,0,0,-2,000,0,000
603,0,0,-3,000,0,000
604,0,0,-4,000,0,000
398,1,859,8,742,156,679
534,1,259,4,922,45,774
170,1,630,7,311,123,670
115,1,1511,12,547,276,940
523,1,219,4,934,44,155
535,1,205,4,939,41,936
605,1,255,0,924,47,190
112,0,679,2,864,140,695
152,0,487,1,800,105,869
153,0,0,-1,000,0,000
536,1,188,4,944,38,354
606,1,206,4,938,40,679
399,1,493,6,240,90,309
511,1,573,6,828,102,414
524,1,402,4,879,64,632
537,1,179,4,946,36,554
113,1,655,7,803,125,198
607,1,194,4,942,37,554
251,1,1913,8,926,361,109
121,0,2333,11,033,444,940
512,1,209,4,937,40,530
116,1,705,6,788,133,385
134,1,3111,23,066,555,621
538,1,209,4,937,41,963
608,1,224,4,933,43,154
171,1,832,8,750,155,571
513,1,203,4,939,40,154
525,1,421,4,874,81,551
400,1,465,6,251,87,047
539,1,231,4,826,42,722
113,1,775,7,767,142,581
609,1,230,4,825,40,618
526,1,218,4,833,41,334
446,0,1495,8,201,296,998
447,0,0,-1,000,0,000
448,0,0,-2,000,0,000
449,0,0,-3,000,0,000
450,0,0,-4,000,0,000
451,0,0,-5,000,0,000
540,1,207,4,938,40,303
154,1,915,7,225,176,666
514,1,322,4,797,58,178
130,1,1901,14,328,354,475
114,1,705,7,688,124,170
610,1,308,4,768,49,255
114,0,347,-0,228,62,703
541,1,189,5,443,37,365
527,1,255,4,924,45,717
515,1,191,4,943,38,403
252,1,754,7,031,134,415
135,1,675,7,797,129,918
172,1,651,7,805,127,754
401,0,611,2,662,124,423
402,0,0,-1,000,0,000
403,0,0,-2,000,0,000
404,0,0,-3,000,0,000
611,1,232,4,826,44,615
542,1,206,4,938,40,883
122,1,942,8,717,179,064
528,1,228,4,823,42,406
516,1,212,4,936,40,737
529,1,210,4,837,41,161
543,1,285,4,915,49,452
612,1,299,4,910,57,506
517,1,390,4,883,68,686
155,1,810,7,547,145,912
115,1,741,7,566,128,247
253,1,653,7,804,129,474
136,1,649,7,305,124,101
530,1,266,4,792,45,011
117,0,1441,5,091,267,749
115,1,800,6,651,148,500
544,0,344,0,931,76,934
545,0,0,-1,000,0,000
546,0,0,-2,000,0,000
547,0,0,-3,000,0,000
548,0,0,-4,000,0,000
131,1,1022,10,193,187,227
531,1,212,4,936,42,351
532,1,225,4,933,42,123
156,1,638,7,707,126,583
533,1,206,4,938,40,733
549,0,671,-2,134,132,556
550,0,0,-1,000,0,000
551,0,0,-2,000,0,000
552,0,0,-3,000,0,000
553,0,0,-4,000,0,000
254,1,815,7,255,157,626
116,1,722,7,783,135,911
452,1,1765,10,971,340,076
534,1,214,4,830,40,820
132,0,748,2,850,154,128
133,0,0,-1,000,0,000
173,1,1597,11,980,295,061
518,1,1118,9,665,204,947
535,1,274,4,918,51,289
137,1,1166,10,050,211,451
116,0,1246,4,751,228,385
519,1,212,5,436,42,354
536,1,195,4,942,38,608
453,1,505,5,748,90,502
157,0,782,3,844,157,244
158,0,0,-1,000,0,000
520,0,208,-0,542,49,237
521,0,0,-1,000,0,000
522,0,0,-2,000,0,000
255,1,742,6,668,136,539
537,1,209,4,937,40,551
117,1,791,6,655,149,981
454,0,305,-0,061,68,577
455,0,0,-1,000,0,000
456,0,0,-2,000,0,000
457,0,0,-3,000,0,000
458,0,0,-4,000,0,000
459,0,0,-5,000,0,000
523,1,196,3,441,38,139
174,1,707,7,179,133,300
538,1,203,4,939,40,255
524,1,218,4,935,43,834
539,1,243,4,821,43,706
460,0,423,-3,585,94,594
461,0,0,-1,000,0,000
462,0,0,-2,000,0,000
463,0,0,-3,000,0,000
464,0,0,-4,000,0,000
465,0,0,-5,000,0,000
118,0,498,1,791,97,676
613,1,2298,16,376,406,435
554,1,1361,7,592,254,689
540,1,189,4,943,37,754
256,1,724,7,283,139,768
614,1,201,4,940,40,405
405,1,2879,16,327,498,443
555,1,198,5,441,39,767
541,1,205,4,427,39,756
138,1,1256,10,623,223,287
525,1,532,5,840,93,353
117,1,1279,10,616,223,974
134,1,1571,9,920,279,304
466,1,457,1,863,84,423
556,1,191,4,943,37,533
615,1,314,5,406,59,052
526,1,202,5,439,40,730
118,0,2651,11,551,477,557
406,1,409,6,377,81,606
557,1,203,4,939,38,954
616,1,214,4,936,41,436
119,1,779,7,766,143,105
527,1,301,4,494,52,871
135,0,389,0,922,86,138
136,0,0,-1,000,0,000
558,1,184,4,945,37,554
467,1,413,5,771,80,643
257,1,707,7,683,136,975
407,0,307,0,319,68,591
408,0,0,-1,000,0,000
409,0,0,-2,000,0,000
410,0,0,-3,000,0,000
139,1,663,7,801,125,054
559,1,221,4,934,42,572
617,1,335,4,899,63,649
528,1,238,4,713,43,018
171,1,6912,38,426,1299,837
560,1,184,4,945,37,154
468,1,461,6,762,88,142
119,1,721,7,284,131,353
529,1,285,4,915,51,510
618,1,307,4,908,61,722
561,1,220,4,934,42,603
123,1,4077,26,972,747,174
530,1,190,4,943,38,128
258,1,720,6,784,133,316
137,1,780,6,266,141,303
562,1,206,4,938,41,231
140,1,694,7,692,132,504
619,1,344,4,897,61,796
411,1,786,5,164,142,621
469,1,425,6,256,81,981
531,1,218,4,935,42,959
172,1,661,7,302,130,061
563,1,215,4,936,42,130
620,1,210,4,937,39,554
532,1,226,4,932,42,964
564,1,216,4,935,41,694
621,1,213,5,436,43,354
533,1,206,4,838,40,426
412,1,490,5,749,91,415
124,1,745,7,676,135,634
565,1,195,4,842,38,109
138,0,702,1,210,134,398
139,0,0,-1,000,0,000
259,1,711,7,080,131,717
141,1,668,8,199,127,913
622,1,230,4,931,46,752
534,1,343,5,188,62,967
173,1,730,8,781,142,899
623,1,252,5,305,43,835
413,0,410,1,418,91,225
414,0,0,-1,000,0,000
415,0,0,-2,000,0,000
416,0,0,-3,000,0,000
417,0,0,-4,000,0,000
418,0,0,-5,000,0,000
566,1,410,5,377,79,961
535,1,185,4,945,37,203
260,0,476,1,405,101,212
261,0,0,-1,000,0,000
159,1,3543,23,119,646,596
624,1,201,4,940,39,603
567,1,194,4,942,37,403
536,1,187,5,444,36,955
142,0,632,1,774,124,419
625,1,222,4,832,42,296
262,0,308,-0,562,70,681
263,0,0,-1,000,0,000
537,1,201,4,940,40,382
174,1,670,7,695,126,951
470,1,1502,10,844,284,384
140,1,949,7,715,173,936
626,1,239,4,808,41,457
125,1,1036,8,189,181,921
568,1,394,5,882,75,063
538,1,225,4,829,41,463
264,0,370,-0,574,80,404
265,0,0,-1,000,0,000
627,1,194,4,942,38,354
160,1,726,7,174,132,230
539,1,223,4,933,40,866
569,1,264,4,921,48,802
143,0,666,2,048,133,067
628,0,164,-0,533,42,565
629,0,0,-1,000,0,000
630,0,0,-2,000,0,000
631,0,0,-3,000,0,000
632,0,0,-4,000,0,000
120,0,2888,10,922,544,155
471,1,473,6,858,92,684
540,1,202,4,939,40,341
570,1,265,4,821,47,467
266,0,370,-0,074,77,155
267,0,0,-1,000,0,000
633,1,302,0,770,45,944
141,1,686,7,294,129,357
541,1,234,4,714,42,930
126,1,704,6,987,130,422
571,1,178,4,947,36,354
175,0,827,0,706,158,398
542,1,3797,27,860,693,893
634,1,210,4,937,40,909
268,0,386,-0,577,80,036
269,0,0,-1,000,0,000
572,1,231,4,819,41,030
472,1,525,5,723,94,339
161,1,734,7,171,138,415
543,1,187,5,444,36,555
635,1,210,4,937,42,752
