Episode,Success,Steps,Reward,PathDistance
0,0,118,-0.02359997,31.63165
0,0,122,-0.02439997,32.66763
0,0,127,-0.02539997,32.57862
1,0,0,0,0
1,0,0,0,0
1,0,0,0,0
1,0,0,0,0
0,0,153,-0.03059996,34.40122
0,0,158,-0.03159996,33.99171
1,0,0,0,0
1,0,0,0,0
1,0,0,0,0
1,0,0,0,0
0,0,166,-0.03319996,37.81644
1,0,0,0,0
1,0,0,0,0
1,0,0,0,0
0,0,171,-0.03419996,36.64663
0,0,175,-0.03499996,39.08288
0,0,195,-0.1564001,38.06116
1,0,114,-0.02279998,31.65657
0,0,239,-0.04779993,43.13301
1,0,0,0,0
1,0,0,0,0
0,0,280,0.4439996,47.54747
1,0,0,0,0
0,0,280,0.4439998,50.30671
1,0,0,0,0
1,0,0,0,0
1,0,0,0,0
1,0,131,-0.02619997,34.75031
0,0,295,0.4409994,46.6888
1,0,130,-0.02599997,32.24791
1,0,194,-4.03876,39.82269
2,0,0,0,0
2,0,0,0,0
2,0,0,0,0
2,0,0,0,0
1,0,170,-4.033965,36.18275
2,0,0,0,0
2,0,0,0,0
2,0,0,0,0
2,0,0,0,0
0,0,343,0.4313995,55.72012
1,0,0,0,0
0,0,348,0.9304041,58.7703
1,0,0,0,0
1,0,0,0,0
1,0,166,-0.03319996,34.67637
2,0,0,0,0
1,0,142,-2.028405,35.49043
2,0,0,0,0
2,0,0,0,0
0,0,402,0.4195994,57.88488
1,0,0,0,0
1,0,144,-3.028805,34.55815
2,0,0,0,0
2,0,0,0,0
2,0,0,0,0
1,0,269,-3.053809,46.12675
2,0,0,0,0
2,0,0,0,0
2,0,0,0,0
2,0,151,-0.03019996,31.97781
2,0,139,-0.02779997,32.98421
2,0,208,-0.04159994,39.76339
1,0,154,-0.03079996,34.75833
2,0,129,-4.025774,32.13442
3,0,0,0,0
3,0,0,0,0
3,0,0,0,0
3,0,0,0,0
1,0,115,-1.023004,32.1241
1,0,153,-2.030605,35.26917
2,0,0,0,0
2,0,0,0,0
2,0,140,-1.028005,32.25454
2,0,132,-2.026404,33.90486
3,0,0,0,0
3,0,0,0,0
2,0,203,-4.040558,40.9996
3,0,0,0,0
3,0,0,0,0
3,0,0,0,0
3,0,0,0,0
3,0,119,-0.02379997,31.2312
2,0,146,-3.029205,34.75162
3,0,0,0,0
3,0,0,0,0
3,0,0,0,0
3,0,0,0,0
3,0,0,0,0
1,0,330,-0.5659996,53.08535
3,0,174,-0.03479996,34.44518
1,0,220,-1.044007,39.65364
2,0,179,-0.03579995,34.39882
3,0,201,0.4597997,42.19292
2,0,153,-2.030605,33.0946
3,0,0,0,0
3,0,0,0,0
1,0,577,1.384599,78.73415
3,0,183,-2.036606,38.0975
4,0,0,0,0
4,0,0,0,0
3,0,209,-0.2664003,38.70767
4,0,0,0,0
1,0,544,0.8912033,72.98965
2,0,0,0,0
3,0,188,-4.037561,37.82282
4,0,0,0,0
4,0,0,0,0
4,0,0,0,0
4,0,0,0,0
3,0,303,-3.560556,46.98524
4,0,0,0,0
4,0,0,0,0
4,0,0,0,0
4,0,0,0,0
3,0,187,-5.037362,36.15094
4,0,0,0,0
4,0,0,0,0
4,0,0,0,0
2,0,313,0.4373995,50.13816
4,0,132,-0.02639997,32.4169
2,0,176,-0.03519996,34.40319
3,0,0,0,0
3,0,0,0,0
3,0,145,-2.029005,33.71391
4,0,0,0,0
4,0,0,0,0
2,0,384,-2.076813,56.18897
3,0,0,0,0
3,0,0,0,0
3,0,0,0,0
3,0,0,0,0
2,0,205,-0.04099995,35.45856
2,0,114,-1.022804,30.94295
4,0,142,-2.028405,35.20082
5,0,0,0,0
5,0,0,0,0
3,0,207,-0.04139994,43.2545
4,0,0,0,0
2,0,182,-0.03639995,38.35115
4,0,141,-4.028171,32.56529
5,0,0,0,0
5,0,0,0,0
5,0,0,0,0
5,0,0,0,0
4,0,183,-4.036562,36.01007
5,0,0,0,0
5,0,0,0,0
5,0,0,0,0
5,0,0,0,0
4,0,204,-1.163006,39.48408
5,0,0,0,0
4,0,124,-2.024804,31.36005
5,0,0,0,0
5,0,0,0,0
3,0,161,-0.03219996,35.16418
4,0,312,0.4375998,47.38881
5,0,0,0,0
4,0,381,0.9238021,60.1484
4,0,191,-3.038206,37.76282
5,0,0,0,0
5,0,0,0,0
5,0,0,0,0
5,0,0,0,0
5,0,0,0,0
3,0,132,-4.026373,34.10718
4,0,0,0,0
4,0,0,0,0
4,0,0,0,0
4,0,0,0,0
4,0,0,0,0
3,0,126,-0.02519997,31.45467
3,0,181,-2.036206,36.97227
4,0,0,0,0
4,0,0,0,0
4,0,145,-1.029005,34.01205
5,0,214,0.4571998,40.1776
5,0,163,-2.032605,33.66608
6,0,0,0,0
6,0,0,0,0
3,0,177,-0.03539995,36.19627
5,0,142,-4.028371,32.29837
6,0,0,0,0
6,0,0,0,0
6,0,0,0,0
6,0,0,0,0
4,0,125,-0.02499997,32.51165
5,0,129,-1.025804,33.69226
3,0,182,-0.03639995,38.48902
5,0,159,-4.031767,34.9409
6,0,0,0,0
6,0,0,0,0
6,0,0,0,0
6,0,0,0,0
5,0,129,-5.025774,31.82954
6,0,0,0,0
6,0,0,0,0
6,0,0,0,0
6,0,0,0,0
6,0,0,0,0
4,0,126,-2.025204,31.9886
5,0,165,-0.03299996,36.63378
5,0,189,-1.037806,34.22617
6,0,0,0,0
4,0,168,-5.033566,38.33264
5,0,0,0,0
5,0,0,0,0
5,0,0,0,0
5,0,0,0,0
5,0,0,0,0
5,0,162,-0.03239996,37.20744
6,0,121,-4.024175,32.82565
7,0,0,0,0
7,0,0,0,0
7,0,0,0,0
7,0,0,0,0
4,0,214,-0.04279994,42.7848
5,0,0,0,0
5,0,0,0,0
5,0,0,0,0
4,0,181,-0.03619995,38.16094
5,0,313,-2.06261,51.10738
6,0,0,0,0
6,0,0,0,0
6,0,161,-5.032167,32.16929
7,0,0,0,0
7,0,0,0,0
7,0,0,0,0
6,0,239,-2.047808,43.62096
7,0,0,0,0
7,0,0,0,0
4,0,200,-0.03999995,39.94603
6,0,194,-1.150806,37.59727
7,0,0,0,0
7,0,150,-4.029969,33.55307
8,0,0,0,0
8,0,0,0,0
8,0,0,0,0
8,0,0,0,0
5,0,142,-3.028405,32.07927
6,0,0,0,0
6,0,0,0,0
6,0,250,-3.54997,45.22716
7,0,0,0,0
7,0,0,0,0
7,0,0,0,0
7,0,0,0,0
6,0,258,0.4483999,44.69175
7,0,0,0,0
5,0,222,-5.044354,40.43478
6,0,0,0,0
6,0,0,0,0
6,0,0,0,0
5,0,162,-0.03239996,33.0681
5,0,258,0.4483997,43.97258
6,0,0,0,0
5,0,308,0.9384026,49.7468
6,0,257,-0.05139993,42.16207
7,0,178,-3.035606,38.19862
8,0,0,0,0
8,0,0,0,0
8,0,0,0,0
8,0,0,0,0
8,0,0,0,0
7,0,114,-4.022777,31.95979
8,0,0,0,0
8,0,0,0,0
8,0,0,0,0
8,0,0,0,0
5,0,179,-0.03579995,37.33896
7,0,201,-2.040207,38.58101
8,0,0,0,0
8,0,0,0,0
6,0,139,-2.027805,32.93016
6,0,392,0.9216045,59.76888
6,0,146,-0.02919997,32.40389
6,0,165,-0.03299996,35.92461
7,0,233,-1.152008,42.82809
8,0,0,0,0
8,0,126,-5.025174,32.67002
9,0,0,0,0
9,0,0,0,0
9,0,0,0,0
9,0,0,0,0
9,0,0,0,0
8,0,118,-4.023576,31.16835
9,0,0,0,0
9,0,0,0,0
9,0,0,0,0
9,0,0,0,0
7,0,139,-0.02779997,33.31501
6,0,209,-3.041807,40.41337
7,0,0,0,0
7,0,0,0,0
7,0,0,0,0
7,0,0,0,0
7,0,0,0,0
6,0,213,-0.5426033,40.9124
7,0,0,0,0
6,0,141,-0.02819997,32.04288
6,0,602,2.379596,74.866
6,0,378,-1.575613,58.68063
7,0,0,0,0
7,0,0,0,0
7,0,180,-0.03599995,38.37792
7,0,111,-5.022177,31.46022
8,0,0,0,0
8,0,0,0,0
8,0,0,0,0
8,0,0,0,0
8,0,0,0,0
8,0,136,-0.02719997,31.19963
7,0,196,-0.03919995,37.80405
8,0,392,-3.578362,56.84605
9,0,0,0,0
9,0,0,0,0
9,0,0,0,0
9,0,0,0,0
7,0,211,0.4577998,43.87288
9,0,162,-4.032367,33.3558
10,0,0,0,0
10,0,0,0,0
10,0,0,0,0
10,0,0,0,0
9,0,164,-5.032766,35.49273
10,0,0,0,0
10,0,0,0,0
10,0,0,0,0
10,0,0,0,0
10,0,0,0,0
7,0,414,-0.5828024,59.90173
8,0,0,0,0
8,0,112,-0.02239998,31.88758
7,0,237,-0.04739993,40.76007
7,0,191,-0.03819995,37.02815
8,0,129,-5.025774,32.70825
9,0,0,0,0
9,0,0,0,0
9,0,0,0,0
8,0,271,-1.054209,45.04417
9,0,0,0,0
7,0,241,-0.5482029,42.02842
7,0,195,-2.039006,39.62915
8,0,0,0,0
8,0,0,0,0
10,0,143,-5.028571,31.4559
11,0,0,0,0
11,0,0,0,0
11,0,0,0,0
10,0,152,-4.030369,34.65551
11,0,0,0,0
11,0,0,0,0
11,0,0,0,0
11,0,0,0,0
8,0,136,-1.027205,33.02166
8,0,182,-0.03639995,35.5964
9,0,206,-0.04119994,37.34762
7,0,312,0.4375995,49.04706
8,0,150,-0.02999996,36.76001
8,0,224,-0.04479994,38.99749
9,0,124,-1.024804,31.66101
9,0,232,-3.546366,44.8145
10,0,0,0,0
10,0,0,0,0
10,0,0,0,0
10,0,0,0,0
8,0,496,-1.099216,69.5891
9,0,0,0,0
9,0,0,0,0
8,0,135,-2.027004,33.8353
9,0,0,0,0
9,0,0,0,0
9,0,158,-3.031605,36.46439
10,0,0,0,0
10,0,0,0,0
10,0,0,0,0
10,0,0,0,0
10,0,0,0,0
11,0,117,-3.023404,31.95203
12,0,0,0,0
12,0,0,0,0
12,0,0,0,0
9,0,237,-0.04739993,43.72416
10,0,0,0,0
10,0,0,0,0
10,0,0,0,0
9,0,128,-0.02559997,31.98072
8,0,152,-0.03039996,34.28003
10,0,134,-0.02679997,33.55372
10,0,173,-0.03459996,35.90626
9,0,166,-0.03319996,36.92066
8,0,276,0.4447995,48.37158
9,0,0,0,0
12,0,115,-3.023004,30.62092
13,0,0,0,0
13,0,0,0,0
13,0,0,0,0
10,0,156,-4.031168,35.74106
11,0,0,0,0
11,0,0,0,0
11,0,0,0,0
11,0,0,0,0
9,0,156,-2.031205,35.29863
10,0,0,0,0
10,0,0,0,0
10,0,148,-5.02957,34.97069
11,0,0,0,0
11,0,0,0,0
11,0,0,0,0
11,0,0,0,0
11,0,0,0,0
9,0,204,-0.04079995,38.68341
11,0,264,-3.552778,46.72898
12,0,0,0,0
12,0,0,0,0
12,0,0,0,0
12,0,0,0,0
10,0,154,-3.030805,35.31867
11,0,0,0,0
11,0,0,0,0
9,0,203,-2.040607,40.16354
10,0,0,0,0
10,0,0,0,0
11,0,117,-0.02339998,31.89053
9,0,296,0.4407995,52.45445
9,0,145,-0.02899997,35.23369
9,0,116,-1.023204,33.5478
10,0,0,0,0
11,0,153,-4.030569,35.81976
12,0,0,0,0
12,0,0,0,0
12,0,0,0,0
12,0,0,0,0
10,0,122,-0.02439997,31.9526
10,0,154,-2.030805,34.39215
11,0,0,0,0
11,0,0,0,0
11,0,192,-0.2498003,38.50163
12,0,0,0,0
11,0,161,-5.032167,34.15439
12,0,0,0,0
12,0,0,0,0
12,0,0,0,0
12,0,0,0,0
12,0,0,0,0
12,0,147,-4.02937,33.0933
13,0,0,0,0
13,0,0,0,0
13,0,0,0,0
13,0,0,0,0
11,0,145,-2.029005,34.73657
12,0,0,0,0
12,0,0,0,0
8,0,512,0.8976041,68.35903
10,0,157,-2.031405,37.13974
11,0,0,0,0
11,0,0,0,0
13,0,229,-3.045808,40.9711
14,0,0,0,0
14,0,0,0,0
14,0,0,0,0
14,0,0,0,0
14,0,0,0,0
10,0,325,0.4349998,49.27113
11,0,0,0,0
12,0,142,-0.02839997,33.38279
10,0,146,-0.02919997,33.41455
10,0,146,-1.029205,34.24648
11,0,0,0,0
11,0,0,0,0
10,0,177,-0.03539995,36.72187
13,0,115,-4.022976,31.65934
14,0,0,0,0
14,0,0,0,0
14,0,0,0,0
14,0,0,0,0
12,0,144,-1.028805,32.75896
11,0,167,-0.03339996,36.52288
12,0,171,-4.034165,34.67144
13,0,0,0,0
13,0,0,0,0
13,0,0,0,0
13,0,0,0,0
12,0,180,-5.035963,35.84885
13,0,0,0,0
13,0,0,0,0
13,0,0,0,0
12,0,162,-2.032405,36.36715
13,0,0,0,0
13,0,0,0,0
11,0,135,-2.027004,32.32181
12,0,0,0,0
12,0,0,0,0
10,0,393,0.9214028,61.94282
11,0,148,-0.02959996,34.24821
11,0,261,-1.552209,48.61981
12,0,0,0,0
12,0,0,0,0
13,0,192,-0.03839995,36.71301
13,0,133,-4.026573,31.666
14,0,0,0,0
14,0,0,0,0
14,0,0,0,0
14,0,0,0,0
12,0,137,-0.02739997,34.21594
12,0,114,-2.022804,32.75126
13,0,0,0,0
13,0,0,0,0
11,0,242,-1.048408,43.1968
12,0,0,0,0
11,0,222,-1.544407,44.94085
12,0,0,0,0
14,0,191,-4.038161,36.12717
15,0,0,0,0
15,0,0,0,0
15,0,0,0,0
15,0,0,0,0
9,0,292,0.4415995,45.79254
13,0,156,-3.031205,37.25407
14,0,0,0,0
14,0,0,0,0
14,0,0,0,0
14,0,0,0,0
12,0,124,-0.02479997,32.83628
11,0,193,-0.03859995,40.12789
14,0,153,-0.03059996,36.58952
14,0,373,-4.574523,58.02309
15,0,0,0,0
15,0,0,0,0
15,0,0,0,0
13,0,152,-0.03039996,35.25356
13,0,273,-1.554609,47.40417
15,0,137,-4.027372,31.57031
14,0,0,0,0
14,0,0,0,0
16,0,0,0,0
16,0,0,0,0
16,0,0,0,0
16,0,0,0,0
14,0,0,0,0
12,0,150,-1.030005,31.8325
11,0,349,0.4301993,54.49659
13,0,162,-2.032405,33.56623
14,0,0,0,0
14,0,0,0,0
10,0,137,-0.02739997,32.52838
14,0,138,-4.027572,33.7867
15,0,0,0,0
15,0,0,0,0
15,0,0,0,0
15,0,0,0,0
15,0,0,0,0
12,0,180,-1.036006,37.28782
13,0,0,0,0
13,0,166,-0.03319996,35.93229
14,0,129,-0.02579997,32.5453
12,0,337,-1.067411,55.89054
13,0,0,0,0
13,0,0,0,0
14,0,138,-3.027605,31.13456
15,0,0,0,0
15,0,0,0,0
11,0,166,-0.03319996,34.81018
16,0,205,-3.540975,41.46431
17,0,0,0,0
17,0,0,0,0
17,0,0,0,0
17,0,0,0,0
13,0,522,0.3955992,71.68985
14,0,0,0,0
14,0,164,-0.03279996,33.25906
13,0,219,-0.543803,41.3873
14,0,0,0,0
14,0,423,-3.584573,65.5
15,0,0,0,0
15,0,0,0,0
15,0,0,0,0
15,0,0,0,0
12,0,325,0.4349993,55.30685
15,0,310,-2.56201,51.71872
16,0,0,0,0
16,0,0,0,0
16,0,0,0,0
16,0,0,0,0
16,0,0,0,0
13,0,298,0.4403996,52.04687
14,0,0,0,0
14,0,156,-1.031205,36.61555
15,0,0,0,0
15,0,358,-4.071527,56.2089
16,0,0,0,0
16,0,0,0,0
16,0,0,0,0
17,0,216,-4.043156,42.21001
18,0,0,0,0
18,0,0,0,0
18,0,0,0,0
18,0,0,0,0
14,0,419,-1.083814,66.06673
15,0,0,0,0
15,0,0,0,0
13,0,309,-1.56181,46.71092
14,0,0,0,0
14,0,0,0,0
13,0,174,0.4651998,41.19368
12,0,481,0.9038067,68.55225
14,0,187,-1.037406,35.54944
15,0,349,-1.569812,52.63184
16,0,0,0,0
16,0,0,0,0
16,0,0,0,0
15,0,130,-1.026004,31.81909
12,0,320,0.4359994,53.06243
15,0,321,0.3339994,52.61131
15,0,435,0.4129992,66.9911
16,0,0,0,0
16,0,181,-3.036206,39.13864
17,0,0,0,0
17,0,0,0,0
17,0,0,0,0
15,0,161,-2.032205,34.11013
16,0,0,0,0
16,0,0,0,0
14,0,151,-0.03019996,35.92067
14,0,355,-0.07100284,56.96636
13,0,145,-0.02899997,33.738
16,0,147,-3.029405,32.07533
17,0,0,0,0
17,0,0,0,0
16,0,357,-4.684524,56.96222
17,0,0,0,0
17,0,0,0,0
17,0,0,0,0
15,0,684,1.363197,97.71492
16,0,0,0,0
16,0,164,-0.1442002,36.44258
17,0,0,0,0
14,0,229,-2.045808,39.97566
15,0,0,0,0
15,0,0,0,0
15,1,443,0.8671356,47.38656
15,0,259,-0.05179993,44.01685
16,0,0,0,0
17,0,193,-2.538606,42.28692
18,0,0,0,0
18,0,0,0,0
18,0,0,0,0
17,0,115,-3.023004,31.72208
18,0,0,0,0
18,0,0,0,0
18,0,0,0,0
18,0,0,0,0
18,0,0,0,0
13,0,256,0.4487996,43.57034
16,0,229,-0.5458037,46.84587
17,0,0,0,0
16,0,246,-0.04919993,40.27877
14,0,162,-0.03239996,35.33525
17,0,156,-1.150405,37.43031
18,0,0,0,0
16,0,255,-2.051008,45.16011
17,0,0,0,0
17,0,0,0,0
17,0,210,-2.042007,38.45935
18,0,0,0,0
18,0,0,0,0
18,0,439,-3.087789,65.80469
19,0,0,0,0
19,0,0,0,0
19,0,0,0,0
19,0,0,0,0
16,0,188,0.4623999,39.07633
17,0,0,0,0
17,0,0,0,0
17,0,0,0,0
17,0,0,0,0
15,0,115,-0.02299998,31.17932
15,0,359,0.4281992,52.77649
16,0,323,-0.5645998,55.98293
17,0,0,0,0
17,0,167,-2.033406,34.94797
18,0,0,0,0
18,0,0,0,0
16,0,120,-0.02399997,32.22218
17,0,257,-1.051409,43.5703
18,0,201,-2.040207,39.75971
19,0,195,-4.03896,38.86778
20,0,0,0,0
20,0,0,0,0
20,0,0,0,0
20,0,0,0,0
15,0,493,1.401402,74.99983
15,0,452,-1.090415,65.31532
16,0,0,0,0
16,0,0,0,0
17,0,241,-4.048151,41.90598
18,0,0,0,0
18,0,0,0,0
18,0,0,0,0
18,0,0,0,0
16,0,194,0.4611998,40.87607
16,0,410,-0.5819982,61.88168
17,0,0,0,0
17,0,165,-0.03299996,35.91686
17,0,415,0.1629983,58.32959
19,0,186,-0.03719995,38.12289
17,0,154,-0.03079996,32.67936
14,0,562,0.8876063,79.87323
18,0,301,-0.06019991,49.88853
18,0,222,-4.044354,40.85619
19,0,0,0,0
19,0,0,0,0
19,0,0,0,0
19,0,0,0,0
18,0,159,-0.03179996,35.729
18,0,616,-0.6232179,87.9367
19,0,0,0,0
19,0,0,0,0
19,0,0,0,0
18,0,365,-1.073012,60.61414
19,0,0,0,0
19,0,0,0,0
18,0,193,0.961401,44.53075
16,0,298,-1.05961,55.92368
17,0,0,0,0
17,0,0,0,0
16,0,339,0.4321993,55.06691
17,0,0,0,0
17,0,298,-0.5596039,48.56235
18,0,0,0,0
18,0,669,-0.1338037,94.61685
19,0,0,0,0
20,0,431,-3.586182,61.58778
21,0,0,0,0
21,0,0,0,0
21,0,0,0,0
21,0,0,0,0
15,0,182,0.4635998,40.76307
19,0,157,-2.031405,37.36038
20,0,0,0,0
20,0,0,0,0
18,1,785,1.264565,94.20327
19,0,205,-0.04099995,39.07169
17,0,183,-0.536603,39.38522
18,0,0,0,0
19,0,289,0.4421997,48.58442
20,0,0,0,0
18,0,181,-1.036206,39.09144
21,0,180,-4.035963,36.78193
22,0,0,0,0
22,0,0,0,0
22,0,0,0,0
22,0,0,0,0
16,0,172,-0.03439996,33.59837
20,0,190,-1.538006,40.77706
21,0,0,0,0
21,0,0,0,0
17,0,765,0.3469974,98.26794
18,0,0,0,0
17,0,320,-1.564011,53.81896
18,0,0,0,0
18,0,0,0,0
19,0,413,-3.082587,64.63261
20,0,0,0,0
20,0,0,0,0
20,0,0,0,0
20,0,0,0,0
20,0,173,-0.03459996,35.09808
19,0,140,-0.02799997,31.64061
19,0,294,-0.5588056,47.30393
20,0,0,0,0
19,0,249,0.3405995,44.31561
20,0,0,0,0
20,0,0,0,0
20,0,0,0,0
20,0,0,0,0
20,0,0,0,0
18,0,562,1.887594,77.13011
20,0,116,-0.02319998,31.12112
21,0,174,-2.034806,38.31361
22,0,0,0,0
22,0,0,0,0
20,0,157,-4.031368,36.92495
21,0,0,0,0
21,0,0,0,0
21,0,0,0,0
21,0,0,0,0
19,0,600,1.379998,81.6311
18,0,210,-1.542007,38.79745
19,0,0,0,0
19,0,0,0,0
21,0,183,-0.03659995,36.87852
20,0,187,-1.138606,34.84173
21,0,0,0,0
17,0,332,0.4335993,53.94412
19,0,156,-0.03119996,33.39714
22,0,392,-3.078383,64.19333
23,0,0,0,0
23,0,0,0,0
23,0,0,0,0
23,0,0,0,0
20,0,288,-4.557541,50.46962
21,0,0,0,0
21,0,0,0,0
21,0,0,0,0
22,0,191,-1.538206,40.64286
23,0,0,0,0
23,0,0,0,0
20,0,472,-0.594402,63.61272
21,0,0,0,0
18,0,500,-0.1000011,73.89611
19,0,786,-0.6572225,108.174
20,0,0,0,0
20,0,0,0,0
20,0,0,0,0
18,0,158,-0.03159996,32.80887
21,0,200,-1.148406,37.62834
22,0,0,0,0
18,0,436,-0.08719912,69.95578
19,0,0,0,0
21,0,246,-4.04915,43.37132
22,0,0,0,0
22,0,0,0,0
22,0,0,0,0
22,0,0,0,0
20,0,231,0.4537998,41.32021
20,0,184,0.4631998,38.54546
23,0,170,-1.534006,39.94261
24,0,0,0,0
24,0,0,0,0
19,0,340,-1.568011,54.58744
20,0,0,0,0
20,0,0,0,0
19,0,147,-0.02939996,34.60263
22,0,361,0.9278018,57.1198
20,0,1091,1.781793,137.9762
21,0,0,0,0
21,0,0,0,0
21,0,0,0,0
20,0,170,-3.034006,34.68797
21,0,0,0,0
21,0,0,0,0
21,0,0,0,0
22,0,193,-1.157806,37.52029
23,0,0,0,0
23,0,311,-2.562185,55.75401
24,0,0,0,0
24,0,0,0,0
24,0,0,0,0
24,0,0,0,0
19,0,277,0.4445995,46.91774
20,0,0,0,0
21,0,348,-2.569612,57.55699
22,0,0,0,0
22,0,0,0,0
22,0,0,0,0
22,0,0,0,0
22,0,0,0,0
20,0,166,-2.033206,38.39537
21,0,0,0,0
21,0,0,0,0
24,0,220,-1.044007,42.73277
25,0,0,0,0
25,0,0,0,0
19,0,319,-0.5638031,51.96276
20,0,0,0,0
20,0,182,-0.03639995,37.88489
21,0,313,1.437397,53.76856
21,0,404,-0.5807992,61.18792
22,0,0,0,0
23,0,147,-1.029405,34.50451
24,0,0,0,0
21,0,202,-2.540407,41.11449
22,0,0,0,0
22,0,0,0,0
22,0,0,0,0
24,0,159,-4.031767,36.76477
25,0,0,0,0
25,0,0,0,0
25,0,0,0,0
25,0,0,0,0
21,0,327,0.4345995,49.60455
22,1,407,0.8779204,50.3023
20,0,179,-1.035806,36.9014
21,0,0,0,0
21,0,743,1.351399,98.60702
22,0,0,0,0
23,0,331,0.9338028,55.41239
21,0,165,-0.03299996,37.17372
24,0,167,-1.144805,37.28918
25,0,0,0,0
25,0,287,-1.05741,54.98576
26,0,0,0,0
26,0,0,0,0
22,0,270,-2.554009,54.11171
23,0,0,0,0
23,0,0,0,0
23,0,0,0,0
23,0,0,0,0
21,0,369,-1.073812,55.25723
22,0,0,0,0
22,0,0,0,0
25,0,313,-3.56258,51.24992
26,0,0,0,0
26,0,0,0,0
26,0,0,0,0
26,0,0,0,0
21,0,293,-0.05860032,53.58194
22,0,0,0,0
23,1,354,4.787199,43.31992
26,0,174,-1.534806,38.63196
27,0,0,0,0
27,0,0,0,0
26,0,187,-3.03738,42.87542
27,0,0,0,0
27,0,0,0,0
27,0,0,0,0
27,0,0,0,0
22,0,402,0.419599,53.73997
24,0,167,-0.03339996,35.77024
25,0,0,0,0
25,0,0,0,0
25,0,0,0,0
25,0,0,0,0
22,0,703,-3.246497,106.5686
23,0,0,0,0
23,0,0,0,0
23,0,0,0,0
23,0,367,-3.573385,55.68061
24,0,0,0,0
24,0,0,0,0
24,0,0,0,0
24,0,0,0,0
24,0,0,0,0
22,0,648,1.370398,94.85316
20,0,709,0.3581971,104.163
21,0,0,0,0
22,0,721,1.355794,91.71243
22,1,395,2.881487,49.22636
22,0,632,-0.1264038,82.23149
27,0,356,-1.571212,60.74644
28,0,0,0,0
28,0,0,0,0
27,0,293,-3.058587,58.21118
28,0,0,0,0
28,0,0,0,0
28,0,0,0,0
28,0,0,0,0
24,0,702,2.130192,104.9541
23,0,192,-0.03839995,38.64234
25,0,309,-3.061788,54.02096
26,0,0,0,0
26,0,0,0,0
26,0,0,0,0
26,0,0,0,0
23,0,187,-0.1656001,38.52848
24,0,0,0,0
24,0,0,0,0
21,0,1131,0.7737758,170.131
22,0,0,0,0
24,0,332,-4.066332,55.5533
25,0,0,0,0
25,0,0,0,0
25,0,0,0,0
24,0,177,0.4645998,39.41224
22,1,1077,5.676893,150.6543
25,0,146,-3.029205,35.73244
26,0,0,0,0
26,0,0,0,0
26,0,0,0,0
28,1,334,0.8998122,45.15425
28,1,375,2.887487,44.66122
26,1,316,0.9052203,39.46179
23,0,608,-2.22162,92.93092
24,0,0,0,0
24,0,0,0,0
24,0,0,0,0
24,0,0,0,0
23,0,698,1.360396,90.54677
24,0,412,-1.825613,61.05271
25,0,0,0,0
25,0,0,0,0
29,0,167,0.4665994,38.45895
30,0,0,0,0
30,0,0,0,0
30,0,0,0,0
30,0,0,0,0
23,0,561,0.8878056,83.64673
24,0,0,0,0
26,0,192,-2.538406,40.49925
27,0,0,0,0
27,0,0,0,0
27,0,0,0,0
21,0,647,0.8705984,90.08028
22,0,0,0,0
25,0,314,0.9372018,56.11637
25,0,1287,2.016188,186.0197
26,0,0,0,0
29,0,331,0.4337994,58.38584
30,0,0,0,0
30,0,0,0,0
25,0,652,1.769596,91.85258
25,0,211,-2.042207,36.80753
26,0,0,0,0
26,0,0,0,0
23,0,844,1.831188,105.9358
22,0,236,-1.047208,46.88497
23,0,0,0,0
22,0,1209,2.75819,160.3458
23,0,0,0,0
27,0,257,-2.551409,48.83488
28,0,0,0,0
28,0,0,0,0
28,0,0,0,0
28,0,0,0,0
28,0,0,0,0
27,0,383,0.4233992,53.51542
28,0,0,0,0
28,0,0,0,0
28,0,0,0,0
28,0,0,0,0
30,0,177,-1.535406,39.57629
31,0,0,0,0
31,0,0,0,0
30,1,379,0.8863211,48.67004
24,0,179,-0.03579995,36.07452
26,0,286,0.3283992,51.00378
24,0,514,-0.1028023,81.35381
25,0,0,0,0
24,0,601,1.379803,80.68362
26,1,344,2.780586,43.19493
28,0,300,-5.059938,39.69193
29,0,0,0,0
29,0,0,0,0
29,0,0,0,0
28,0,296,-3.559186,53.82162
29,0,0,0,0
29,0,0,0,0
29,0,0,0,0
29,0,0,0,0
24,0,693,-2.249381,106.17
25,0,0,0,0
25,0,0,0,0
25,0,0,0,0
27,0,174,-0.03479996,33.53313
31,0,331,-1.066211,58.05479
32,0,0,0,0
32,0,0,0,0
31,1,305,4.9085,41.89401
29,0,186,-4.037162,40.19999
30,0,0,0,0
30,0,0,0,0
30,0,0,0,0
30,0,0,0,0
25,0,286,-0.5572025,50.55835
26,0,0,0,0
22,0,1215,1.256994,162.4182
23,0,0,0,0
23,1,1145,6.656485,140.6932
23,0,655,0.3689992,84.55669
27,1,360,4.892003,45.2244
25,0,512,2.397596,75.51481
32,0,296,-1.55921,51.18707
33,0,0,0,0
33,0,0,0,0
26,0,863,0.8274001,124.0183
27,0,0,0,0
28,0,404,1.419195,64.76819
26,0,126,-0.02519997,31.14065
23,0,822,1.335598,123.1662
24,0,0,0,0
32,0,399,1.420203,65.90129
33,0,0,0,0
33,0,0,0,0
33,0,0,0,0
33,0,0,0,0
30,0,340,-3.567983,52.93253
31,0,0,0,0
31,0,0,0,0
31,0,0,0,0
31,0,0,0,0
26,0,1058,3.788379,149.2401
25,0,670,1.365996,87.89738
28,1,300,4.91,43.87668
33,0,192,-4.038361,38.93372
34,0,0,0,0
34,0,0,0,0
34,0,0,0,0
34,0,0,0,0
29,1,712,3.174385,93.44759
25,0,717,-1.643424,98.71268
26,0,0,0,0
26,0,0,0,0
26,0,0,0,0
33,1,368,2.889588,50.47535
27,0,316,0.9368034,55.11217
27,0,378,-0.5755996,52.31601
28,0,0,0,0
29,0,164,0.9672011,40.98899
30,0,0,0,0
30,0,0,0,0
30,0,147,-0.02939996,38.33276
31,0,0,0,0
31,0,0,0,0
31,0,0,0,0
31,1,346,0.8962128,47.303
30,0,140,-2.028005,37.41487
31,0,0,0,0
31,0,0,0,0
34,1,265,0.920512,39.42878
28,0,220,0.956001,42.92481
26,0,279,-2.666611,47.88293
27,0,0,0,0
27,0,0,0,0
27,0,0,0,0
34,1,289,4.9133,42.45511
26,0,454,0.9092075,72.73626
24,0,600,0.8799983,90.87162
25,0,0,0,0
27,0,620,0.8760006,74.87543
31,0,301,-2.06021,59.79273
32,0,0,0,0
32,0,0,0,0
32,0,0,0,0
31,1,269,2.919291,42.40332
35,1,333,4.900103,47.84935
32,0,431,1.413794,64.2356
33,0,0,0,0
33,0,0,0,0
33,0,0,0,0
33,0,0,0,0
24,0,996,2.200786,141.9297
25,0,0,0,0
24,1,1058,7.08018,141.595
26,0,1179,1.722787,172.3047
27,0,0,0,0
35,1,389,5.383303,51.32056
32,1,283,4.811503,39.48413
28,0,354,0.9292024,56.23199
36,1,237,4.928903,37.60135
29,0,1078,3.137583,146.6401
23,0,1310,3.237985,182.6322
24,0,0,0,0
33,1,297,0.9109142,45.99018
29,0,591,2.381788,91.86887
27,0,527,1.394601,70.9967
27,1,644,2.701378,96.91172
36,1,299,4.910303,45.30988
28,0,975,0.5948091,126.0929
33,1,303,4.797103,45.68511
28,0,162,-0.03239996,39.37214
29,0,0,0,0
29,0,0,0,0
29,0,0,0,0
32,1,767,3.269884,95.52265
37,1,386,4.778803,46.48388
34,1,365,4.6689,43.1622
29,0,482,1.903596,84.25847
34,0,190,0.962001,42.91686
35,0,0,0,0
35,0,0,0,0
29,0,176,-2.035206,42.05853
30,0,0,0,0
30,0,0,0,0
30,0,0,0,0
37,1,274,4.9178,42.44558
28,0,466,1.406803,71.48891
35,0,205,0.3421994,42.37128
36,0,0,0,0
36,0,0,0,0
36,0,0,0,0
36,0,0,0,0
38,0,306,0.9388021,54.47091
39,0,0,0,0
39,0,0,0,0
39,0,0,0,0
39,0,0,0,0
25,0,1176,2.764793,173.3748
26,0,0,0,0
33,0,371,1.925794,67.57079
34,0,0,0,0
34,0,0,0,0
34,0,0,0,0
35,1,319,2.904289,44.76197
25,0,940,2.311985,134.999
26,0,0,0,0
36,0,168,-3.533582,41.48809
37,0,0,0,0
37,0,0,0,0
37,0,0,0,0
37,0,0,0,0
38,0,325,0.9350031,54.04015
39,0,0,0,0
39,0,0,0,0
25,1,1105,6.168491,141.1575
24,0,897,1.820597,137.7995
25,0,0,0,0
27,1,1153,6.141479,151.0246
30,1,1069,7.569679,144.2843
39,1,404,0.8788087,49.49316
39,0,338,-1.067611,57.84122
40,0,0,0,0
40,0,0,0,0
36,1,444,4.866799,55.20103
30,1,763,3.271075,101.456
29,0,716,1.837593,102.5826
26,0,385,1.821196,64.32896
25,0,401,-0.5801983,66.88235
26,0,0,0,0
26,0,0,0,0
26,0,0,0,0
29,0,1145,3.050584,164.9414
30,0,0,0,0
31,0,316,0.312199,57.65361
40,0,312,0.4375996,48.43118
41,0,0,0,0
41,0,0,0,0
41,0,0,0,0
41,0,0,0,0
34,0,657,-0.631416,97.75757
35,0,0,0,0
35,0,0,0,0
35,0,0,0,0
30,0,1007,3.798584,144.5123
40,1,352,2.894388,50.0001
37,0,718,-2.351996,92.13413
38,0,0,0,0
38,0,0,0,0
38,0,0,0,0
38,0,0,0,0
37,1,381,4.885704,49.52376
41,0,155,0.4689998,40.75096
42,0,0,0,0
42,0,0,0,0
41,1,363,0.7761228,45.69046
30,0,544,1.391198,82.72607
35,0,421,-2.084214,62.75538
36,0,0,0,0
36,0,0,0,0
36,0,0,0,0
38,1,348,0.7932115,47.62876
28,0,876,2.824189,135.2198
29,0,0,0,0
42,1,259,2.922291,39.7292
38,1,331,4.900703,47.72182
31,1,719,6.184294,94.13461
26,0,1191,2.761786,169.0917
27,0,0,0,0
32,0,702,1.079199,96.67456
26,1,1416,7.575181,187.0509
36,0,359,-1.571812,69.48931
37,0,0,0,0
37,0,0,0,0
37,0,0,0,0
43,1,277,5.416903,43.49159
39,1,350,5.394997,54.52325
39,1,299,4.910303,45.24938
26,1,965,3.710478,143.205
27,0,176,0.4647998,40.60722
44,1,268,4.9196,41.56096
40,1,245,4.926503,37.98277
42,1,699,6.081887,92.63065
37,0,293,-2.05861,53.96827
38,0,0,0,0
38,0,0,0,0
38,0,0,0,0
38,0,0,0,0
40,1,315,4.905503,47.19928
30,1,2474,11.93286,294.7242
28,0,222,0.322599,44.9643
32,0,638,1.872396,93.91385
33,0,0,0,0
33,0,0,0,0
33,0,0,0,0
43,0,187,0.9626011,43.2641
44,0,0,0,0
44,0,0,0,0
44,0,0,0,0
44,0,0,0,0
31,1,928,7.617385,130.7359
41,1,278,4.693802,42.64606
29,0,847,2.330592,148.1131
30,0,0,0,0
45,1,289,5.413303,45.87725
27,0,1518,3.378366,190.0107
28,0,0,0,0
28,0,0,0,0
41,1,276,5.317203,41.33774
30,1,1543,6.785478,198.6748
29,0,388,1.922398,70.57652
42,0,149,0.4701998,39.91658
43,0,0,0,0
43,0,0,0,0
44,1,312,0.9064111,46.7527
46,1,263,4.921103,39.18879
27,0,1038,2.58497,159.5498
28,0,0,0,0
33,0,462,-1.592415,71.54196
34,0,0,0,0
34,0,0,0,0
34,0,0,0,0
38,1,662,2.301403,92.84149
27,1,881,7.235686,136.3642
45,1,270,4.818402,45.33447
43,1,300,2.90999,46.41646
47,0,274,0.9452021,52.40292
48,0,0,0,0
48,0,0,0,0
42,0,567,1.386592,73.25454
43,0,0,0,0
43,0,0,0,0
43,0,0,0,0
43,0,0,0,0
34,0,426,-1.585214,68.59503
35,0,0,0,0
35,0,0,0,0
35,0,0,0,0
35,0,0,0,0
35,0,0,0,0
44,1,244,4.826803,38.36699
43,1,231,0.9307131,38.67354
39,0,430,1.305,75.99974
40,0,0,0,0
40,0,0,0,0
40,0,0,0,0
40,0,0,0,0
40,0,0,0,0
33,1,1520,7.513385,197.0462
48,1,384,2.884787,50.87935
30,1,932,6.72039,137.5844
32,1,1035,7.078681,140.099
45,1,312,4.906404,46.64145
40,0,286,-4.057141,49.20597
41,0,0,0,0
41,0,0,0,0
41,0,0,0,0
44,1,356,4.893204,47.97523
28,0,1102,1.060394,155.8615
29,0,0,0,0
28,1,894,6.231793,128.8301
49,1,306,4.908203,46.6255
31,1,1444,8.941029,193.4901
35,1,601,1.217954,91.14264
31,0,2638,8.972524,331.3131
46,0,864,2.091194,124.8152
47,0,0,0,0
47,0,0,0,0
47,0,0,0,0
47,0,0,0,0
46,1,305,4.8061,42.05011
31,0,460,1.407996,87.58904
32,0,0,0,0
45,1,270,4.919003,41.28164
28,1,986,6.386787,141.0596
50,1,290,4.913002,44.62554
47,1,237,0.6145098,38.25573
47,1,278,4.916603,46.5323
32,0,308,-0.1723998,55.19347
33,0,0,0,0
46,1,299,4.910303,45.82973
29,0,639,1.768591,97.26501
51,1,296,5.911197,46.41858
48,1,225,4.932502,38.19118
36,1,543,5.837097,86.17342
41,0,786,-0.2590178,124.2631
42,0,0,0,0
42,0,0,0,0
42,0,0,0,0
42,0,0,0,0
42,0,0,0,0
29,0,501,2.399796,93.20013
30,0,0,0,0
48,1,288,4.913603,46.64891
47,1,281,4.9157,42.27421
33,1,1125,6.66249,152.8332
31,0,1987,5.934935,256.0142
32,0,0,0,0
52,1,362,4.672799,47.04532
49,1,258,4.9226,41.59585
42,0,309,-4.061737,52.92804
43,0,0,0,0
43,0,0,0,0
43,0,0,0,0
43,0,0,0,0
29,1,1074,6.462191,145.7723
49,1,421,5.373702,63.52391
48,1,287,4.9139,41.53717
32,1,1045,6.967877,138.1496
32,0,974,3.305183,143.8234
33,0,0,0,0
30,0,568,1.582189,91.75983
50,0,180,0.4639998,41.71048
51,0,0,0,0
51,0,0,0,0
51,0,0,0,0
51,0,0,0,0
50,1,262,4.9214,41.2313
37,1,593,5.822097,90.05505
34,1,1667,6.575677,208.1222
30,0,611,0.7778038,100.9557
31,0,0,0,0
53,1,367,4.8899,45.00455
33,1,884,6.533586,140.3138
51,0,165,0.9670011,42.32642
52,0,0,0,0
52,0,0,0,0
51,1,223,0.9331164,38.64316
31,0,318,0.9364032,54.96648
32,0,0,0,0
30,0,2567,8.620743,341.1374
31,0,0,0,0
54,1,239,4.9283,41.63631
43,0,613,-2.151403,102.9245
44,0,0,0,0
44,0,0,0,0
44,0,0,0,0
44,0,0,0,0
44,0,0,0,0
52,1,283,4.9151,45.00679
31,0,530,1.393998,92.5565
32,0,0,0,0
35,0,626,1.874797,98.78627
33,0,882,3.32359,137.4151
55,1,427,4.871902,57.67531
53,1,330,4.8004,48.84689
30,1,1030,6.985581,149.2024
49,0,1000,3.478382,140.7081
50,0,0,0,0
50,0,0,0,0
50,0,0,0,0
50,0,0,0,0
34,1,872,6.531191,133.2049
56,1,265,4.920504,43.01781
54,1,242,4.817203,40.45406
32,1,841,6.536882,125.3951
50,1,277,0.8061109,40.12473
57,0,232,0.3049987,43.35775
58,0,0,0,0
58,0,0,0,0
55,1,217,4.934902,38.84717
51,1,235,4.929502,37.71727
32,0,1731,4.845984,226.8563
33,0,0,0,0
32,1,887,6.733888,138.98
56,1,284,4.798005,39.78864
58,1,359,2.892288,52.51963
36,1,906,7.119785,135.3909
34,1,967,7.105685,135.9332
52,1,358,4.481204,51.69205
34,1,2040,11.68821,272.3327
52,1,1562,7.407966,202.4387
57,1,254,5.323199,42.39771
35,1,808,7.757578,129.8268
31,1,1018,7.590981,148.4746
33,1,786,7.764189,130.534
59,1,279,4.916303,45.64945
53,1,275,5.417503,45.67356
53,1,271,4.9187,43.03561
58,1,258,4.9226,43.51735
32,0,255,0.9490011,46.58103
33,0,0,0,0
44,1,1724,5.436044,241.5103
38,1,2096,11.04017,296.5605
60,1,291,4.7947,43.33284
54,1,253,4.9241,41.56387
31,1,1930,9.974267,271.1981
54,1,255,4.9235,41.77621
35,0,599,2.380198,87.37885
59,1,287,4.913903,47.66589
33,1,905,6.873888,140.8884
45,0,426,0.2655986,65.83666
46,0,0,0,0
46,0,0,0,0
46,0,0,0,0
61,1,363,4.8911,51.89562
55,1,339,4.679699,43.90955
55,1,323,4.903104,46.35775
36,1,784,7.264789,129.8267
60,1,262,4.921403,42.50655
34,1,763,7.668084,127.9386
39,0,592,2.271392,97.58219
40,0,0,0,0
40,0,0,0,0
40,0,0,0,0
40,0,0,0,0
40,0,0,0,0
35,1,1010,7.968204,138.384
33,0,1338,4.694625,215.3961
34,0,0,0,0
62,1,270,4.919003,44.25426
56,1,262,4.821403,42.71287
61,1,249,4.9253,40.70322
33,1,910,6.200593,130.6688
56,1,476,5.857199,71.17779
46,1,567,2.829881,89.38026
63,1,276,4.917202,44.47734
32,1,887,7.233886,136.8941
62,1,295,4.9115,41.58891
34,1,875,7.737483,142.3145
36,1,1005,7.69848,142.2171
40,1,603,1.319143,93.55071
57,1,250,4.8238,41.63824
64,1,274,4.9178,43.63494
37,1,887,8.133282,140.1059
57,1,697,5.790901,98.40142
58,1,264,4.9208,41.78938
63,0,464,1.907194,84.08315
64,0,0,0,0
64,0,0,0,0
64,0,0,0,0
64,0,0,0,0
34,1,833,6.544085,130.2695
65,1,287,4.913903,46.27562
47,1,566,6.330195,92.63539
36,1,1007,7.08828,137.2976
41,1,537,6.338894,85.205
59,1,304,4.446401,43.1258
34,1,934,7.518581,137.0611
66,1,289,4.803703,41.64647
58,1,563,5.8311,76.45722
37,1,2478,11.83762,349.4194
60,1,251,5.424703,43.29033
67,1,250,4.925,41.17278
64,1,611,2.316701,90.77007
48,1,576,6.216995,88.70047
37,1,1010,7.596379,137.7773
59,1,224,4.932802,37.58241
33,1,4477,20.04991,588.4756
38,0,254,0.8096001,43.01643
61,0,233,0.9534017,51.70222
62,0,0,0,0
62,0,0,0,0
42,1,536,5.839198,87.639
65,0,161,1.467799,41.16869
66,0,0,0,0
66,0,0,0,0
66,0,0,0,0
66,0,0,0,0
68,1,308,4.907603,47.29234
60,1,260,4.922,41.50748
35,1,1312,9.385468,198.2216
66,1,273,0.91811,46.42902
69,1,220,4.934002,37.8318
61,1,264,4.9208,41.40037
35,1,936,7.116786,135.9846
43,1,489,6.353293,83.90893
49,1,685,5.453092,96.73299
67,1,276,4.712999,42.3415
37,0,1309,5.611261,200.7966
62,1,246,4.8256,40.84047
38,1,921,7.723684,130.025
34,1,915,7.40268,131.8657
62,1,902,5.629391,128.4671
39,1,990,7.602981,144.1243
63,1,265,4.818703,43.55565
44,1,565,6.330496,85.89021
35,0,2820,9.902463,428.0478
36,0,0,0,0
33,1,2326,13.58066,356.7663
50,1,564,6.221793,88.4559
70,1,788,6.763586,104.5709
36,0,917,3.316583,152.2223
37,0,0,0,0
37,0,0,0,0
37,0,0,0,0
63,1,250,4.925,41.01819
64,0,174,0.965201,43.02832
65,0,0,0,0
65,0,0,0,0
65,0,0,0,0
65,0,0,0,0
68,1,622,6.313394,90.20239
40,0,247,0.2923985,47.2043
36,1,863,6.630885,131.9432
64,1,216,4.935203,38.86954
71,1,265,4.9205,41.55332
69,1,316,5.299797,45.16693
38,0,870,3.725983,131.3247
38,1,2454,14.11279,384.477
45,1,539,6.338293,86.97093
65,1,241,4.927703,42.84708
34,0,545,1.271196,90.96143
35,0,0,0,0
65,1,491,1.352704,72.87887
72,1,287,4.913903,46.31977
51,1,582,5.825396,95.01655
70,1,277,4.916903,46.19738
35,1,961,7.711684,131.1441
66,1,217,4.934902,37.27694
66,1,287,4.8115,44.16146
37,1,781,5.265692,134.4315
73,1,260,4.922002,44.12573
36,1,898,5.713195,140.1882
71,0,328,0.9344021,61.42431
72,0,0,0,0
72,0,0,0,0
72,0,0,0,0
72,0,0,0,0
46,1,518,5.739798,87.91761
67,1,263,4.921103,42.99972
39,0,1280,3.401366,177.741
41,1,950,7.714981,138.509
67,1,362,4.7908,62.27805
37,1,908,7.619182,137.0006
72,1,228,1.431614,39.75718
39,1,830,6.750991,136.0445
39,1,954,7.60298,140.7663
74,1,617,6.710088,84.82964
73,1,282,4.915402,44.98795
68,1,587,6.020291,86.25158
36,1,918,7.724582,132.2778
52,1,1093,8.672131,163.7576
74,0,206,0.3131985,39.2019
75,0,0,0,0
75,0,0,0,0
75,0,0,0,0
75,0,0,0,0
38,1,900,7.626382,142.7713
75,1,265,4.9205,42.18043
37,1,886,7.734181,138.9019
39,0,143,0.9714011,40.98614
40,0,0,0,0
40,0,0,0,0
40,0,0,0,0
37,0,206,1.458799,42.94444
69,1,268,5.419598,45.14439
47,1,917,7.72488,132.2573
76,1,276,4.816002,46.72382
75,1,289,0.7905363,42.06106
38,1,877,7.433283,137.9935
40,1,814,7.255789,131.1974
70,1,243,4.9271,41.70805
39,0,181,0.9638011,40.55724
40,0,0,0,0
53,1,547,5.835896,93.07198
77,1,251,4.924703,41.62832
76,1,248,4.9256,41.73688
71,1,226,4.932203,38.87086
40,1,957,7.104481,136.6825
68,1,1312,9.505874,181.0584
48,1,562,6.204996,89.9092
78,1,253,4.924102,44.51844
38,1,821,6.753689,138.369
77,1,368,4.7758,47.63406
72,1,313,5.291704,44.30415
38,0,866,2.826784,132.1088
69,1,275,5.417503,48.95934
35,1,2223,12.83316,331.2485
54,1,526,5.842197,88.89695
79,1,320,4.672199,44.05766
41,1,793,6.657889,134.8509
78,1,284,4.914803,47.44579
39,0,175,0.9650011,42.25027
73,1,292,4.806403,44.57134
70,1,225,4.826502,39.16864
40,1,1169,5.296484,174.8627
49,1,571,6.328694,91.4229
80,1,301,4.783902,43.72402
79,1,228,4.9316,40.82616
71,1,241,4.9277,40.81291
74,1,268,4.919603,42.27408
41,1,915,7.619479,127.437
42,1,2241,13.22297,318.5099
55,1,587,6.323893,95.96519
81,1,266,4.9202,41.63124
80,1,268,4.9196,42.50494
39,1,871,7.130882,143.7703
40,1,1239,7.628278,183.3671
75,1,257,4.9229,42.74258
72,1,282,4.915402,46.63094
35,1,5423,26.76997,784.0326
56,0,260,0.9480012,53.28263
57,0,0,0,0
57,0,0,0,0
57,0,0,0,0
40,0,717,2.75299,101.2305
50,1,567,6.329894,90.0028
82,1,263,4.921103,44.23404
41,0,642,3.871588,126.6827
76,1,225,4.932503,37.87254
73,1,246,4.926203,42.62217
42,1,859,7.242283,137.9429
83,1,220,4.934003,38.11023
77,1,231,4.930703,39.86718
74,1,257,4.922903,45.57647
81,1,622,6.813391,97.02757
84,1,245,4.926502,43.49242
40,1,3121,15.56357,425.4362
42,1,873,7.238087,133.2071
43,1,854,6.74379,133.3029
78,1,271,4.918703,45.1619
75,1,247,4.925902,43.07287
82,1,239,5.428298,40.46579
85,1,212,4.936402,38.66345
41,1,946,7.986201,141.7203
40,1,961,7.706276,146.0068
42,1,777,7.663887,128.6662
86,1,291,4.698302,45.68755
43,1,874,7.025184,136.6261
83,1,465,5.860499,76.45533
76,1,500,5.849999,75.05493
79,1,585,6.72449,94.82042
87,1,321,4.686302,49.95017
84,1,239,4.9283,42.9003
77,1,266,4.920203,45.44925
80,1,238,4.928602,42.68092
51,1,1419,7.244881,206.6052
41,1,945,7.716482,134.6905
57,1,1548,7.535571,223.8251
88,1,241,4.9271,41.24819
85,1,257,4.9229,41.63698
78,1,252,4.924403,44.20312
81,1,250,4.925,41.12663
41,1,873,7.322482,139.3407
36,1,2600,13.22006,385.1998
86,1,234,4.9298,41.47701
89,1,310,4.907002,44.65422
82,1,255,4.9235,41.48
52,1,532,6.340394,88.52044
87,1,224,4.932802,39.29849
90,1,222,4.933402,38.32677
44,1,1156,9.153234,182.1131
79,1,545,5.836498,81.56525
83,1,335,4.899503,48.59033
44,1,1730,10.27091,258.6154
88,1,209,4.937303,37.94637
91,1,282,4.915403,43.45427
43,1,1858,10.1343,268.4923
42,1,940,7.086789,128.4585
80,1,253,4.819902,44.86102
84,1,229,4.931302,39.22797
42,1,813,6.756091,129.8197
53,1,546,5.836197,91.05534
89,1,289,4.913303,44.1778
43,1,1767,11.97003,276.5498
85,0,162,0.9676011,41.15334
86,0,0,0,0
86,0,0,0,0
86,0,0,0,0
86,0,0,0,0
81,1,242,4.927402,42.72664
92,1,299,4.910303,45.92973
36,1,2869,15.32911,386.624
42,0,2056,8.074572,308.4936
43,0,0,0,0
90,1,289,4.913302,47.26949
86,1,286,0.7998097,44.95116
45,0,670,1.726395,104.9905
93,1,258,4.922603,43.40144
82,1,285,4.914503,45.79844
91,1,246,4.814802,38.73445
58,1,1595,8.196862,243.7911
87,1,261,4.821103,43.52401
83,1,236,4.9292,41.38871
44,1,817,7.153691,129.7409
94,1,283,4.915103,45.33107
45,1,1163,8.550516,170.6251
92,1,255,4.923502,44.56281
54,1,856,7.496974,128.7473
84,1,241,4.9277,41.36372
44,1,871,6.527289,140.5218
95,1,260,4.922003,44.67716
43,1,1117,8.059482,156.0951
93,1,262,4.921403,44.82857
59,1,574,6.195986,95.35274
96,1,219,4.934302,39.16258
85,1,343,4.450299,49.34367
88,1,606,6.21339,86.14703
43,1,1425,10.0726,207.0987
97,1,213,4.936102,36.87418
89,1,246,5.426203,42.18521
86,1,294,4.9118,43.23059
94,0,462,1.907595,85.63062
95,0,0,0,0
95,0,0,0,0
95,0,0,0,0
95,0,0,0,0
55,1,721,6.783091,113.9778
41,0,4094,16.15012,510.405
45,1,925,7.222484,139.1779
98,1,278,4.916603,47.31235
45,1,783,6.765091,135.4825
60,1,565,6.230493,94.14795
87,1,209,4.937303,37.56758
90,0,259,0.2737981,47.76357
91,0,0,0,0
91,0,0,0,0
91,0,0,0,0
91,0,0,0,0
95,1,258,0.9226129,44.22867
99,1,242,4.9274,42.10543
46,1,1174,9.541838,180.0589
96,1,208,5.437597,36.96724
91,1,256,0.9232094,44.17729
88,1,289,4.812102,46.97688
56,1,547,6.335894,92.45387
46,1,1798,9.514444,263.9406
100,1,315,4.905499,46.76962
37,1,1969,11.39448,279.2583
61,1,522,6.343395,89.08418
89,1,235,5.329498,40.37673
92,1,262,4.921403,43.98561
44,0,1295,5.527243,196.8526
97,1,338,4.754801,50.50077
46,1,844,6.74679,136.2825
101,1,308,4.9076,44.31297
46,1,843,7.63868,142.185
93,1,285,4.914502,49.20041
37,0,3377,14.06674,497.639
38,0,0,0,0
47,0,166,0.966801,40.28549
57,0,508,2.398395,95.84428
58,0,0,0,0
58,0,0,0,0
58,0,0,0,0
58,0,0,0,0
58,0,0,0,0
98,1,301,4.9097,46.16701
42,1,1090,7.672977,154.9234
90,1,408,4.726,50.93264
44,1,1343,9.99716,211.2108
47,0,540,2.891993,102.1418
38,0,504,2.899195,87.66096
39,0,0,0,0
62,1,515,5.8455,88.4137
102,1,298,4.801603,45.77587
99,1,259,4.9223,41.39433
43,1,2662,10.832,379.8341
91,1,318,4.9046,44.17469
103,1,210,4.937002,39.74344
48,0,470,1.905997,89.52807
94,1,546,5.720597,87.09508
100,1,250,4.925,41.51986
58,1,604,1.31885,92.88519
104,1,248,4.9256,40.71482
92,1,303,5.287502,47.11063
95,1,242,4.824402,43.80532
101,1,323,4.903102,48.84026
45,1,1213,8.427122,167.0601
45,1,852,6.537791,133.3612
96,1,247,5.425902,42.40241
93,1,301,4.800099,42.07284
39,1,872,6.034794,133.6506
102,1,223,4.933103,39.96734
105,0,523,1.895396,87.65495
106,0,0,0,0
106,0,0,0,0
59,1,620,6.813993,94.91125
94,1,246,4.8214,42.0359
97,1,255,4.9235,41.7668
44,1,902,7.114382,141.8671
46,0,347,1.430601,67.82649
47,0,0,0,0
103,1,231,4.930703,39.79792
95,1,227,4.9319,40.83063
47,1,2119,12.86437,318.5237
98,1,251,4.924702,43.69511
49,1,1080,8.175982,155.7453
104,1,246,4.926202,43.39467
63,1,1439,10.56841,229.6654
96,1,240,4.927999,41.64937
60,1,482,6.355394,79.81484
99,1,233,4.930102,40.62067
106,1,604,4.516397,97.70687
40,1,823,7.253084,131.2235
105,1,290,4.913,48.95729
100,1,220,4.934002,40.37713
97,1,297,4.910899,48.31065
38,0,2046,8.474743,326.5736
39,0,0,0,0
46,1,1121,6.094096,146.325
64,1,490,6.852989,88.70923
106,1,228,4.931602,42.74115
48,1,1981,12.09268,291.8651
47,1,813,6.256093,135.1778
45,1,872,7.125786,145.033
101,1,210,4.937002,38.65012
107,1,400,5.879998,59.64024
47,1,2270,11.39163,368.7347
43,0,2193,9.535628,325.6147
61,1,539,6.338294,89.31456
50,1,799,7.260285,130.0609
48,1,900,6.48679,137.5036
107,1,314,5.199198,49.4049
102,1,252,4.924403,42.39791
103,0,162,0.4675997,40.74943
104,0,0,0,0
104,0,0,0,0
104,0,0,0,0
104,0,0,0,0
65,1,550,6.234995,88.21432
108,1,271,4.918703,42.98946
98,1,693,6.79209,110.511
62,1,495,6.351493,85.66824
108,1,605,6.818491,95.56082
104,1,264,0.9208115,42.37371
51,0,580,2.883996,104.6034
109,1,277,4.7983,42.68675
49,1,852,7.744384,139.136
48,1,856,7.628181,141.9855
99,1,273,4.9181,41.77978
48,1,782,7.26539,132.0523
41,1,1174,9.147836,165.9029
63,0,297,1.4406,55.35238
64,0,0,0,0
64,0,0,0,0
64,0,0,0,0
46,1,932,6.393989,135.3122
105,1,241,4.927702,43.33429
109,1,295,4.7983,42.60056
49,1,733,7.280085,125.8983
110,1,248,4.925602,43.66934
100,1,244,4.825602,43.2033
39,1,1214,8.135804,182.624
66,1,658,5.586997,112.3874
106,1,274,4.917803,46.86508
111,1,243,4.821102,43.57058
101,1,244,4.9268,41.4594
107,1,307,4.907904,48.75711
110,1,622,5.813397,94.15127
102,1,262,4.9214,41.67
47,1,1745,9.976572,271.6645
49,1,805,7.044083,132.3471
67,1,510,5.846999,87.22942
52,1,882,7.235388,139.2556
50,0,702,3.859587,138.4547
47,1,751,7.668687,124.8044
112,1,410,4.5888,48.61991
108,1,233,4.930102,41.43016
103,1,286,4.8076,45.45649
109,0,226,0.3187989,42.5714
110,0,0,0,0
110,0,0,0,0
110,0,0,0,0
110,0,0,0,0
113,1,301,4.9097,44.99193
104,1,246,4.8256,41.99159
68,1,517,6.238295,87.54082
40,1,1106,6.935176,167.0431
110,1,216,0.9352088,42.12771
114,1,228,4.9316,41.23118
111,1,692,6.080995,106.1993
105,1,249,4.925303,44.76384
49,0,1504,6.38551,244.2653
50,0,0,0,0
115,1,249,4.925303,42.97721
48,1,821,6.64709,132.6666
53,1,836,7.249183,132.1737
48,1,898,7.628183,133.7472
51,1,840,8.247983,142.9441
112,1,266,4.816003,43.95839
50,1,923,7.217082,144.2903
111,1,378,4.749999,48.82306
64,1,1730,8.981015,272.1923
69,1,511,5.8467,89.2006
106,0,339,0.3087991,61.65686
107,0,0,0,0
107,0,0,0,0
116,1,212,4.936402,38.21824
113,1,243,4.927103,43.90855
112,1,278,4.916603,44.86711
117,1,230,4.931003,42.35018
42,0,2182,8.752364,333.6119
43,0,0,0,0
41,1,884,7.734784,136.9969
113,1,229,4.931303,40.89843
114,1,305,4.9085,45.39853
107,1,412,2.876386,65.5704
118,1,236,4.929203,42.33384
65,1,548,6.224193,89.13573
50,1,817,7.254887,134.1712
43,0,169,-0.5338011,41.34109
44,0,0,0,0
70,1,555,5.833495,96.29503
52,1,767,7.269889,134.6702
49,1,830,6.942584,133.4029
115,1,269,4.802499,42.3871
108,1,274,4.8052,42.17322
54,1,909,7.626681,139.4484
119,1,261,5.421703,42.1728
51,0,905,3.566775,152.2139
52,0,0,0,0
114,1,429,5.871298,74.94203
49,1,1037,7.188886,158.9997
116,1,244,4.9268,43.40527
66,1,459,6.362295,81.7742
42,0,643,2.771389,113.1166
43,0,0,0,0
115,1,233,4.930102,42.01255
71,1,522,6.343394,90.73435
117,1,244,4.9268,42.71227
116,1,237,4.9289,40.95367
120,1,553,5.8341,84.35936
109,1,663,6.801088,109.4012
118,1,280,4.815403,45.89651
67,1,510,6.346995,83.88066
121,1,190,5.443002,37.40279
53,1,903,7.229089,152.729
117,1,252,4.9244,41.2807
52,1,807,6.257894,134.9585
110,1,230,4.931003,40.94911
72,1,526,6.137395,86.14657
119,1,198,4.940602,37.24749
55,1,978,6.899384,144.4086
122,1,249,4.9253,41.60636
118,1,215,4.935503,38.64208
111,1,231,5.327098,42.66412
119,0,147,0.9706011,41.2764
120,0,0,0,0
120,0,0,0,0
120,0,0,0,0
120,0,0,0,0
123,1,224,4.9328,40.78938
120,1,215,0.9355108,39.64318
68,1,665,6.08669,92.82288
124,1,234,4.9298,41.48236
50,1,1327,10.10198,199.3004
51,0,1736,9.652846,311.4651
54,1,839,6.912884,132.5423
121,1,236,4.929203,44.35419
112,1,564,6.330793,90.15255
125,1,221,4.933702,40.81273
53,1,872,7.133584,139.58
50,1,1854,11.4128,267.4231
50,1,4363,15.98849,671.5583
43,0,1578,6.084502,259.8707
44,0,0,0,0
122,1,251,4.824102,44.08099
113,1,238,5.428598,43.37941
69,1,505,6.246695,88.93472
126,1,271,4.918703,47.75025
120,1,1075,8.576311,161.5418
123,1,247,4.925902,43.37235
114,1,241,4.927702,42.43327
73,0,1270,6.140066,212.7558
74,0,0,0,0
74,0,0,0,0
74,0,0,0,0
127,1,232,4.930402,42.35439
52,1,723,7.680687,130.104
121,1,265,4.815103,44.81783
115,1,223,5.433099,41.46947
124,1,241,4.9277,41.05704
128,1,232,4.930402,43.7594
122,1,244,4.926802,42.77482
55,1,888,6.733587,140.2968
70,1,647,5.977686,99.43331
116,1,227,4.931902,42.59839
51,1,818,7.140785,134.3582
54,1,865,6.408688,135.9498
51,1,828,6.751592,136.1015
125,1,236,4.9292,41.62296
74,1,486,3.354189,88.6277
56,1,1677,11.28805,249.9661
129,1,249,4.925303,43.68228
123,1,305,4.9085,43.64902
117,1,228,4.931602,45.00762
126,1,236,4.929203,39.96925
130,1,226,4.932199,42.12413
53,1,726,7.282187,133.606
124,1,236,4.9292,41.34492
118,1,254,4.9238,44.65464
127,1,270,4.607003,46.06042
71,1,566,5.8296,88.05584
131,1,224,4.9328,40.62462
75,1,512,6.245792,88.34438
44,0,1376,4.596603,214.613
45,0,0,0,0
125,1,293,4.9121,41.57434
128,1,216,4.935203,40.15955
119,1,267,4.919904,46.29269
52,1,752,7.274384,133.1269
132,1,243,4.927103,43.77976
57,1,847,7.245884,134.9051
129,1,226,4.932202,43.35945
126,1,229,4.9313,41.25425
133,1,239,4.9283,42.51851
72,1,512,5.846397,88.97401
76,1,484,5.8548,87.15807
127,0,167,0.966601,41.39989
128,0,0,0,0
128,0,0,0,0
120,1,394,4.8818,52.24926
130,1,240,4.927999,41.67307
44,0,7129,30.934,1027.022
54,1,909,7.727285,153.1919
134,1,286,4.914203,47.21367
128,1,223,2.933093,39.90615
121,1,227,4.931902,41.03473
131,1,193,4.942102,37.55709
45,1,795,6.761488,136.6871
77,0,467,1.906595,82.17598
78,0,0,0,0
78,0,0,0,0
78,0,0,0,0
56,1,1633,9.784369,257.2918
73,1,524,6.236794,88.43147
135,1,278,4.7136,42.06625
129,1,226,4.932202,39.64735
53,1,852,8.244403,145.9813
132,1,220,5.433999,41.95386
58,1,764,7.770786,129.2163
122,1,331,5.4007,55.45029
136,1,227,4.931902,42.1114
130,1,235,4.929502,42.26264
52,1,1818,11.45474,281.8987
133,1,234,4.929802,42.97907
123,1,224,4.9328,42.45137
78,1,517,3.34489,93.11966
137,1,229,4.9313,40.48859
74,1,494,6.351793,89.03094
131,1,254,4.923803,45.36311
134,1,262,4.921402,44.8688
44,0,4932,22.17223,723.6166
45,0,0,0,0
51,1,3310,13.26335,456.2401
54,0,616,1.735393,104.8135
138,1,208,5.437602,39.15762
132,1,264,4.9208,42.32576
57,1,833,7.148885,137.7786
55,1,1166,8.049614,193.9457
139,1,237,4.928903,44.28303
79,1,451,6.364694,83.92769
59,1,831,7.545883,137.5742
75,1,483,6.355094,85.906
133,1,231,4.930702,43.42844
135,1,506,5.848197,78.33846
140,1,205,4.938502,37.62889
52,0,511,2.897794,92.82774
53,1,890,7.732987,144.5366
134,1,221,4.9337,41.3728
136,1,235,4.929502,44.10838
141,1,196,5.441197,36.85253
135,1,226,4.932202,40.61937
76,1,481,6.255694,83.10804
55,0,804,1.455193,123.1454
45,0,1816,7.504538,276.5652
80,1,657,6.093892,92.29601
137,1,282,4.596803,42.82904
56,1,724,7.680986,131.3646
45,0,1025,4.294992,171.3309
142,1,303,4.9091,45.05508
136,1,211,4.936702,37.14294
58,1,845,7.246488,138.416
46,1,1846,11.6392,292.5488
138,1,295,4.794102,46.10931
143,1,256,4.9232,42.04931
60,1,942,7.514381,141.8489
137,1,278,4.6956,42.35468
54,1,794,7.145586,133.5458
46,0,513,2.290195,91.57735
53,0,892,5.321604,150.1499
56,0,601,1.071398,103.0583
77,1,610,6.215192,92.44816
144,1,202,4.939402,38.77235
139,1,224,4.932802,40.34426
81,1,522,5.8434,86.28192
138,1,195,4.941503,38.29301
145,1,264,4.803999,43.87343
139,1,233,4.930099,41.83122
140,1,297,4.767101,43.97815
55,0,3977,20.87591,668.7115
56,0,0,0,0
78,1,506,6.242793,85.69968
146,1,239,4.9283,41.32394
57,1,1016,8.195203,168.1622
141,1,232,4.9304,41.73568
59,1,974,6.977173,137.9056
82,1,573,6.226892,96.42985
61,1,803,7.759085,134.2555
55,1,783,7.765086,134.7322
46,0,1131,5.061823,192.3316
47,0,0,0,0
124,1,2415,16.27538,387.113
142,1,240,4.928,42.23617
57,1,799,6.639892,133.8692
147,1,295,4.8103,42.17456
140,1,573,6.828091,91.97754
125,1,222,4.933403,40.17905
143,1,267,4.919903,43.72911
79,1,556,6.021793,89.02728
141,1,258,4.9226,44.72432
83,1,596,5.821197,93.41403
56,1,849,6.745288,148.5539
126,1,298,4.9106,45.85977
58,1,725,7.782486,134.0164
148,1,474,5.753599,79.0897
144,1,273,4.918103,45.60107
142,1,246,4.926202,43.66941
60,1,902,6.60479,136.0033
127,1,273,4.918103,46.42411
143,0,148,0.9704011,41.60072
144,0,0,0,0
144,0,0,0,0
145,1,202,4.939402,38.07078
149,1,269,4.9193,43.27372
62,1,938,7.117387,133.8303
56,1,917,6.724891,156.5635
80,1,534,5.736797,89.92471
84,1,457,6.362896,84.00436
58,0,894,2.961172,154.0599
59,0,0,0,0
144,1,225,2.832492,40.69167
81,0,154,0.9692011,41.89935
82,0,0,0,0
82,0,0,0,0
82,0,0,0,0
150,1,223,5.433103,39.51116
128,1,290,4.913,43.742
146,1,295,4.9115,45.65495
63,0,373,1.425399,72.12117
145,1,243,4.927103,45.66623
129,1,226,4.825003,42.43426
59,1,795,7.261484,143.0642
57,1,950,6.784985,139.6632
85,1,496,5.851197,87.00658
151,1,448,6.059593,77.83511
130,1,203,4.939102,36.88507
146,1,234,4.929802,40.48901
82,1,516,3.345183,91.16731
61,1,847,7.39488,134.9201
147,1,581,6.825688,95.61845
57,1,849,7.040483,144.1187
152,1,226,5.432202,41.41803
131,1,243,4.816903,43.74225
147,1,254,4.7214,41.58434
60,0,438,2.308196,91.00189
61,0,0,0,0
59,1,851,6.744689,139.4855
148,1,255,4.9235,42.05442
132,1,207,4.937902,40.00307
153,1,253,4.924102,44.36
148,1,231,4.9307,42.23111
86,1,632,6.710389,104.2747
133,1,224,5.432797,41.57319
149,1,257,4.922903,44.46218
64,1,994,7.60178,154.4706
149,1,219,4.834302,41.61908
154,1,261,4.921702,46.00283
47,0,3373,16.32511,560.4914
48,0,0,0,0
47,1,2374,11.56884,339.3027
54,0,3153,16.16497,485.2884
150,1,193,4.942102,37.15941
155,1,212,4.9364,40.64306
150,1,251,4.924702,45.21561
62,1,865,6.935082,133.341
134,1,290,4.688999,44.38794
87,1,528,6.341593,91.02889
151,1,213,5.436098,40.14253
156,1,253,4.816899,41.81606
135,1,243,4.927102,45.04207
58,1,1294,9.288456,209.4241
152,1,246,4.926202,44.97355
83,1,1336,9.099229,222.9656
136,1,225,4.932502,43.60308
157,1,241,4.9277,41.45116
151,1,634,5.809795,98.02593
59,0,383,1.4234,77.9454
60,0,0,0,0
153,1,262,4.921402,46.37631
137,1,232,4.9304,41.23197
58,0,1467,8.706709,259.1956
158,1,249,4.824702,46.10638
60,0,1383,6.723485,238.4556
63,1,792,6.762392,139.3092
48,0,938,3.312387,163.5862
49,0,0,0,0
154,1,229,4.931302,43.75452
61,1,1568,11.02971,269.7853
152,1,290,4.913002,44.13709
138,1,223,4.9331,41.89082
84,1,507,6.847889,88.88033
65,1,1203,9.639153,185.9757
159,1,219,4.934302,39.71129
47,0,4256,19.90934,668.6403
61,0,337,1.4326,71.53928
88,1,958,8.712615,168.5755
55,1,1207,9.637952,184.7193
139,1,226,4.932199,40.64148
160,1,258,4.802202,42.61228
62,0,397,0.7420097,69.7658
63,0,0,0,0
140,1,229,4.9313,43.05124
161,1,218,4.9346,41.11611
85,0,508,2.898391,98.78625
86,0,0,0,0
86,0,0,0,0
86,0,0,0,0
59,1,728,7.781587,128.1972
153,1,582,5.8254,99.68537
60,1,863,6.536289,140.4634
89,1,470,6.858995,87.97387
141,1,242,4.927403,43.02901
62,0,561,2.887792,113.1452
162,1,210,4.937002,40.92814
66,1,747,7.575886,129.5403
154,1,218,4.934602,41.00267
155,0,904,4.819198,151.0332
156,0,0,0,0
156,0,0,0,0
163,1,214,5.435798,40.62853
155,1,231,4.930702,43.47272
90,1,425,6.372494,80.20694
164,1,286,4.914202,49.74054
156,1,197,5.440902,36.55458
86,1,744,4.776791,128.4542
48,0,2340,10.11697,393.8122
49,0,0,0,0
60,1,769,7.15489,132.6762
165,1,238,4.928602,44.5487
157,1,266,4.9202,43.18899
156,1,623,4.813095,95.97613
61,0,208,0.3307992,42.64428
62,0,0,0,0
142,1,938,8.718622,157.5792
67,1,880,7.127587,140.7075
49,1,1782,8.154586,278.4664
166,1,236,4.9292,41.78115
157,1,238,5.428597,41.57215
158,1,248,4.9256,43.296
87,1,544,5.8368,89.58012
48,1,1763,11.73645,275.9702
143,1,255,5.318703,41.03756
64,1,2060,13.38205,356.8995
167,0,243,1.4514,59.92818
168,0,0,0,0
168,0,0,0,0
168,0,0,0,0
168,0,0,0,0
158,1,217,4.829503,40.39389
159,1,271,4.918704,42.46396
144,1,218,4.934602,40.603
159,1,228,4.826203,41.99414
88,0,387,1.922601,70.84682
89,0,0,0,0
89,0,0,0,0
89,0,0,0,0
62,1,810,6.655189,138.0685
145,1,217,4.9349,40.42628
160,1,368,4.7866,47.72303
168,0,458,-1.091598,94.76573
169,0,0,0,0
169,0,0,0,0
169,0,0,0,0
169,0,0,0,0
160,1,234,4.9298,40.90118
61,1,1827,12.45203,317.7997
91,1,1470,9.64827,234.0105
68,1,889,8.233282,147.4354
146,1,247,4.9259,41.76167
161,1,226,4.932202,40.69912
169,1,259,0.9223095,44.14908
161,1,316,4.9052,47.37078
89,1,512,3.139183,85.72113
147,1,222,4.831602,42.91721
56,0,2604,12.36888,408.2876
162,1,216,4.935203,39.8031
170,1,210,4.937002,39.77355
162,1,203,4.939102,37.99465
63,1,2605,16.50635,416.6303
65,1,1049,7.584084,178.4127
148,1,315,6.405497,57.73498
163,1,260,4.413601,43.30305
171,1,256,4.9232,41.43617
92,1,598,5.605596,91.08804
163,1,237,4.928903,44.25404
62,1,828,6.49699,131.0118
90,1,558,6.332593,95.14015
149,1,214,4.935802,41.95434
172,1,211,4.936702,40.26915
164,1,225,5.432498,40.70286
164,1,242,5.427399,43.70278
49,1,1661,11.36584,249.4352
66,0,540,2.282395,106.3372
67,0,0,0,0
57,1,763,7.656685,129.3306
165,1,227,4.931902,43.60503
165,1,233,4.930102,41.8773
150,1,270,4.794399,42.24461
69,1,1173,8.442709,179.1461
64,1,789,7.263287,142.731
166,1,214,4.935802,41.65474
151,1,263,4.819902,42.48949
166,1,278,4.9166,42.81467
173,1,620,6.813988,104.1835
167,1,226,4.932202,40.96759
152,1,225,4.932502,39.76968
167,1,235,4.929502,43.79336
174,1,252,4.8238,43.16961
67,1,748,6.275593,132.4312
168,1,200,4.940002,37.83493
168,1,290,4.808199,44.93502
175,1,224,4.932802,41.63065
169,1,192,4.942402,36.75416
91,1,1289,9.508552,218.6493
70,1,833,7.750082,147.4743
65,1,783,7.265089,136.0402
169,1,268,4.919602,46.58672
176,1,197,5.440902,38.52179
63,1,2323,13.30321,398.2777
58,1,1135,8.458315,185.1032
170,1,224,5.432802,41.08002
170,1,252,4.924403,44.16156
177,1,209,4.9373,40.47447
68,1,684,7.794787,124.5042
153,1,891,7.232684,131.471
93,1,1854,13.44383,313.2008
178,0,152,0.9696012,42.52908
179,0,0,0,0
179,0,0,0,0
179,0,0,0,0
179,0,0,0,0
171,1,255,4.923502,43.229
171,1,334,4.460799,43.87422
154,1,190,4.943002,37.55439
63,1,1943,12.30045,314.5467
179,1,206,0.7364107,39.59497
63,0,4513,22.59671,743.2081
50,0,3562,17.56618,580.9194
51,0,0,0,0
66,1,684,7.794787,127.0363
172,1,248,4.9256,41.80433
92,1,704,5.788798,110.3726
64,1,760,7.670786,136.5643
71,1,846,7.143187,145.3396
155,1,230,4.931003,44.26613
180,1,224,5.432798,40.09748
172,1,269,4.9193,42.25501
94,1,475,6.357495,85.40036
173,1,244,4.9268,42.45134
156,1,204,4.938802,38.54979
173,1,250,4.925003,47.32601
51,0,452,1.307799,88.40139
52,0,0,0,0
181,1,281,4.9157,43.85511
69,1,810,7.756989,139.8548
157,1,272,5.418403,45.43039
182,1,205,4.938502,38.5543
174,1,462,5.8614,67.00342
174,1,290,4.913003,49.20486
67,1,746,7.276189,136.5701
158,1,213,5.436102,39.1458
64,1,904,7.019784,147.1037
175,1,188,4.943602,35.80317
183,1,270,5.418998,49.16422
65,1,785,7.764485,140.0561
95,0,746,4.850803,146.7082
96,0,0,0,0
96,0,0,0,0
96,0,0,0,0
175,1,242,4.927402,44.78394
52,0,560,1.387994,105.248
53,0,0,0,0
159,1,193,4.942102,38.02898
93,1,1057,8.47751,157.7138
184,1,247,4.9259,43.71881
176,1,244,4.9268,45.0763
70,1,693,7.692085,125.9055
160,1,211,4.9367,41.05289
176,1,373,4.888099,65.43604
185,1,218,4.934602,42.28228
96,1,460,3.361991,84.87141
161,1,189,4.943302,36.771
177,1,234,4.824403,41.86354
177,1,215,4.935502,38.95459
94,1,462,6.361394,84.43262
186,1,215,5.435502,40.19965
65,1,804,6.947384,132.0915
178,1,236,4.9292,42.56328
178,1,223,4.731302,40.48772
162,1,286,5.414202,43.65516
187,1,251,4.924703,44.95091
68,0,1124,5.275237,209.0859
69,0,0,0,0
69,0,0,0,0
69,0,0,0,0
179,1,208,4.937602,41.15425
97,1,478,6.356594,87.96048
179,1,211,4.9367,42.30395
71,1,715,7.285486,128.0474
95,0,418,2.416397,88.28668
96,0,0,0,0
96,0,0,0,0
96,0,0,0,0
96,0,0,0,0
96,0,0,0,0
163,1,225,4.932502,42.80224
53,0,955,2.988585,162.3086
54,0,0,0,0
188,1,194,4.941802,37.32797
50,0,3819,18.2322,591.6291
180,1,235,5.429502,45.88797
180,1,268,4.9196,44.37675
164,1,286,4.9142,44.29442
51,0,158,0.968401,41.63188
189,1,210,5.437002,39.9543
66,1,1363,8.591105,240.4562
59,0,2828,11.1241,455.143
66,1,667,7.699287,121.1703
181,1,221,4.9337,41.30394
98,1,507,6.139494,88.27419
181,1,229,4.9313,41.89224
96,1,487,1.353941,90.40668
165,1,234,4.9298,42.4623
182,1,196,4.941202,37.54407
69,1,745,4.57469,139.1609
182,1,280,4.815403,46.65769
54,1,677,6.796888,120.3745
72,1,712,7.585786,131.6673
166,1,263,4.817503,47.49581
190,1,485,5.854497,86.17425
183,1,212,4.936402,38.66801
183,1,250,5.425003,40.78291
99,1,542,6.133192,92.55516
191,1,239,4.928302,44.88143
167,1,258,4.9226,44.31937
97,1,557,6.332895,92.00925
67,1,713,7.786087,125.2279
184,1,240,4.822603,44.33177
184,1,313,4.493504,45.7084
168,1,213,4.936102,40.62884
192,1,238,4.9286,43.39307
70,1,770,7.065384,133.2648
185,1,271,4.712702,43.35513
100,1,451,5.864698,84.51996
169,1,220,4.934,41.83626
193,1,226,4.932202,43.93833
73,1,832,7.250383,148.6921
98,1,515,6.845488,91.89418
186,1,238,4.928602,44.33624
170,1,261,4.9217,41.74065
194,1,240,5.428002,41.63116
52,1,1529,12.04141,257.8975
68,1,785,7.764485,136.2994
187,1,226,4.932202,41.00307
185,1,719,6.284291,124.094
64,0,3891,18.10576,648.2398
171,1,219,4.833102,43.41738
195,1,244,4.9268,42.06191
99,1,467,6.359894,86.45571
186,1,210,4.831603,39.53225
188,1,275,5.417499,46.14599
172,1,228,4.9316,41.83699
196,1,220,4.934002,41.93276
173,1,194,4.941802,37.26751
189,1,210,4.937002,39.95448
187,1,278,4.9166,44.03177
71,1,991,8.702703,178.1852
74,1,903,7.624286,159.1774
197,1,227,4.931902,43.07263
69,1,703,7.789087,128.8042
100,1,537,5.932291,87.42994
174,1,194,5.441798,37.55445
188,1,240,4.927999,40.69685
60,0,2287,10.83658,388.4628
190,1,270,4.919003,46.03883
53,0,841,3.831787,159.3108
101,1,1230,9.823871,215.4423
65,0,777,3.844584,143.3952
66,0,0,0,0
198,1,292,4.9124,42.85507
175,1,221,4.9337,41.29888
189,1,218,4.934602,42.20119
191,1,212,4.9364,41.17603
67,1,2518,14.74452,448.0061
199,1,230,4.931,41.05411
101,1,437,6.368895,79.60107
190,1,227,4.931902,43.59494
176,0,294,1.441201,66.2964
177,0,0,0,0
177,0,0,0,0
192,1,251,4.9247,41.36849
72,1,736,7.676186,130.8449
200,1,203,4.939102,38.95094
191,1,216,5.435202,40.92188
70,1,769,7.269289,137.2915
177,1,256,2.923192,44.95533
201,1,191,4.942702,37.74105
102,1,734,7.779785,126.9177
102,1,452,5.864398,84.65709
192,1,212,4.732802,39.4441
178,1,232,5.430398,41.70216
202,1,279,4.7055,40.85875
193,1,534,6.234993,86.92473
68,1,761,7.271688,134.9695
193,1,283,4.9151,43.01066
54,0,1127,5.274641,195.6579
179,1,235,4.929502,43.16484
194,1,232,4.930403,41.80264
103,1,478,6.356593,85.7082
203,1,268,4.9196,44.83979
55,1,3221,18.62569,527.4924
75,1,1509,10.5474,277.8407
103,1,523,5.722698,87.83355
49,0,9938,48.89698,1660.913
50,0,0,0,0
66,0,1376,7.224883,239.3286
180,1,277,4.9169,44.62716
71,1,773,7.768085,136.8927
194,1,317,4.904903,54.34694
73,1,949,9.613535,165.4848
204,1,265,4.9205,43.65506
195,1,323,5.403099,59.56846
61,0,1590,6.859293,269.9662
181,1,216,4.9352,41.97286
195,1,202,4.939403,38.79827
104,1,484,6.250593,89.90765
205,1,220,4.934,41.6923
69,1,772,7.664179,133.8087
182,1,213,4.9361,41.12603
196,1,261,4.821099,41.33253
206,1,201,4.939702,38.38596
76,1,721,7.783686,135.7619
72,1,687,7.293887,125.6544
105,1,431,6.370696,83.99529
55,0,1028,4.794429,183.6245
207,1,239,4.9283,42.92976
197,1,262,4.9214,44.72499
183,1,327,4.673102,48.13913
50,1,852,6.744387,147.4702
104,0,932,4.690791,171.1894
105,0,0,0,0
105,0,0,0,0
105,0,0,0,0
74,1,814,7.519177,130.3737
184,1,195,4.941503,39.35449
208,1,221,4.9337,41.37658
198,1,266,4.9202,44.73097
70,0,753,3.016983,142.2445
72,1,6978,27.90545,1140.217
185,1,230,4.931003,42.92822
106,1,466,5.860199,85.97296
209,1,279,4.9163,44.47506
105,1,417,3.374891,80.6077
196,1,1131,9.160706,176.7427
71,0,327,1.434599,71.96179
72,0,0,0,0
62,0,1273,5.535861,218.136
186,1,249,4.925303,43.57302
73,1,790,6.762991,134.0119
67,0,1499,8.200317,265.2007
51,1,716,7.785186,128.1851
210,1,286,4.794399,45.6647
197,1,334,5.399798,57.00475
56,0,894,3.821187,157.9377
107,1,454,6.259594,83.74066
187,1,238,5.218403,41.81265
211,1,193,4.942102,37.60295
63,0,369,1.426199,72.90002
198,1,255,5.423503,41.83943
199,1,971,8.708702,159.1873
212,1,280,5.416002,42.395
199,1,237,4.928903,44.02856
188,0,416,-0.03600126,64.88667
189,0,0,0,0
189,0,0,0,0
108,1,453,5.864098,85.32227
106,1,901,6.410494,147.7731
64,0,388,1.4224,72.05587
52,1,680,8.296004,120.608
200,1,225,4.9325,41.75772
213,1,243,4.927103,42.32599
189,1,214,2.835793,41.53925
200,1,230,4.931002,43.87883
72,0,912,3.317587,166.9954
73,0,0,0,0
201,1,216,4.9352,41.2312
201,1,221,4.9337,41.57442
214,1,289,4.794703,46.0489
190,1,291,4.598902,47.45244
109,1,520,6.343993,93.18979
202,1,205,4.938502,41.46954
107,1,494,6.644594,87.53456
77,1,2120,13.75447,372.181
73,0,392,0.4216004,77.75854
74,0,0,0,0
202,1,211,4.936702,38.81266
75,1,1905,11.42867,343.8364
191,1,210,4.937,41.09671
203,1,225,4.9325,41.37289
68,1,1401,11.5798,249.3635
203,1,202,4.939402,39.59811
192,1,203,4.939102,40.92834
215,1,487,6.050293,84.40408
204,1,198,4.940602,37.60796
108,1,505,6.348495,94.35297
204,1,217,4.9349,41.36993
193,1,214,5.331597,39.2729
205,1,225,5.432498,42.9543
216,1,268,5.207603,41.89253
110,1,736,6.472589,124.5778
205,1,223,4.9331,41.52108
194,1,216,4.935203,41.95445
217,1,211,4.936702,41.58228
206,1,255,4.704899,41.80286
74,1,812,6.651589,140.8424
206,1,196,4.941202,38.60658
109,1,494,5.851799,86.98383
69,1,754,7.663587,136.1165
195,1,294,4.9118,45.39895
218,1,305,5.408498,54.08054
207,0,279,1.4442,62.07286
208,0,0,0,0
208,0,0,0,0
111,1,493,5.852098,89.1721
73,0,2789,13.13548,463.8331
196,1,239,4.928303,43.6482
74,1,2529,16.24119,427.0467
207,0,454,2.909193,91.78967
208,0,0,0,0
208,0,0,0,0
208,0,0,0,0
208,0,0,0,0
208,1,231,2.930692,45.15955
219,1,264,5.3196,42.95651
110,1,450,6.364994,85.42181
112,0,300,1.440001,67.28857
113,0,0,0,0
113,0,0,0,0
113,0,0,0,0
76,1,1439,11.46842,261.0301
197,1,215,5.435502,41.43122
209,1,215,4.9355,41.42392
198,1,223,4.9331,41.0924
208,0,448,-1.089598,89.16383
209,0,0,0,0
209,0,0,0,0
209,0,0,0,0
209,0,0,0,0
220,1,416,5.8752,72.40244
77,0,342,1.931601,74.28858
78,0,0,0,0
78,0,0,0,0
78,0,0,0,0
199,1,212,4.936402,41.32836
209,0,166,-3.033188,43.28967
210,0,0,0,0
210,0,0,0,0
210,0,0,0,0
210,0,0,0,0
74,1,803,7.659085,140.3533
221,1,224,4.9328,41.15762
200,1,199,4.940302,38.41442
113,1,711,3.88129,127.5507
70,1,1243,9.127129,222.5287
210,1,707,6.787891,118.0823
201,1,201,4.939702,37.69983
211,1,244,4.926802,44.25918
222,1,506,5.848199,82.33329
202,1,225,5.432502,41.82013
57,0,3638,17.27207,627.2735
75,1,1267,10.01217,223.1294
223,1,225,4.9325,42.0434
203,1,298,4.683602,45.41647
212,0,418,2.416394,83.0914
213,0,0,0,0
213,0,0,0,0
114,1,820,7.652186,142.6625
224,1,254,4.923803,47.90688
53,0,3496,13.23878,569.9485
54,0,0,0,0
204,1,222,4.933402,43.04919
210,0,1139,0.944591,193.3703
211,0,0,0,0
211,0,0,0,0
211,0,0,0,0
211,0,0,0,0
213,1,203,2.939093,40.36766
111,0,1801,8.639873,322.9637
112,0,0,0,0
112,0,0,0,0
112,0,0,0,0
112,0,0,0,0
112,0,0,0,0
225,1,197,5.440898,38.15434
71,1,1085,9.070932,181.5929
205,1,226,4.932199,41.02465
211,1,205,0.9385107,38.70919
75,1,1324,9.500457,212.4486
76,0,771,4.345794,142.8983
58,1,829,7.251287,140.7115
226,1,221,4.9337,41.06913
214,1,331,5.400702,62.9777
115,1,519,5.622099,89.28314
206,1,241,4.927703,44.79904
212,1,337,4.8989,57.82758
215,1,226,4.932199,42.03111
54,1,725,6.176494,128.5751
227,1,332,5.400399,61.50016
207,1,219,4.934302,43.83473
112,1,628,1.090642,96.65866
72,0,544,2.391195,112.6789
213,1,207,4.937902,39.05568
216,1,202,4.939402,38.35461
228,1,202,4.939403,39.33513
208,1,203,4.939102,40.27084
75,1,3130,17.74635,551.5997
116,1,522,6.343396,94.00586
214,1,200,4.940002,37.40439
59,1,732,7.674986,124.7782
229,1,248,4.925603,45.72797
56,0,7072,32.0844,1212.929
57,0,0,0,0
55,0,494,3.401193,95.0907
56,0,0,0,0
209,1,268,4.9196,42.25375
217,1,340,4.898,41.8552
113,1,456,6.363194,87.35889
78,1,2457,13.76291,422.6339
215,1,247,4.925902,44.55025
230,1,211,4.936702,40.26892
210,1,224,4.832802,39.18813
117,1,432,6.370395,83.01796
218,1,227,4.9319,41.22443
216,1,222,4.933402,43.28269
65,0,5111,23.73639,834.5612
231,1,232,4.9304,42.89339
219,1,196,4.941202,39.4031
76,1,739,7.678285,137.857
220,1,216,5.435198,38.83094
232,1,237,4.928904,43.22241
118,1,424,6.872791,80.75372
66,0,318,1.936399,69.1433
79,1,660,7.801987,121.0827
60,0,878,4.324409,161.7167
233,1,201,4.939702,38.54114
217,1,673,5.7981,104.0035
234,1,216,5.435202,41.21573
67,0,387,1.922596,80.576
119,1,450,6.264395,84.42857
221,1,484,5.854794,73.43774
218,1,219,4.9343,41.43858
77,1,744,7.27679,133.291
235,1,224,4.9328,41.84138
222,1,233,4.930102,44.00317
68,0,306,1.938798,66.38895
219,1,228,4.9316,41.23108
114,1,1400,8.579997,239.9142
73,1,1900,11.93018,327.7603
77,0,2387,14.52241,430.3459
236,1,317,4.801899,45.28037
61,0,829,4.3342,157.2764
220,1,216,4.935203,40.77237
223,1,265,4.9205,46.20499
76,1,2603,14.11194,415.9778
120,1,621,6.095091,93.48837
211,1,1503,11.54924,249.88
224,1,192,5.442402,37.99831
237,1,226,4.932203,44.81958
221,1,284,4.811803,47.92575
69,0,530,2.791591,94.14091
212,1,199,4.940302,38.15282
115,1,492,6.352394,87.99615
56,1,2043,10.8746,349.1799
225,1,233,4.930102,42.99833
238,1,228,4.931602,41.95415
213,1,225,4.932502,43.93784
121,1,477,5.856899,87.24275
80,1,1498,9.845263,262.0487
78,1,1036,8.189205,184.2526
239,1,230,4.931,45.48712
214,1,221,4.9337,42.22804
222,1,496,6.245192,82.3819
116,1,492,6.252393,84.44121
77,1,800,7.759984,135.4847
226,1,510,6.028993,83.42949
240,1,294,4.9118,43.61472
215,1,268,4.9196,41.95588
122,0,470,3.405993,103.7648
123,0,0,0,0
123,0,0,0,0
123,0,0,0,0
223,1,285,4.914502,48.76083
227,1,223,4.933103,41.75446
241,1,231,4.9307,41.63608
79,0,565,2.886991,114.6328
80,0,0,0,0
216,1,194,4.941802,38.19478
57,0,854,3.517183,153.9405
117,1,525,6.342494,95.2196
224,1,290,4.674602,42.84843
81,1,778,6.666591,136.0114
242,1,253,4.9241,43.12335
78,1,1558,12.4321,271.9312
123,1,424,3.372792,81.71247
228,0,338,1.4324,66.81944
229,0,0,0,0
229,0,0,0,0
217,1,389,6.883295,67.56951
225,1,272,5.418398,44.98985
70,0,1348,7.730493,239.436
118,0,338,1.4324,70.15005
119,0,0,0,0
119,0,0,0,0
119,0,0,0,0
243,1,233,4.930102,41.59441
62,0,1699,7.657329,276.1522
229,1,228,2.931592,43.25063
80,0,597,1.880595,121.6477
81,0,0,0,0
226,1,200,4.940002,38.45392
244,1,195,4.941502,38.40286
218,1,338,5.398599,62.71412
230,1,218,4.9346,40.92176
119,0,276,-1.555209,65.10883
120,0,0,0,0
120,0,0,0,0
120,0,0,0,0
124,1,561,5.831699,91.15742
227,1,235,4.9295,42.69631
58,1,809,7.642286,142.045
245,1,244,5.426803,41.62125
82,1,770,6.664791,132.1851
63,0,456,2.408796,87.44432
125,0,158,0.968401,41.46435
126,0,0,0,0
126,0,0,0,0
126,0,0,0,0
126,0,0,0,0
126,0,0,0,0
231,1,253,4.9241,42.17506
228,1,274,4.917804,44.33296
71,1,763,8.271101,130.6559
232,1,213,4.936102,40.66959
246,1,304,4.781799,42.71117
219,1,520,6.84399,81.51421
120,1,577,3.326886,100.2513
229,1,265,4.820502,45.87716
81,1,819,6.754289,139.7113
247,1,209,4.937302,38.15433
220,1,198,4.940602,38.60312
57,1,4333,23.19957,744.5391
78,0,1813,9.637467,312.4959
126,1,511,1.241944,88.16596
233,1,304,4.908803,48.21098
230,1,210,4.937002,38.60286
248,1,190,5.442998,38.10259
58,0,153,0.9694011,41.68427
59,0,0,0,0
79,1,1384,11.08489,248.907
83,1,711,7.286689,134.6496
221,1,234,4.929802,43.55447
234,1,218,4.934602,40.88357
121,1,480,6.254797,81.6885
231,1,202,4.939402,38.5479
249,1,247,4.925902,45.16813
59,1,1009,9.097343,174.9301
222,1,223,4.933102,39.5824
82,0,515,2.658587,100.6549
232,1,229,4.931302,43.3114
250,1,202,4.939402,39.50955
223,1,318,4.9046,60.16288
235,1,523,5.8431,80.2691
122,1,470,6.358994,86.96397
74,1,3592,17.42219,621.8196
251,1,222,4.933402,41.93279
80,1,673,7.298088,127.1295
59,0,709,3.254587,139.1999
60,0,0,0,0
127,1,895,6.928486,138.517
84,1,758,7.561785,134.5612
224,1,227,4.931902,43.35445
233,0,454,2.409201,96.15238
234,0,0,0,0
234,0,0,0,0
234,0,0,0,0
234,0,0,0,0
252,1,198,4.940602,37.9543
236,1,253,4.9241,42.02613
225,1,212,4.9364,41.09705
253,1,192,4.942402,37.55436
234,1,231,0.9307102,42.8148
237,1,225,4.932502,39.63236
123,1,477,5.856897,86.9163
60,0,429,1.914197,88.45098
61,0,0,0,0
128,1,463,5.861098,83.86124
226,1,258,4.802802,43.31292
235,1,280,4.916,43.12083
238,1,298,4.910603,47.49355
85,1,709,7.18549,130.4397
254,1,464,6.360792,86.31901
227,1,219,4.934302,42.28117
81,1,849,6.521889,137.846
75,1,895,7.948667,136.9323
61,0,428,1.914398,89.80058
62,0,0,0,0
124,1,466,6.255394,87.84171
239,1,225,4.9325,41.60321
236,1,316,4.791399,43.81146
228,1,200,5.939998,39.19982
255,1,219,5.434302,41.79427
129,1,530,5.619999,89.44642
229,1,208,4.937602,42.01183
240,1,330,4.676999,43.3831
237,1,327,5.401899,59.80434
79,1,732,7.280389,135.3431
256,1,320,4.903999,61.84184
72,1,2567,12.13009,429.4779
125,1,549,6.229892,87.47633
86,1,659,7.302287,129.1862
230,1,251,4.924702,49.43113
241,1,222,4.933402,43.40301
130,1,479,5.8563,87.91442
257,1,236,4.929202,44.79615
76,1,761,8.169885,132.0109
238,1,295,4.9115,41.28093
82,1,833,6.612883,133.1382
231,1,218,4.9346,40.82932
242,1,258,5.422599,46.72692
83,1,2169,15.34925,386.3083
258,1,238,4.928602,45.05356
64,1,3217,18.83288,498.9929
239,1,248,4.9256,42.51338
62,0,1066,5.286817,202.9679
63,0,0,0,0
243,1,236,4.929202,40.9943
259,1,191,5.442702,38.15432
131,1,495,5.751499,85.53941
240,1,285,5.289899,46.39923
60,1,2602,16.47067,417.252
232,1,480,6.35599,83.23505
87,1,752,6.567791,131.7127
244,1,229,4.9313,41.47911
260,1,220,4.934,41.22312
126,1,825,7.252482,147.3882
77,1,711,7.286686,128.0227
241,1,214,4.9358,40.97116
233,1,202,4.939403,37.80539
83,1,746,7.776184,132.1342
127,0,174,1.465199,46.56224
128,0,0,0,0
128,0,0,0,0
128,0,0,0,0
245,1,247,4.925902,46.2107
261,1,218,4.9346,40.45629
132,1,457,6.362894,90.41232
242,1,257,4.8217,43.42283
234,1,261,4.9217,45.45875
262,1,217,4.9349,42.88871
246,1,232,5.329798,42.5585
80,0,1370,6.726098,249.1492
81,0,0,0,0
63,1,784,6.649184,136.6025
235,1,211,4.9367,41.1017
263,1,198,4.940602,39.65401
128,1,460,3.36199,84.75404
247,1,220,4.733402,41.98222
243,1,352,4.769199,45.93186
88,1,780,7.563583,137.0025
61,1,875,7.136889,152.0123
236,1,195,4.941502,38.49719
264,1,235,4.829502,43.70338
78,1,812,7.756382,145.8065
84,1,742,7.570183,130.1905
244,1,267,4.702499,41.72524
237,1,202,4.939403,39.95445
89,0,316,1.4368,68.11205
90,0,0,0,0
265,1,208,4.937602,41.58441
81,1,708,6.287594,127.8369
238,1,204,5.438797,39.81263
248,1,573,6.828089,95.813
129,1,582,6.097795,91.70002
64,1,805,7.652483,136.8783
266,1,231,4.9307,43.12687
84,1,1829,10.72144,292.0343
239,1,202,4.939402,40.75443
245,0,499,2.900193,96.46307
246,0,0,0,0
246,0,0,0,0
246,0,0,0,0
246,0,0,0,0
130,0,266,1.4468,62.193
131,0,0,0,0
131,0,0,0,0
131,0,0,0,0
267,1,202,4.939402,38.32163
62,1,751,7.473484,131.5627
249,1,342,4.763799,44.11964
85,0,283,1.443401,66.52264
85,0,742,2.746185,127.2207
86,0,0,0,0
79,1,809,7.044086,132.304
268,1,204,4.938802,39.95443
90,1,772,6.655796,132.3228
269,1,256,5.423196,47.21135
82,1,883,7.62968,156.5252
246,1,588,2.823599,97.88451
250,1,531,6.739489,89.17562
131,1,637,3.08368,93.32561
270,1,211,4.9367,40.58225
240,1,851,8.244708,139.9872
63,1,780,7.165988,137.6185
251,1,231,5.430703,40.64616
247,1,266,4.920203,45.8513
86,1,736,7.779185,133.6415
271,1,226,4.932202,43.32796
86,1,823,5.741093,135.2359
241,1,218,4.9346,41.84146
252,1,229,4.931302,44.22589
80,1,876,6.928786,137.5589
91,1,744,6.67559,131.5522
248,1,233,4.930102,44.11139
272,1,220,4.834002,41.98233
242,1,259,4.922302,48.31216
249,1,218,4.9346,41.45425
253,1,267,4.794699,42.95294
273,1,211,4.7349,40.85178
83,1,784,7.764787,132.6458
243,1,230,4.931003,44.36854
274,1,216,4.9352,41.29861
254,1,219,4.9343,41.0624
87,1,723,6.783092,130.734
132,0,984,4.803195,190.4955
133,0,0,0,0
133,0,0,0,0
133,0,0,0,0
250,1,334,5.399798,57.50281
244,1,187,4.943902,37.35444
275,1,217,4.9349,43.45893
255,1,239,4.928302,46.07796
81,1,744,7.276791,130.9873
92,1,789,7.536285,137.5304
245,1,217,4.8349,41.19372
65,0,3815,18.59575,654.5004
251,0,298,1.440401,67.39072
252,0,0,0,0
252,0,0,0,0
252,0,0,0,0
252,0,0,0,0
276,1,216,4.935203,40.04173
256,1,203,4.939102,38.26088
64,1,1201,10.53919,210.8967
246,1,203,4.939102,39.70207
133,1,456,3.363185,86.63719
84,1,752,6.774391,131.5804
252,1,230,0.8292098,42.58313
257,1,202,4.939402,37.67973
277,1,277,4.9169,43.97472
247,1,228,4.931602,44.70714
253,1,262,4.921403,49.4112
278,1,223,4.9331,42.24446
258,1,288,4.6812,44.35068
65,0,482,1.802397,92.50317
66,0,0,0,0
248,1,226,4.9322,42.37299
82,1,714,7.285789,130.9254
134,1,488,5.853596,93.04778
66,1,743,7.777085,130.9463
254,1,262,5.421399,44.83371
259,1,210,4.937002,41.5505
249,1,213,4.9361,41.26445
73,1,5089,28.37076,822.8311
79,1,7376,40.96449,1214.696
279,1,317,5.904896,58.81111
85,1,706,7.076787,129.7318
255,1,223,4.933103,41.14589
87,1,1950,8.726825,302.6696
250,1,214,4.9358,41.51612
135,1,435,6.264694,80.19016
260,0,320,1.935997,65.64481
261,0,0,0,0
261,0,0,0,0
280,1,214,4.9358,41.44367
133,0,4340,22.3929,759.7972
134,0,0,0,0
134,0,0,0,0
134,0,0,0,0
256,1,191,4.942702,38.40301
251,1,240,4.927999,42.3436
257,1,227,5.431898,43.90306
66,0,911,3.817784,168.5277
67,0,0,0,0
74,1,707,7.287886,131.0688
80,1,728,7.28159,132.3423
258,1,213,4.936102,40.85835
86,1,747,8.045298,130.92
281,1,671,5.7987,107.6723
252,1,493,6.852091,90.67829
88,1,906,7.511978,155.4956
261,1,852,5.24439,129.4549
136,0,889,4.822199,162.8839
137,0,0,0,0
137,0,0,0,0
137,0,0,0,0
253,1,222,4.9334,42.56051
282,1,257,4.922902,45.83491
67,1,1317,7.874888,194.5905
259,0,467,2.906591,92.20575
260,0,0,0,0
260,0,0,0,0
260,0,0,0,0
260,0,0,0,0
254,1,212,4.936402,39.80309
283,1,223,4.933102,42.79935
262,1,349,5.3953,57.36345
87,1,684,6.794792,130.0459
255,1,210,4.937002,41.68354
284,1,192,4.942402,38.75444
65,1,4575,26.19797,777.1809
83,1,1957,12.41302,351.314
263,1,294,4.9118,41.37201
89,1,717,7.284889,134.0097
285,1,215,4.935503,41.35408
260,1,613,2.316097,95.14931
81,1,1121,7.838509,164.2503
264,1,224,4.932803,42.99032
88,1,3188,17.54324,555.8411
261,1,204,4.938802,37.55419
286,1,248,4.8178,40.94941
256,1,502,6.349395,75.55463
265,1,213,4.936102,41.75454
257,1,203,5.439102,39.20328
287,1,229,4.931303,43.51355
67,0,1641,4.325004,276.9189
68,0,0,0,0
262,1,255,4.9235,43.85944
266,1,214,4.935802,41.16803
90,0,630,3.172188,127.1403
91,0,0,0,0
263,1,205,4.938502,38.00282
288,1,230,4.931003,44.35427
258,1,251,4.9247,41.87689
84,1,819,8.154284,142.298
66,1,950,6.868779,131.929
68,0,347,-0.2137984,64.10361
69,0,0,0,0
264,1,198,4.940602,39.36745
259,1,193,4.942102,38.25401
289,1,283,4.9151,44.85433
82,1,952,7.605378,152.3891
265,1,213,4.936102,38.65111
260,1,211,4.9367,40.52802
290,1,321,4.589304,45.36804
261,1,219,4.934302,42.00323
266,1,322,4.9034,43.14325
91,1,928,7.619187,156.5547
262,1,215,4.9355,41.17128
68,1,2169,12.34944,363.4316
93,1,4282,29.71474,800.1917
267,1,196,4.941202,37.40296
291,1,364,4.771599,61.65338
69,1,890,6.127598,135.5966
89,0,1515,5.541916,259.4212
267,1,1170,10.64907,201.5692
263,1,221,4.833702,42.94368
92,0,299,1.440199,68.71791
268,1,249,4.8229,42.55257
292,1,223,4.9331,43.17049
268,1,195,4.941502,38.63097
264,1,260,5.320197,48.97719
134,1,3542,19.21731,622.672
269,1,193,4.942102,37.61434
83,1,1078,8.069398,167.8863
293,1,231,4.9307,43.50995
85,1,1440,9.964458,247.2886
137,1,2865,16.21223,497.8
265,1,203,5.439098,40.95446
69,1,734,7.279786,126.9911
270,1,230,4.727403,42.93711
294,1,180,4.946002,35.97303
94,1,798,7.04138,128.4666
266,1,206,4.938202,40.20306
269,1,493,6.852094,83.11488
90,0,795,3.840987,153.7333
91,0,0,0,0
271,1,291,4.812702,57.32461
270,1,190,4.943002,36.35571
93,0,839,3.832184,147.9015
267,1,241,4.927702,47.69271
88,1,3046,21.76666,533.0911
70,0,435,2.412997,89.86234
271,1,253,4.924102,47.23252
268,1,207,4.937902,40.47433
295,1,622,5.813401,101.1045
94,0,324,1.435199,73.48724
272,1,227,4.931902,43.95937
269,1,229,4.931303,43.60307
296,1,207,4.937902,39.30973
67,1,2474,16.00012,409.319
272,1,662,6.301395,113.2366
91,1,785,6.03989,140.5986
270,1,195,4.941502,38.15523
95,0,353,1.429401,72.59147
273,1,239,4.9283,44.70998
70,1,1650,12.08712,281.9482
297,1,270,5.289604,42.3447
135,1,1354,10.29329,219.1601
89,1,742,8.044375,129.9339
71,1,783,8.265107,133.3073
271,1,212,4.832203,39.99435
138,1,1350,9.9907,189.0452
274,1,184,4.944802,37.11205
95,0,1241,5.646443,222.1623
96,0,0,0,0
96,0,0,0,0
96,0,0,0,0
298,1,212,4.831002,39.66476
86,1,1504,11.04892,272.3411
272,1,216,4.935202,42.60324
275,1,218,5.332798,41.78078
84,1,1725,13.48251,299.8831
136,1,487,6.353893,91.40327
273,1,643,6.807089,97.6053
299,1,335,4.899502,50.84266
273,1,239,4.9283,43.91773
276,1,236,4.929202,41.42905
139,1,465,5.860497,86.84554
274,0,198,1.460399,48.21611
275,0,0,0,0
275,0,0,0,0
275,0,0,0,0
275,0,0,0,0
300,1,203,4.939102,40.55437
90,1,714,7.285789,134.697
274,1,196,4.941202,39.029
71,1,824,6.527584,131.0661
68,1,1019,8.96914,178.5279
277,1,253,4.924102,43.7546
275,1,203,0.9391109,39.20533
137,1,437,6.368895,82.89798
275,1,190,5.443002,38.59481
301,1,268,4.7082,42.14027
278,1,235,4.929502,45.31048
140,1,484,5.854796,87.55257
96,1,1148,10.15566,205.7915
85,0,733,3.23419,136.2715
276,1,271,4.798899,42.9719
276,1,239,4.928302,46.76973
302,1,214,4.9358,41.57278
279,1,249,4.9253,43.22581
277,1,206,4.938202,38.60276
96,1,1179,7.043875,212.173
303,1,201,4.939702,39.14573
138,0,516,3.396788,111.1127
139,0,0,0,0
139,0,0,0,0
139,0,0,0,0
277,1,249,4.813903,43.51215
72,0,1423,7.215535,246.4154
141,1,455,6.263495,86.27031
91,1,768,7.269588,126.9796
280,1,223,4.9331,40.87711
278,1,229,4.931303,43.07078
278,1,199,5.440302,39.22897
69,0,830,4.834028,162.2316
70,0,0,0,0
304,1,241,5.317498,41.76967
279,1,226,5.432202,41.49184
281,1,302,4.7016,41.6974
279,1,208,4.937602,40.14976
305,1,213,4.936102,40.80312
86,1,738,7.07379,131.1451
142,1,477,5.856898,86.00575
282,1,191,4.942702,38.55457
280,1,218,4.934602,42.46936
280,1,216,4.9352,41.17288
97,1,753,7.774085,136.5051
97,1,1105,7.668485,187.8345
281,1,216,4.935202,42.16759
306,1,386,5.780596,65.98208
281,1,216,4.935203,40.07099
92,1,759,7.069284,130.2938
283,1,323,4.9031,43.52088
282,1,205,5.438498,40.02893
70,1,841,6.140492,128.2809
282,1,211,4.836102,42.08803
307,1,228,4.931602,42.5603
72,1,1751,13.24956,292.1046
284,1,192,4.942402,38.24329
75,1,7081,43.87718,1231.431
283,1,187,4.943902,36.40294
308,1,198,4.940602,39.54389
73,0,1195,6.261059,196.0281
143,1,718,7.784585,128.8416
283,1,230,5.430999,44.12468
284,0,247,0.9506032,60.81556
285,0,0,0,0
285,0,0,0,0
285,0,0,0,0
285,0,0,0,0
98,1,708,7.787585,132.5095
309,1,213,4.9361,41.43195
98,1,790,7.657583,130.2975
284,1,196,4.941202,38.79984
92,1,3065,15.98041,519.4705
93,1,682,7.29539,128.2372
87,1,2802,14.2593,431.5592
74,0,370,1.426001,68.60827
285,1,220,0.9340116,40.44442
285,1,202,4.939402,40.35444
310,1,238,4.928602,44.36695
285,1,629,6.811288,101.7141
76,0,625,3.374984,118.9775
71,1,736,7.27919,130.2906
286,1,195,4.941503,37.35444
286,1,218,4.934602,42.45372
139,1,1978,11.47731,337.6585
286,1,309,4.792299,45.80177
287,1,204,4.938802,40.45401
287,1,247,4.9259,41.52419
99,1,705,7.683085,127.8828
94,1,672,8.29841,125.5642
93,1,681,7.591487,123.5781
287,1,196,4.941202,37.76768
288,1,180,4.946002,36.75478
87,0,1821,9.435307,322.8493
311,1,599,6.820292,102.3223
73,0,1228,7.254476,229.2309
74,0,0,0,0
99,1,865,8.240502,153.9592
288,1,224,4.9328,41.59434
140,1,465,5.860498,87.43089
289,1,224,5.432802,41.81901
95,0,292,1.802602,58.40483
96,0,0,0,0
312,1,226,4.932202,44.19717
288,1,298,4.584802,45.25455
289,1,200,5.440002,39.04317
289,1,192,4.942402,37.42907
290,1,251,4.924703,49.55346
313,1,232,4.930402,44.16757
72,1,977,6.605687,141.7661
290,1,201,4.939703,39.06943
75,0,1125,5.275065,189.6009
94,1,670,7.798987,125.6051
100,1,756,7.671986,134.0821
291,1,212,4.9364,40.98445
291,1,212,4.936402,42.20722
290,1,268,5.295004,42.01507
100,1,718,7.179189,132.8181
74,1,750,6.673188,129.2534
314,1,320,4.777599,44.30387
292,1,205,4.938502,39.01953
292,1,196,4.941202,37.95042
291,1,203,4.939102,40.14682
141,1,842,7.647382,141.2471
96,1,795,6.65429,140.4963
315,1,263,4.921102,48.9239
293,1,208,4.9376,40.87732
292,1,204,4.938802,40.20318
101,0,439,2.412189,87.55736
102,0,0,0,0
294,1,213,4.9361,40.99284
293,1,218,4.934602,42.75437
101,1,724,6.782791,132.9808
95,1,842,7.646782,141.8275
88,1,1460,10.3579,229.1357
142,1,440,6.367995,84.00023
88,0,2104,11.86293,386.1188
295,1,212,4.936402,41.55447
75,1,740,7.277991,129.8184
294,1,213,4.9361,41.22565
77,0,2205,10.85365,404.4178
296,1,187,4.943902,37.75403
97,1,721,7.577087,128.8134
295,1,196,4.941202,38.00799
143,1,439,6.368294,85.60395
102,0,524,2.895197,111.2691
103,0,0,0,0
297,1,223,4.933102,43.20314
144,1,2950,15.69871,491.4688
316,1,889,8.733307,148.054
296,0,276,1.4448,64.17766
297,0,0,0,0
297,0,0,0,0
102,1,903,7.729088,156.9405
317,1,218,5.434602,41.0181
298,1,262,4.921402,42.91314
144,1,433,6.370094,83.4379
318,1,225,4.932502,43.34861
145,1,480,6.251794,86.60376
297,1,461,3.861691,77.23626
78,1,811,7.256683,147.2726
89,1,1126,7.662182,204.477
293,1,1701,13.38915,281.2392
319,1,203,4.939102,39.98202
96,0,1227,5.630632,228.1397
97,0,0,0,0
298,1,266,5.285401,41.42461
103,1,656,7.803187,128.6136
145,1,471,5.858699,86.72668
299,1,596,6.821195,99.19609
320,1,218,5.327403,40.45856
146,1,456,6.363194,85.77402
89,0,1448,8.710506,273.8741
299,1,228,4.931602,42.45412
103,1,1107,7.16789,192.3954
98,1,1297,12.00978,235.1758
321,1,209,4.9373,40.81808
294,1,526,6.342194,88.37177
300,1,225,4.932502,44.65737
322,1,195,4.941502,39.20676
90,1,665,7.196288,124.5184
300,1,488,6.251793,81.04803
146,1,502,6.249393,86.25537
147,1,445,6.165298,83.05213
295,1,301,4.909703,56.77448
104,1,639,7.308291,124.6314
323,1,222,4.9334,41.1131
301,1,193,4.942102,37.86933
301,1,266,4.9202,45.34095
79,0,981,4.303818,178.0735
80,0,0,0,0
76,0,3030,15.89374,487.5701
324,1,221,4.833102,43.77066
302,1,213,4.936102,40.06594
296,1,327,4.901899,60.70229
99,1,711,6.58189,130.9457
76,0,2227,12.84009,402.7278
77,0,0,0,0
302,1,281,4.7061,42.60724
77,0,358,1.428399,73.65939
303,1,214,4.935802,41.41436
297,1,192,4.942402,37.54128
325,1,323,4.903105,53.23027
100,0,282,0.9436039,65.68597
101,0,0,0,0
105,1,679,7.796288,130.4743
91,1,875,7.027286,141.9376
298,1,224,4.932803,44.4721
326,1,275,4.9175,45.93937
104,0,1284,5.622848,221.7273
147,1,987,8.203901,158.8336
303,1,524,6.84279,93.68574
299,1,289,4.778502,44.46265
80,0,946,3.81078,174.4222
81,0,0,0,0
148,0,158,0.968401,42.90194
149,0,0,0,0
149,0,0,0,0
149,0,0,0,0
327,1,225,4.932503,45.36352
304,1,615,5.8155,103.4703
149,0,146,-2.029205,42.05438
150,0,0,0,0
150,0,0,0,0
150,0,0,0,0
77,0,858,4.328394,164.239
78,0,0,0,0
300,1,277,4.916902,48.84153
328,1,220,4.934002,43.42859
304,1,447,6.260498,77.29499
305,1,218,4.934602,41.40255
78,0,871,3.825783,153.1071
148,1,1457,10.06299,257.4988
92,1,735,7.279489,134.321
90,0,1968,9.894464,362.2339
91,0,0,0,0
301,1,225,4.9325,41.36168
305,1,224,4.9328,41.71415
306,1,222,4.933402,43.0031
329,1,267,4.799502,44.52076
97,1,2322,13.30347,408.4227
150,1,418,3.374591,79.70154
79,0,330,1.933998,70.73384
306,1,216,4.935203,43.11771
302,1,243,4.9271,44.13479
330,1,280,5.415998,45.37069
149,1,550,5.607997,92.01843
303,1,216,4.834002,40.22849
307,1,229,4.9313,41.42318
101,1,1392,8.981234,237.7851
80,0,342,1.931599,70.62486
331,1,221,4.9337,41.24741
151,1,489,6.353292,86.75182
106,1,1404,12.57888,267.4971
307,1,570,5.829001,103.4306
304,1,210,4.937,41.21255
308,1,218,4.9346,41.57302
91,1,801,6.75969,141.7447
332,1,211,4.936702,42.55396
98,1,822,7.253386,151.4031
305,1,210,4.937002,40.75434
308,1,285,4.5815,41.84383
309,1,208,4.937602,40.60312
333,1,204,4.938802,40.32343
152,1,407,6.377895,80.15413
150,1,586,5.576797,86.43336
92,0,313,1.937395,71.81001
105,1,1718,12.56671,301.8759
309,1,202,4.835803,38.13815
306,1,217,4.934902,43.22403
310,1,212,4.9364,41.06616
334,1,195,4.941502,38.00276
99,0,284,0.943204,66.11057
100,0,0,0,0
102,1,827,7.751883,150.8649
311,1,211,4.9367,41.25405
81,1,847,8.745912,145.7569
310,1,267,4.9199,43.81477
307,1,262,4.9214,44.14786
107,1,801,7.050689,137.5635
93,1,1500,8.550008,249.232
151,1,437,6.368898,83.76135
153,1,526,6.342194,89.1743
312,1,229,4.931302,39.61442
311,1,222,4.832802,43.29712
308,1,262,4.921402,48.06789
313,1,212,4.936402,41.61713
312,1,194,4.941802,37.81818
309,1,219,4.833102,41.61017
78,0,2161,10.13295,392.1343
152,1,420,6.167396,80.98254
93,0,822,3.835582,151.836
154,1,440,5.868,84.87765
314,1,195,4.941502,37.20308
313,1,244,4.9268,41.04366
100,1,877,7.736885,161.6194
310,1,202,4.939402,39.1563
81,0,2577,12.56112,446.0858
103,1,806,7.258188,143.0448
335,1,965,7.210479,145.6605
108,1,766,7.770185,136.7119
314,1,219,4.934302,42.40266
101,0,250,0.9500037,60.87506
102,0,0,0,0
106,1,1238,7.097986,195.0156
315,1,352,5.394399,61.54744
311,0,274,1.4452,67.21647
312,0,0,0,0
312,0,0,0,0
336,1,264,4.920802,45.96022
153,1,571,7.328686,104.8853
155,1,494,5.851797,87.38179
315,1,265,5.314502,48.2082
109,0,366,1.926796,79.09433
110,0,0,0,0
316,1,198,4.940602,39.01442
312,1,236,2.929192,44.40015
337,1,207,4.836702,39.76524
316,1,221,4.933702,43.05736
317,1,215,4.935502,42.2548
313,1,236,5.429203,42.48676
104,1,698,7.690588,134.42
94,1,961,9.211735,177.6253
154,1,453,5.864098,88.35643
338,1,307,5.407899,58.67879
110,0,402,0.4195999,74.49201
111,0,0,0,0
156,1,487,5.853897,88.06627
318,1,232,4.930402,45.25746
317,1,238,4.9286,42.04286
107,1,670,7.798988,124.4672
102,0,739,2.747991,148.6949
314,1,267,4.919902,47.96272
339,1,197,4.940902,39.32159
319,1,226,4.932199,41.57289
318,1,274,4.716602,47.8254
105,0,440,2.411996,86.54971
106,0,0,0,0
315,1,195,5.441502,39.75447
340,1,187,5.443898,37.75451
157,1,433,5.8701,84.7461
319,1,244,4.8196,41.64988
341,1,206,4.9382,40.99746
316,1,322,4.9034,61.20025
95,1,780,6.76599,135.0815
111,1,740,6.777988,130.963
103,1,662,7.801388,127.2868
320,1,225,4.8325,42.36323
155,1,841,9.247732,140.5011
158,1,436,6.869195,82.45522
320,1,658,5.802601,114.2943
342,1,369,4.8893,63.42013
317,1,363,5.391101,65.97169
321,1,259,4.715103,44.69389
94,1,2617,18.21467,450.2596
321,1,206,4.938202,39.80331
343,1,194,4.941802,38.74107
106,1,875,7.737486,154.8185
318,1,224,4.731002,42.54947
96,0,572,2.783791,113.4418
156,1,479,7.25089,85.94775
322,1,200,4.940002,38.20315
344,1,284,4.679399,42.14248
112,1,715,7.68489,131.3344
319,1,232,4.724403,42.99362
104,1,726,7.080387,135.0081
322,1,480,5.749998,85.84724
157,0,293,1.441401,63.76876
158,0,0,0,0
158,0,0,0,0
158,0,0,0,0
323,1,307,5.407898,51.49965
345,1,238,4.928602,46.46791
320,1,206,4.938202,40.79837
323,1,205,4.836102,40.29341
95,1,676,7.297187,129.4407
158,0,250,-1.050008,61.07217
159,0,0,0,0
159,0,0,0,0
159,0,0,0,0
324,1,239,4.9283,41.41703
321,1,209,4.9373,41.09241
324,1,252,4.824402,42.22181
108,1,1963,15.20866,350.2338
325,1,209,4.937303,41.60329
322,1,235,4.9295,45.47606
82,0,3725,19.95039,623.5455
159,1,1304,11.60891,242.3772
105,1,697,7.290886,131.5388
325,1,222,4.933402,41.74084
326,1,218,4.9346,40.98154
323,1,217,4.9349,41.64373
326,1,195,4.941502,37.47025
113,1,967,8.209882,173.0831
109,0,457,2.908596,93.18239
110,0,0,0,0
327,1,237,4.728302,45.44062
159,1,725,5.282492,133.2862
346,1,898,6.730591,161.3346
324,1,212,4.936402,42.75443
327,1,220,4.934,40.44877
160,1,471,6.358694,93.35358
110,0,235,0.953,60.50902
111,0,0,0,0
96,1,936,7.119184,152.1456
106,0,541,2.891791,117.6907
107,0,0,0,0
325,1,205,4.833703,40.18363
328,1,253,4.9241,43.12213
107,0,1581,9.683867,303.0313
108,0,0,0,0
347,1,275,4.917502,47.68762
79,1,3925,24.91711,701.5951
328,1,272,4.9184,42.65501
97,1,1689,12.39278,302.4889
326,1,217,5.329498,41.65646
329,1,228,4.9316,41.81879
348,1,191,4.942702,37.20358
74,0,386,2.422796,82.34975
75,0,0,0,0
329,1,185,4.944502,36.9544
161,1,480,6.75059,84.62004
327,1,276,5.184801,44.99291
330,1,261,4.9217,42.4542
330,1,213,4.836102,41.86411
82,0,4147,23.06992,730.2099
114,0,922,5.315632,174.4756
115,0,0,0,0
115,0,0,0,0
115,0,0,0,0
349,1,432,6.370393,79.15459
111,1,787,5.935093,135.1196
107,1,765,6.67049,140.0706
331,1,246,4.926202,44.33157
80,1,677,7.796887,127.1955
108,1,752,7.274386,143.3319
331,1,261,4.9217,44.87349
97,1,822,7.019782,133.1783
162,1,522,6.343395,89.255
328,1,485,6.354494,85.43844
332,1,249,4.925302,45.09106
332,1,264,4.920803,43.5542
350,0,500,2.399997,99.36001
351,0,0,0,0
351,0,0,0,0
351,0,0,0,0
351,0,0,0,0
329,1,226,4.932202,41.9436
333,1,231,4.824103,44.79017
333,1,277,4.916903,47.56604
163,1,453,6.246691,82.46832
330,1,202,4.939402,39.40309
108,1,666,7.30019,127.654
334,1,197,4.940902,38.80314
109,1,675,7.797486,129.8549
98,1,681,7.694487,126.9495
334,1,209,4.937302,40.85934
81,1,768,7.168988,140.2335
335,1,228,5.431602,41.38945
351,1,472,1.858399,81.44558
331,1,260,4.922,43.24868
164,1,406,6.378195,79.63197
335,1,219,4.934302,43.35044
332,1,211,4.936702,41.83101
112,1,1144,9.656858,189.7894
336,1,227,4.9319,42.92911
160,1,2194,11.22397,389.4909
352,1,320,5.403998,52.78972
333,1,201,4.9397,40.08269
99,1,695,7.691488,129.1289
353,1,218,4.934602,40.72076
337,1,226,4.932199,41.29237
165,1,472,6.858393,89.89854
334,1,203,4.939102,41.18237
82,1,745,7.276486,130.7303
354,1,187,4.943902,38.15425
338,1,232,4.930402,44.20314
336,1,801,8.259705,140.2181
161,1,499,6.350293,86.15649
335,1,201,4.838502,39.71713
355,1,228,4.9316,42.70385
113,1,744,7.671987,138.1663
339,1,212,4.936402,40.60283
166,1,448,6.263796,83.52415
336,1,216,5.435202,40.68759
337,1,244,4.9268,43.25816
83,1,2202,15.8393,384.549
109,1,1347,10.09598,251.8656
83,0,517,2.396592,102.1394
84,0,0,0,0
356,1,229,4.825903,43.32557
340,1,235,4.929502,43.20289
100,1,734,7.679185,134.6028
338,1,243,4.9271,41.37285
357,1,215,4.935502,42.55846
341,1,222,4.9334,40.29336
339,1,211,4.9367,40.40385
337,1,490,6.138592,81.2416
167,1,532,6.340395,95.19534
358,1,251,4.9247,42.14788
342,1,215,4.834902,41.53614
338,1,191,4.942702,37.60301
114,1,824,7.152787,141.2329
168,0,301,1.439799,67.60583
169,0,0,0,0
169,0,0,0,0
169,0,0,0,0
169,0,0,0,0
169,0,0,0,0
359,1,201,4.939702,40.15442
339,1,189,4.943302,38.1545
343,1,248,4.9256,41.00536
101,1,735,7.279488,132.2451
98,1,3518,15.28448,591.7496
360,1,224,5.432802,41.6923
344,1,213,4.936102,42.00299
340,1,635,5.809502,113.1403
340,1,242,5.427403,44.7065
84,0,1114,5.27721,204.9424
169,1,433,1.270137,84.81404
110,0,2501,12.27815,459.7733
345,1,198,5.339998,38.89175
361,1,252,4.924402,48.99064
341,1,200,4.940002,39.25401
341,1,221,4.9337,41.64551
115,1,3459,19.85843,644.8748
115,1,750,6.26239,133.3959
346,1,231,4.930702,40.55393
362,1,248,5.425597,46.41489
342,1,254,4.9238,44.2005
102,1,734,6.779792,132.1534
347,0,158,0.9684011,42.82471
348,0,0,0,0
348,0,0,0,0
348,0,0,0,0
348,0,0,0,0
85,0,457,2.408599,91.79925
170,1,482,6.355395,89.35294
99,1,742,7.168986,130.2842
363,1,229,4.931303,44.80869
343,1,266,4.9202,44.17093
364,1,216,5.435198,42.35423
344,1,185,4.944502,36.95456
111,0,807,4.009792,161.8245
171,1,413,6.376096,80.80493
365,1,225,4.9325,43.80318
116,1,901,8.125487,171.3304
345,1,255,4.812099,42.09091
86,1,692,7.692387,132.4851
366,1,194,4.941802,37.80291
346,1,193,4.942102,38.11117
103,1,831,7.424279,133.3593
116,0,1025,5.190813,204.9681
117,0,0,0,0
100,1,775,7.657884,141.199
367,1,224,5.330998,42.21997
162,1,2863,19.64081,500.8062
172,1,546,6.336192,97.2566
347,1,251,4.9247,42.98777
348,1,216,4.9352,41.59283
368,1,508,5.847601,89.42169
349,1,232,4.9304,43.08774
342,1,1878,10.93672,305.8597
87,1,871,8.633303,160.4349
163,1,612,6.105593,105.7183
101,1,757,7.272887,140.9838
369,1,186,4.944202,37.40305
84,1,3288,22.00965,585.5232
343,1,201,4.939702,39.6068
350,1,243,4.927102,45.60121
370,1,237,4.928903,43.66323
351,1,195,4.941502,38.95446
344,1,247,5.425902,41.56042
112,0,1640,9.172121,320.9937
348,1,2064,8.880827,347.1619
102,0,468,2.906393,103.8389
164,1,527,5.8419,86.54305
371,1,256,4.923202,46.76442
104,1,1329,9.999559,218.4218
173,1,1175,9.236156,207.83
345,1,204,4.838202,41.43094
352,1,253,4.714502,41.86349
349,1,217,4.934902,42.63077
346,0,165,1.466999,44.85249
347,0,0,0,0
347,0,0,0,0
372,1,213,4.9361,41.34959
353,1,205,4.938502,40.58577
117,1,1866,14.44017,339.5288
110,1,4118,22.15993,723.5457
165,1,433,6.370094,84.72544
350,1,270,5.418999,49.61573
347,1,207,2.937893,40.55443
103,0,499,2.900192,109.4659
373,1,235,4.828302,40.16798
174,1,426,6.872194,84.39803
354,1,249,4.925302,46.70216
348,1,230,4.931002,44.20337
351,1,255,4.808504,44.6605
374,1,231,4.930702,45.93979
105,1,697,7.790886,130.3158
355,1,230,4.931,44.05884
85,0,1207,2.258584,210.6688
349,1,213,4.936102,41.35462
375,1,212,4.936402,42.20312
352,1,254,5.112398,44.79367
356,1,217,4.934902,43.61359
118,1,660,7.801988,126.5314
175,1,514,6.240993,90.23492
166,1,570,6.32899,106.5745
376,1,227,4.9319,41.75349
357,1,182,4.945402,37.38081
104,1,695,7.791485,132.1023
353,1,272,4.918403,42.93812
111,1,951,9.009333,171.4904
358,1,213,4.9361,41.22462
75,1,7657,39.70317,1300.246
167,1,460,5.861998,89.19271
354,1,301,4.9097,45.68798
359,1,195,4.941502,38.32821
119,1,699,7.790287,130.6096
350,0,817,4.336598,161.0318
351,0,0,0,0
351,0,0,0,0
360,1,220,5.433997,41.97164
168,0,334,1.933199,75.48087
169,0,0,0,0
169,0,0,0,0
169,0,0,0,0
169,0,0,0,0
169,0,0,0,0
88,1,2450,15.76497,430.1848
106,1,1273,8.118086,223.5285
361,1,263,5.3193,43.44494
112,1,715,7.285491,132.1284
76,1,692,7.19239,129.5244
169,1,439,1.368334,81.98719
113,1,2438,16.66727,464.8464
362,1,506,6.248193,91.98903
351,1,863,6.741086,149.4892
105,0,1508,7.187684,286.3717
170,1,443,5.8671,85.17075
363,1,230,4.931003,44.35442
176,1,1814,9.223466,315.9301
377,1,1669,11.89521,270.5911
352,1,264,5.293804,42.13857
89,1,938,8.103583,170.481
107,0,935,3.696784,175.257
113,1,940,7.217984,178.6127
364,1,220,4.934002,43.51565
355,1,1480,11.05612,229.2483
353,1,223,5.433103,43.15268
378,1,236,4.9292,43.04273
114,1,750,7.774986,139.1418
379,0,159,-0.03179996,40.24033
380,0,0,0,0
380,0,0,0,0
380,0,0,0,0
380,0,0,0,0
365,1,215,4.830703,39.60236
354,1,196,4.839402,38.10437
177,1,465,6.259294,86.27321
366,1,183,4.945102,37.35443
380,1,249,0.9253206,40.95244
355,1,307,4.7863,43.08873
367,1,216,5.435198,40.12978
356,1,686,6.584587,117.0531
381,1,246,4.9262,41.97282
108,1,781,7.265687,137.3414
178,1,455,5.8635,87.72559
86,0,3007,13.19796,515.8192
115,1,673,7.298088,131.834
114,1,815,7.255487,135.3194
90,0,983,4.493825,180.3849
368,1,227,4.931902,44.029
356,1,297,4.9109,46.05504
357,1,236,4.929203,45.55418
382,1,216,4.9352,41.42639
357,1,205,4.9385,40.42625
369,1,251,4.9247,43.15173
358,1,220,4.834002,42.15369
383,1,226,4.831002,41.56543
171,1,1477,12.05699,272.0587
179,1,492,5.852397,88.49238
358,1,207,4.9379,40.44309
370,1,205,4.938502,41.56754
359,1,220,4.934003,41.13993
384,1,222,4.9334,41.2014
115,1,645,7.806487,124.9567
109,1,743,7.172289,134.3053
371,1,204,4.938802,39.40541
359,1,248,4.816003,42.85752
360,1,193,5.442098,38.1545
385,1,194,4.941802,39.28334
172,1,448,5.865598,84.98759
77,1,2531,12.13075,432.7732
360,1,201,4.939702,38.23368
180,1,495,6.351494,89.27631
372,1,231,4.9307,41.60633
386,1,184,4.944802,37.00303
361,1,198,4.940602,39.40293
361,1,195,4.941502,39.35457
373,1,224,4.932803,42.82458
362,1,215,4.9355,41.09247
120,0,3307,17.13113,640.844
121,0,0,0,0
121,0,0,0,0
121,0,0,0,0
387,1,242,4.827403,46.25027
173,1,477,5.856897,89.5857
362,1,202,4.939402,37.43404
374,1,199,4.838502,40.76323
363,1,229,4.931302,43.86868
388,1,231,4.9307,42.23909
116,1,824,7.152187,134.7631
363,1,197,4.940902,38.80312
375,1,188,4.943602,38.35437
389,1,183,4.945102,36.9566
78,1,781,6.765691,141.2757
364,0,251,1.4498,60.11104
365,0,0,0,0
365,0,0,0,0
365,0,0,0,0
365,0,0,0,0
116,1,1719,11.27666,310.83
364,1,213,4.9361,40.81802
174,1,448,5.764398,85.91221
376,1,209,5.437302,42.15442
390,1,222,4.933402,43.22596
365,1,233,0.9301099,43.68653
365,1,227,4.7301,42.17387
377,1,210,4.937002,40.75443
391,1,245,4.926503,46.12791
106,0,3209,16.2351,585.7317
366,1,211,5.436698,42.00265
378,1,204,4.938802,41.32816
117,1,721,7.481286,130.1691
366,1,265,4.920503,48.65297
110,1,1559,8.271095,260.4398
87,0,2287,10.04265,406.7942
392,1,232,4.9304,42.98606
367,1,272,4.9184,45.92677
367,1,205,4.938502,39.6032
379,1,273,5.418102,49.71011
111,0,271,1.945798,61.84887
91,0,2482,12.16988,439.5346
393,1,239,4.9283,41.40863
175,1,876,6.737192,149.4275
84,1,3501,23.21919,587.4977
380,1,205,4.9385,40.4789
181,0,1725,6.655177,328.3144
182,0,0,0,0
182,0,0,0,0
182,0,0,0,0
182,0,0,0,0
381,1,201,4.939702,40.55442
112,0,430,1.413997,85.27151
176,1,422,6.269195,79.90705
382,1,207,4.937902,37.75444
394,1,518,5.344602,99.7931
368,1,652,6.083392,102.0543
117,0,1368,7.525926,266.3637
121,1,1911,11.21719,364.0763
182,1,470,2.359,90.23342
368,1,793,8.262104,137.157
383,1,205,4.838502,41.39874
369,1,209,4.937302,40.95456
395,1,218,4.934602,43.3018
369,1,206,5.438199,40.20289
92,0,892,5.216228,174.621
370,1,218,4.9346,41.46459
396,1,229,5.431303,41.82936
183,1,422,6.373394,82.60589
177,1,521,6.843692,96.35683
370,1,197,4.940902,38.34983
113,0,684,2.863192,123.2422
118,1,1436,9.069227,251.1952
118,0,663,4.367401,143.9312
371,0,245,1.450999,62.63407
372,0,0,0,0
372,0,0,0,0
397,1,233,4.930102,45.56974
371,1,201,5.439702,39.99475
384,1,515,6.845491,99.80877
122,1,726,7.177385,129.6704
385,1,198,4.9406,40.22901
184,0,435,2.412995,91.96715
185,0,0,0,0
185,0,0,0,0
185,0,0,0,0
372,1,219,4.9343,41.922
178,1,443,6.256292,81.5836
398,1,271,4.9187,46.34767
123,0,291,1.941798,65.68858
124,0,0,0,0
93,0,757,3.540789,139.8291
386,1,195,4.941502,39.16755
373,1,280,4.916,45.03691
399,1,264,4.9208,43.99514
372,1,539,4.338295,96.63019
119,1,643,7.206491,127.1809
119,0,587,2.771191,114.2092
88,1,2131,14.05233,385.0563
387,1,226,5.326798,43.00985
374,1,188,4.943602,37.15441
373,1,193,5.442102,37.20346
400,1,217,4.934903,42.21729
179,1,521,6.243094,89.60815
388,1,204,5.438798,41.00309
124,0,491,1.401802,96.01181
125,0,0,0,0
375,1,218,4.9346,41.14588
374,1,205,4.938502,39.18455
401,1,206,5.438198,40.20267
185,0,744,1.851189,145.2542
186,0,0,0,0
186,0,0,0,0
186,0,0,0,0
114,1,1138,9.158637,180.3015
389,1,202,4.939402,39.7019
85,1,2264,16.32071,395.3509
375,1,225,4.932502,40.85072
402,1,210,4.937,41.06443
376,1,252,4.924402,48.04147
89,0,559,2.888191,118.6212
390,1,189,4.943302,37.75449
120,1,708,7.787586,132.5985
180,1,488,5.752997,91.25933
120,0,748,4.350399,150.7036
376,1,204,4.938802,40.35448
377,1,229,5.431303,42.41223
79,0,3512,20.29713,638.8696
80,0,0,0,0
403,1,308,5.807596,60.95013
391,1,250,5.425003,42.72253
107,1,3157,20.53881,577.2295
377,1,221,4.933702,44.15455
378,1,223,4.933102,42.55115
125,1,829,7.145886,149.3289
404,1,228,4.931602,45.00278
392,1,220,4.934002,43.15443
181,1,501,6.849693,98.06192
378,1,197,4.940902,38.02224
379,1,185,5.444498,37.35441
405,1,215,4.9355,40.72508
393,1,209,4.9373,40.39555
115,1,1001,8.595535,172.8109
379,1,243,4.9271,41.63604
380,1,231,4.930702,43.14976
406,1,195,4.941502,39.59216
394,1,213,4.936102,41.67778
380,1,204,4.9388,40.50183
381,1,196,5.441198,37.67012
182,1,523,6.241893,89.50313
407,1,207,4.9379,40.8414
126,1,673,6.798092,129.6186
395,1,250,5.425003,42.81532
121,1,1146,10.15631,213.809
86,1,1288,10.0125,218.1266
382,1,179,5.446298,36.55227
381,1,211,4.9367,40.17764
121,0,1164,5.767238,230.2319
122,0,0,0,0
408,1,217,4.934902,42.15396
90,1,1377,10.587,237.5794
383,1,216,4.935202,42.43076
116,1,667,7.799887,122.4683
382,1,284,4.9148,45.99503
409,1,198,4.940602,40.20294
108,0,1261,5.247825,226.337
183,1,492,5.852396,95.15748
94,0,2363,12.80511,424.711
410,1,189,4.943302,37.75429
127,1,664,7.800787,131.1562
383,1,352,4.8944,65.98615
411,1,193,4.942102,38.95438
80,1,1738,9.773306,290.2262
396,1,805,4.658499,144.6915
412,1,188,4.943602,37.95416
184,1,558,6.703191,94.50113
384,1,283,4.788099,42.16988
91,1,882,8.134802,150.2876
109,0,791,3.841789,159.5445
122,0,1084,4.783233,216.7789
385,1,218,4.934602,40.75445
413,1,273,4.790499,43.33175
128,1,660,7.301992,128.3019
185,1,435,5.8695,85.82278
397,1,580,6.325996,96.66267
414,1,199,4.9403,39.75439
386,1,224,4.9328,42.00019
122,1,1525,11.04262,282.9967
415,1,207,4.937902,41.75438
387,1,227,4.931902,44.5505
81,1,951,8.714705,175.9299
118,0,2983,13.36128,531.2583
119,0,0,0,0
416,1,205,4.938502,40.5545
87,1,1778,12.96668,309.049
388,1,194,4.941802,38.2291
186,1,472,6.147593,86.24629
384,1,1610,13.01706,289.8073
398,1,487,6.353894,82.86692
110,1,729,7.281289,136.0185
129,1,633,7.310091,124.9796
417,1,191,4.942702,37.20304
123,0,901,5.319834,184.8622
385,1,243,5.427103,40.84921
399,1,268,5.419598,48.38554
418,1,225,5.432499,44.55443
187,1,426,6.169194,83.6628
389,0,450,2.409996,90.09476
390,0,0,0,0
390,0,0,0,0
400,1,234,4.929803,43.36458
390,1,194,2.941793,38.75446
82,1,796,7.534778,139.2148
386,1,460,4.862,79.55325
401,1,201,4.9397,40.029
92,0,1517,6.745714,271.4776
130,1,703,7.684287,132.7117
391,1,187,4.943902,37.37269
419,1,447,4.8659,80.44461
188,1,438,6.368595,83.84145
111,0,845,5.331026,160.0104
387,1,214,4.9358,41.80506
402,1,227,4.931902,40.5329
88,1,1046,8.77961,185.6433
420,1,196,4.941202,38.75413
392,1,207,5.437898,40.74982
123,1,1382,12.58547,260.657
403,1,234,5.429802,45.80732
421,1,214,4.830402,42.75795
393,1,214,5.435802,41.16172
124,0,1022,6.795656,202.2677
125,0,0,0,0
394,1,196,4.941202,39.55437
422,1,218,4.934602,40.55919
131,1,713,7.786089,135.0768
93,1,802,8.259405,148.186
395,1,228,4.931602,42.59488
423,1,249,4.925302,49.089
89,1,730,6.780991,133.5181
124,1,751,7.274691,135.3067
132,0,325,1.434999,73.77438
133,0,0,0,0
404,1,643,5.682504,104.3266
396,1,220,4.934,41.50814
424,1,202,4.939402,39.12966
112,1,1022,9.093429,180.7935
125,0,788,3.842389,158.7529
405,1,243,4.9271,45.07084
397,1,209,4.837299,40.72263
425,1,219,4.9343,41.84527
117,0,3718,20.75597,662.992
186,1,5518,32.92982,990.6993
406,1,204,4.9388,40.75821
398,1,205,4.938502,38.76153
388,1,1375,7.122069,215.9621
95,0,3812,20.50941,673.4467
189,0,1492,5.999868,279.2914
190,0,0,0,0
190,0,0,0,0
190,0,0,0,0
190,0,0,0,0
190,0,0,0,0
118,0,318,1.4364,67.2943
407,1,223,4.9331,43.01803
94,1,951,7.609273,148.8965
389,1,201,4.939702,39.60305
399,1,234,4.929802,44.83716
113,1,667,7.699888,127.5617
125,1,881,7.735686,154.8603
408,1,215,4.935502,42.38241
400,1,195,4.941502,39.75447
83,1,2114,16.36571,393.1958
187,1,522,5.843397,95.23191
190,1,480,1.138047,86.48556
409,1,211,4.936702,41.35445
401,1,204,4.637002,40.17223
133,1,1192,8.922646,210.9977
402,1,192,4.942402,37.80307
410,1,194,4.941802,39.40307
390,1,637,6.808892,115.3918
403,1,187,4.943902,37.75447
188,1,536,6.33919,91.36198
391,1,181,4.945702,36.80307
411,1,203,4.9391,40.5737
191,1,493,6.043093,86.94471
404,1,199,4.940302,38.55445
412,1,209,4.9373,40.583
392,1,213,4.9361,40.91594
119,0,1219,5.756268,218.0566
413,1,184,4.944802,37.15445
393,1,192,4.942402,38.07082
405,1,221,4.9337,40.88324
134,1,718,7.577984,136.2097
126,0,1708,9.658439,325.0359
192,1,467,6.359894,85.35587
189,1,559,6.832294,103.7551
394,1,212,4.936402,41.56376
414,1,283,4.915103,45.47746
406,1,276,4.917202,47.26344
426,1,1924,13.59769,328.9377
415,1,211,4.936702,41.75436
193,1,426,6.872195,81.97443
114,0,1648,8.170525,318.7007
407,1,228,4.931602,44.47805
427,1,195,5.441498,38.15435
395,1,333,4.9001,61.84052
127,0,551,2.257992,110.3757
190,1,479,6.251495,87.75768
408,1,206,4.9382,40.229
135,1,714,6.785792,134.8906
428,1,248,4.925602,47.81269
396,1,217,4.934903,42.8993
194,1,420,6.373995,83.00258
409,1,225,4.728902,43.88947
429,1,188,4.943602,37.40286
397,1,203,4.939102,39.43081
120,1,1083,9.675157,195.5407
410,1,205,4.9385,40.73102
430,1,209,5.437302,41.09399
398,1,218,4.8328,41.22364
431,1,192,4.942402,37.7282
195,1,431,6.370695,83.47021
96,0,2758,14.72422,515.648
411,0,286,1.4428,66.81947
412,0,0,0,0
412,0,0,0,0
191,0,848,4.830395,170.9431
192,0,0,0,0
192,0,0,0,0
192,0,0,0,0
399,1,296,4.9112,43.64207
128,0,900,4.719429,182.3541
432,1,211,4.936702,41.06945
136,1,895,8.01828,164.0295
115,0,1156,5.76884,222.2157
400,1,208,4.937602,39.55424
412,1,262,2.921391,48.885
433,1,228,4.931602,41.15009
196,1,474,5.857798,85.86174
401,1,208,4.937602,41.55448
413,1,270,4.919,44.79504
434,1,212,4.936402,42.20256
402,0,169,0.9662009,44.74299
403,0,0,0,0
403,0,0,0,0
403,0,0,0,0
403,0,0,0,0
192,0,664,1.367189,141.6331
193,0,0,0,0
193,0,0,0,0
193,0,0,0,0
435,1,198,4.836402,38.82942
414,1,244,4.712399,40.80591
197,1,451,6.364695,87.75541
403,1,216,0.8184063,38.39188
116,1,693,7.292087,133.4878
415,0,163,-0.1398003,34.66536
416,0,0,0,0
416,0,0,0,0
129,0,908,4.216607,182.9952
404,1,212,4.9364,40.39655
416,1,203,2.836693,40.10195
198,1,429,6.371294,84.00263
405,1,265,4.815703,45.20559
436,1,565,7.330488,98.90551
417,1,282,4.915402,49.56399
437,1,184,5.444798,37.55423
406,1,216,4.935203,41.10523
407,1,194,4.941802,39.41418
137,1,1599,9.96035,269.7458
438,1,305,4.9085,46.03914
130,0,916,4.316812,181.0952
408,1,246,4.9262,43.18261
90,0,5508,27.19638,975.933
416,1,3134,20.55951,545.3824
84,1,4600,19.58257,775.7774
439,1,427,5.371897,74.08282
409,1,321,4.903699,59.10417
131,0,526,2.894792,111.3772
417,1,244,5.426803,43.54334
440,1,193,4.942102,38.55438
138,1,670,7.195387,131.5189
119,0,7714,33.69792,1347.297
120,0,0,0,0
410,1,204,4.9388,40.31135
418,1,219,4.9343,41.50529
441,1,216,4.8352,43.11727
442,1,234,4.929802,43.2276
85,1,694,7.791786,130.9285
419,1,282,4.9154,44.01478
97,1,3095,18.94956,570.2966
411,1,559,5.8323,99.93031
193,0,2381,9.507046,436.1178
194,0,0,0,0
194,0,0,0,0
194,0,0,0,0
443,1,216,4.9352,41.32194
420,1,211,4.9367,41.1652
412,1,195,4.941502,36.65753
139,1,822,6.753389,134.7953
132,0,891,4.321814,181.7029
444,1,193,4.942102,36.80278
421,1,183,4.945102,36.80309
126,0,5813,27.70402,1065.864
127,0,0,0,0
418,1,2079,14.87629,358.3423
445,1,203,4.9391,39.86953
422,1,204,4.938802,39.32816
446,1,211,4.9367,41.06963
98,1,672,7.798388,127.396
423,1,207,4.937902,39.21303
419,1,269,4.919303,47.43305
95,0,6571,30.2529,1146.423
424,1,189,5.443302,37.90188
140,1,737,7.27889,136.1581
447,1,308,4.907602,61.39831
413,1,902,8.729415,161.5792
425,1,242,4.9274,43.16669
194,1,1109,6.333674,196.426
448,1,192,4.942402,38.35427
133,0,1011,4.658849,191.3781
134,0,0,0,0
414,1,192,4.942402,38.60313
426,1,206,4.9382,40.63335
449,1,204,4.938802,41.01408
121,0,4803,26.5386,851.0437
415,1,208,4.937603,40.02022
427,1,214,4.8352,41.30804
450,1,206,4.833403,39.55885
195,1,466,6.360194,84.75572
416,1,218,4.9346,41.65501
428,1,210,4.937003,39.16626
451,1,210,4.832202,40.67222
417,1,181,4.945702,36.41132
452,1,206,4.938202,38.35433
429,1,242,4.927402,44.06501
196,1,423,6.373095,82.5537
134,0,793,3.741386,163.0687
418,1,215,5.330698,41.6815
453,1,198,4.940602,39.15426
127,1,1903,11.62208,346.1053
430,1,235,4.929502,43.08099
91,1,3232,20.43011,579.5377
419,1,195,4.941502,39.60289
454,1,236,5.018399,44.8077
141,1,1531,11.93659,286.8842
117,1,4656,25.66357,815.2474
86,0,2714,15.14433,492.9322
87,0,0,0,0
420,1,258,4.9226,43.25016
455,1,281,4.9157,45.41267
197,1,669,5.968694,101.851
99,1,2052,11.77679,354.2864
421,1,207,4.937902,40.55404
135,0,757,4.7486,153.7977
431,1,667,6.799888,129.0233
456,1,211,4.936702,41.60305
128,1,770,6.534791,132.8021
422,1,205,4.9385,40.19829
432,1,189,5.443298,38.15446
457,1,194,4.941802,38.3542
198,1,486,5.742797,87.17969
118,1,675,7.697487,128.778
423,1,209,4.9373,41.01231
129,0,286,1.9428,64.9364
130,0,0,0,0
96,1,2399,14.28034,425.427
433,1,201,4.939703,40.209
136,0,489,2.902193,108.4576
458,1,192,4.942402,37.02266
424,1,195,4.941502,39.20276
459,1,191,4.942702,38.15444
434,1,213,4.9361,40.99754
425,0,257,1.448601,62.99114
426,0,0,0,0
426,0,0,0,0
426,0,0,0,0
426,0,0,0,0
142,1,1186,8.038771,220.9382
435,1,204,4.938803,41.57714
460,1,219,4.934302,42.65401
122,0,2351,12.52968,446.4717
100,1,1040,9.188032,190.3374
420,0,3106,13.87856,513.1651
421,0,0,0,0
421,0,0,0,0
119,1,653,7.804087,125.7565
426,0,254,-2.050792,61.22766
427,0,0,0,0
427,0,0,0,0
427,0,0,0,0
427,0,0,0,0
461,1,205,5.438498,41.35394
87,0,1371,5.607233,251.1965
88,0,0,0,0
436,1,258,5.210002,41.82704
130,1,703,6.684889,131.2633
199,1,5837,27.09455,1019.203
462,1,184,4.944802,37.40295
427,0,238,-2.547591,60.9371
428,0,0,0,0
428,0,0,0,0
428,0,0,0,0
428,0,0,0,0
437,1,213,4.936102,42.55048
120,0,4774,21.30076,864.8936
121,0,0,0,0
463,1,198,4.940602,39.27048
143,1,684,7.673188,125.1242
438,1,218,4.9346,41.01816
428,0,251,-2.550191,60.27113
429,0,0,0,0
429,0,0,0,0
429,0,0,0,0
429,0,0,0,0
123,1,717,7.784884,134.915
101,1,690,7.692986,130.363
200,1,422,6.373394,82.43272
464,1,252,4.924404,46.30596
120,0,721,2.355791,133.6409
421,1,749,5.775293,132.0782
439,1,194,4.941802,38.75453
429,1,209,0.9373097,41.58909
131,1,686,7.794187,129.7855
137,0,1413,7.717527,277.9271
465,1,201,5.439702,40.15046
440,1,252,5.424396,41.65778
430,1,267,4.9199,43.82632
199,1,1688,8.493589,281.2087
97,0,1623,8.28492,285.4999
144,0,568,2.88639,118.207
466,1,240,4.927999,41.40248
441,1,218,4.9346,42.61219
431,1,216,5.435203,41.55441
102,0,681,3.863786,135.4175
124,1,689,7.18849,127.5568
92,0,2932,12.4136,471.3545
138,0,511,2.897793,109.5173
467,1,231,4.9307,41.96528
432,1,202,4.939403,38.12799
