Episode,Success,Steps,Reward,PathDistance
1,0,119,-1,024,31,875
1,0,127,-1,025,32,920
2,0,0,-1,000,0,000
3,0,0,-2,000,0,000
4,0,0,-3,000,0,000
5,0,0,-4,000,0,000
6,0,0,-5,000,0,000
1,0,129,-1,026,32,887
1,0,133,-1,027,31,777
1,0,139,-1,028,33,962
1,0,143,-1,029,31,993
1,0,148,-1,030,34,110
1,0,180,-1,036,33,559
1,0,182,-1,036,40,611
2,0,0,-1,000,0,000
3,0,0,-2,000,0,000
4,0,0,-3,000,0,000
1,0,201,-1,040,36,566
2,0,0,-1,000,0,000
3,0,0,-2,000,0,000
7,0,126,-6,025,33,339
8,0,0,-1,000,0,000
9,0,0,-2,000,0,000
10,0,0,-3,000,0,000
11,0,0,-4,000,0,000
12,0,0,-5,000,0,000
1,0,261,-0,552,45,994
2,0,0,-1,000,0,000
3,0,0,-2,000,0,000
4,0,0,-3,000,0,000
5,0,0,-4,000,0,000
1,0,264,-0,553,44,055
2,0,0,-1,000,0,000
3,0,0,-2,000,0,000
2,0,153,-1,031,35,240
2,0,142,-1,028,35,085
2,0,144,-1,029,34,500
1,0,285,-0,557,49,102
4,0,130,-3,026,32,414
5,0,0,-1,000,0,000
6,0,0,-2,000,0,000
5,0,160,-4,032,37,447
6,0,0,-1,000,0,000
7,0,0,-2,000,0,000
8,0,0,-3,000,0,000
2,0,230,-1,046,43,303
2,0,189,-1,038,37,845
3,0,0,-1,000,0,000
4,0,130,-3,026,31,880
5,0,0,-1,000,0,000
6,0,0,-2,000,0,000
2,0,261,-0,052,43,529
13,0,178,-6,036,36,881
14,0,0,-1,000,0,000
15,0,0,-2,000,0,000
16,0,0,-3,000,0,000
1,0,448,-0,090,60,667
2,0,0,-1,000,0,000
3,0,0,-2,000,0,000
3,0,177,-1,035,37,125
1,0,454,-0,091,66,265
2,0,0,-1,000,0,000
3,0,180,-0,536,40,228
1,0,467,0,407,67,807
2,0,0,-1,000,0,000
3,0,0,-2,000,0,000
4,0,0,-3,000,0,000
5,0,0,-4,000,0,000
2,0,365,-0,573,53,721
3,0,0,-1,000,0,000
9,0,170,-4,034,35,843
10,0,0,-1,000,0,000
11,0,0,-2,000,0,000
12,0,0,-3,000,0,000
13,0,0,-4,000,0,000
14,0,0,-5,000,0,000
4,0,146,-2,029,34,118
6,0,269,-4,554,43,035
7,0,0,-1,000,0,000
8,0,0,-2,000,0,000
9,0,0,-3,000,0,000
10,0,0,-4,000,0,000
7,0,157,-3,031,34,333
8,0,0,-1,000,0,000
9,0,0,-2,000,0,000
7,0,222,-2,544,44,802
8,0,0,-1,000,0,000
9,0,0,-2,000,0,000
2,0,269,-0,554,48,036
17,0,152,-4,030,34,494
18,0,0,-1,000,0,000
19,0,0,-2,000,0,000
20,0,0,-3,000,0,000
21,0,0,-4,000,0,000
22,0,0,-5,000,0,000
3,0,180,-1,036,32,980
3,0,236,-0,047,42,811
4,0,0,-1,000,0,000
4,0,164,-1,033,38,306
15,0,128,-6,026,33,418
16,0,0,-1,000,0,000
17,0,0,-2,000,0,000
18,0,0,-3,000,0,000
5,0,149,-1,030,34,284
6,0,0,-1,000,0,000
6,0,200,-5,040,38,266
7,0,0,-1,000,0,000
8,0,0,-2,000,0,000
9,0,0,-3,000,0,000
10,0,0,-4,000,0,000
4,0,166,-2,033,37,065
3,0,444,0,411,62,358
10,0,175,-3,035,37,452
11,0,0,-1,000,0,000
12,0,0,-2,000,0,000
5,0,133,-2,027,31,492
11,0,208,-4,542,40,109
12,0,0,-1,000,0,000
13,0,0,-2,000,0,000
14,0,0,-3,000,0,000
15,0,0,-4,000,0,000
3,0,309,-1,562,47,202
4,0,0,-1,000,0,000
4,0,316,-1,063,50,607
5,0,170,-1,034,34,244
23,0,223,-6,045,40,103
24,0,0,-1,000,0,000
25,0,0,-2,000,0,000
26,0,0,-3,000,0,000
27,0,0,-4,000,0,000
28,0,0,-5,000,0,000
11,0,145,-5,029,32,949
12,0,0,-1,000,0,000
13,0,0,-2,000,0,000
14,0,0,-3,000,0,000
15,0,0,-4,000,0,000
10,0,280,-3,056,45,724
11,0,0,-1,000,0,000
12,0,0,-2,000,0,000
4,0,430,-2,086,62,196
5,0,0,-1,000,0,000
6,0,0,-2,000,0,000
5,0,221,-1,044,40,670
16,0,158,-5,032,37,030
17,0,0,-1,000,0,000
18,0,0,-2,000,0,000
19,0,0,-3,000,0,000
20,0,0,-4,000,0,000
5,0,133,-1,027,33,079
6,0,181,-1,036,38,378
7,0,0,-1,000,0,000
4,0,198,-1,040,38,085
6,0,124,-1,025,31,981
7,0,274,-1,555,44,336
8,0,0,-1,000,0,000
13,0,293,-2,559,48,446
14,0,0,-1,000,0,000
15,0,0,-2,000,0,000
7,0,149,-3,030,32,945
8,0,0,-1,000,0,000
9,0,0,-2,000,0,000
21,0,135,-5,027,34,677
22,0,0,-1,000,0,000
23,0,0,-2,000,0,000
24,0,0,-3,000,0,000
25,0,0,-4,000,0,000
6,0,132,-1,026,33,418
29,0,229,-5,046,41,905
30,0,0,-1,000,0,000
31,0,0,-2,000,0,000
32,0,0,-3,000,0,000
7,0,117,-1,023,31,821
5,0,127,-1,025,32,891
3,0,517,-0,103,75,329
5,0,376,-1,575,54,890
6,0,0,-1,000,0,000
19,0,500,-2,600,72,097
20,0,0,-1,000,0,000
21,0,0,-2,000,0,000
22,0,0,-3,000,0,000
16,0,333,-4,067,54,144
17,0,0,-1,000,0,000
18,0,0,-2,000,0,000
19,0,0,-3,000,0,000
20,0,0,-4,000,0,000
4,0,563,-0,247,68,615
10,0,128,-3,026,33,400
26,0,131,-5,026,32,269
27,0,0,-1,000,0,000
28,0,0,-2,000,0,000
29,0,0,-3,000,0,000
30,0,0,-4,000,0,000
7,0,146,-1,029,31,360
8,0,170,-1,034,35,897
16,0,206,-3,041,38,401
17,0,0,-1,000,0,000
18,0,0,-2,000,0,000
9,0,290,-1,558,49,466
10,0,0,-1,000,0,000
4,0,162,-1,032,34,840
6,0,197,-1,039,36,638
33,0,210,-4,042,39,916
34,0,0,-1,000,0,000
35,0,0,-2,000,0,000
36,0,0,-3,000,0,000
37,0,0,-4,000,0,000
38,0,0,-5,000,0,000
5,0,105,-1,021,30,865
13,0,426,-2,585,59,509
14,0,0,-1,000,0,000
15,0,0,-2,000,0,000
21,0,116,-5,023,31,663
22,0,0,-1,000,0,000
23,0,0,-2,000,0,000
24,0,0,-3,000,0,000
25,0,0,-4,000,0,000
6,0,376,-0,075,57,582
7,0,0,-1,000,0,000
7,0,157,-2,031,37,258
31,0,147,-5,029,34,934
32,0,0,-1,000,0,000
33,0,0,-2,000,0,000
34,0,0,-3,000,0,000
35,0,0,-4,000,0,000
11,0,186,-1,037,35,510
12,0,0,-1,000,0,000
13,0,0,-2,000,0,000
23,0,243,-3,549,42,730
24,0,0,-1,000,0,000
25,0,0,-2,000,0,000
26,0,0,-3,000,0,000
27,0,0,-4,000,0,000
28,0,0,-5,000,0,000
8,0,212,-1,042,38,572
8,0,503,-1,101,63,053
9,0,0,-1,000,0,000
7,0,175,-1,035,38,579
5,0,182,-1,036,33,072
8,0,168,-2,034,37,355
11,0,231,-1,546,45,566
12,0,0,-1,000,0,000
16,0,212,-3,042,37,665
17,0,0,-1,000,0,000
18,0,0,-2,000,0,000
9,0,268,-0,554,46,827
19,0,254,-2,551,41,751
20,0,0,-1,000,0,000
21,0,0,-2,000,0,000
36,0,185,-5,037,41,163
37,0,0,-1,000,0,000
38,0,0,-2,000,0,000
39,0,0,-3,000,0,000
40,0,0,-4,000,0,000
6,0,248,-1,050,40,934
14,0,202,-2,540,41,278
39,0,324,-5,565,50,996
40,0,0,-1,000,0,000
41,0,0,-2,000,0,000
42,0,0,-3,000,0,000
13,0,153,-2,031,32,717
6,0,200,-0,540,41,132
9,0,233,-0,547,42,809
10,0,0,-1,000,0,000
9,0,191,-1,038,37,041
7,0,134,-1,027,32,007
10,0,199,-1,040,36,532
19,0,210,-3,042,40,243
22,0,202,-3,040,39,722
20,0,0,-1,000,0,000
23,0,0,-1,000,0,000
21,0,0,-2,000,0,000
24,0,0,-2,000,0,000
15,0,145,-1,029,33,748
43,0,129,-4,026,33,157
44,0,0,-1,000,0,000
45,0,0,-2,000,0,000
46,0,0,-3,000,0,000
47,0,0,-4,000,0,000
48,0,0,-5,000,0,000
8,0,410,-0,082,58,202
9,0,0,-1,000,0,000
8,0,304,-0,561,46,155
29,0,350,-5,070,56,540
30,0,0,-1,000,0,000
31,0,0,-2,000,0,000
32,0,0,-3,000,0,000
41,0,252,-4,550,42,329
42,0,0,-1,000,0,000
43,0,0,-2,000,0,000
44,0,0,-3,000,0,000
45,0,0,-4,000,0,000
10,0,347,-1,569,56,744
11,0,0,-1,000,0,000
26,0,508,-4,102,66,270
27,0,0,-1,000,0,000
28,0,0,-2,000,0,000
29,0,0,-3,000,0,000
30,0,0,-4,000,0,000
10,0,164,-1,033,35,479
22,0,127,-3,025,34,319
23,0,0,-1,000,0,000
24,0,0,-2,000,0,000
11,0,187,-2,037,38,780
14,0,203,-0,541,41,770
15,0,0,-1,000,0,000
11,0,158,-1,032,36,293
7,0,222,-0,544,40,960
49,0,149,-6,030,35,572
50,0,0,-1,000,0,000
51,0,0,-2,000,0,000
52,0,0,-3,000,0,000
8,0,218,-0,544,40,690
10,0,172,-2,034,36,070
9,0,165,-1,033,34,050
46,0,144,-5,029,32,573
47,0,0,-1,000,0,000
48,0,0,-2,000,0,000
49,0,0,-3,000,0,000
50,0,0,-4,000,0,000
11,0,169,-1,034,38,176
25,0,290,-2,558,49,216
26,0,0,-1,000,0,000
27,0,0,-2,000,0,000
16,0,158,-2,032,34,362
12,0,234,-2,047,40,732
13,0,0,-1,000,0,000
8,0,163,-1,033,33,999
9,0,174,-1,035,35,495
53,0,208,-3,542,41,214
54,0,0,-1,000,0,000
55,0,0,-2,000,0,000
51,0,165,-5,033,35,076
52,0,0,-1,000,0,000
56,0,0,-3,000,0,000
53,0,0,-2,000,0,000
57,0,0,-4,000,0,000
54,0,0,-3,000,0,000
58,0,0,-5,000,0,000
55,0,0,-4,000,0,000
16,0,369,-0,574,55,331
17,0,0,-1,000,0,000
18,0,0,-2,000,0,000
25,0,271,-3,054,43,171
26,0,0,-1,000,0,000
27,0,0,-2,000,0,000
11,0,206,-1,041,39,489
31,0,318,-4,064,51,503
32,0,0,-1,000,0,000
33,0,0,-2,000,0,000
34,0,0,-3,000,0,000
35,0,0,-4,000,0,000
33,0,410,-3,582,59,807
34,0,0,-1,000,0,000
35,0,0,-2,000,0,000
36,0,0,-3,000,0,000
37,0,0,-4,000,0,000
38,0,0,-5,000,0,000
12,0,326,-0,065,55,352
14,0,166,-2,033,36,734
15,0,0,-1,000,0,000
17,0,226,-0,545,42,783
59,0,160,-6,032,35,998
60,0,0,-1,000,0,000
61,0,0,-2,000,0,000
62,0,0,-3,000,0,000
28,0,255,-2,551,43,079
29,0,0,-1,000,0,000
30,0,0,-2,000,0,000
12,0,420,-0,084,57,969
56,0,188,-5,038,36,945
57,0,0,-1,000,0,000
58,0,0,-2,000,0,000
59,0,0,-3,000,0,000
60,0,0,-4,000,0,000
10,0,363,-0,073,57,186
28,0,178,-3,036,36,652
29,0,0,-1,000,0,000
30,0,0,-2,000,0,000
19,0,206,-3,041,39,283
12,0,211,-1,042,39,486
12,0,348,-0,570,54,662
13,0,0,-1,000,0,000
39,0,202,-6,040,40,513
40,0,0,-1,000,0,000
41,0,0,-2,000,0,000
42,0,0,-3,000,0,000
43,0,0,-4,000,0,000
44,0,0,-5,000,0,000
36,0,265,-4,053,46,722
37,0,0,-1,000,0,000
38,0,0,-2,000,0,000
39,0,0,-3,000,0,000
40,0,0,-4,000,0,000
61,0,116,-5,023,32,868
62,0,0,-1,000,0,000
63,0,0,-2,000,0,000
64,0,0,-3,000,0,000
65,0,0,-4,000,0,000
13,0,136,-1,027,32,988
11,0,123,-1,025,32,033
9,0,375,-0,575,56,890
31,0,127,-3,025,31,084
32,0,0,-1,000,0,000
33,0,0,-2,000,0,000
16,0,238,-2,048,41,420
63,0,196,-4,039,39,827
64,0,0,-1,000,0,000
65,0,0,-2,000,0,000
66,0,0,-3,000,0,000
67,0,0,-4,000,0,000
68,0,0,-5,000,0,000
31,0,193,-3,039,36,363
32,0,0,-1,000,0,000
33,0,0,-2,000,0,000
10,0,397,-0,695,57,598
13,0,156,-1,031,36,146
14,0,174,-2,035,33,683
13,0,327,-1,065,49,236
45,0,142,-6,028,34,505
46,0,0,-1,000,0,000
47,0,0,-2,000,0,000
48,0,0,-3,000,0,000
49,0,0,-4,000,0,000
50,0,0,-5,000,0,000
12,0,133,-1,027,31,216
66,0,151,-5,030,38,502
67,0,0,-1,000,0,000
68,0,0,-2,000,0,000
69,0,0,-3,000,0,000
70,0,0,-4,000,0,000
18,0,315,-0,063,48,164
10,0,142,-1,028,35,599
20,0,262,-0,552,45,583
21,0,0,-1,000,0,000
22,0,0,-2,000,0,000
34,0,124,-3,025,31,579
35,0,0,-1,000,0,000
36,0,0,-2,000,0,000
69,0,150,-6,030,34,074
70,0,0,-1,000,0,000
71,0,0,-2,000,0,000
72,0,0,-3,000,0,000
73,0,0,-4,000,0,000
74,0,0,-5,000,0,000
11,0,140,-1,028,33,548
14,0,210,-0,542,41,278
15,0,0,-1,000,0,000
34,0,193,-3,039,36,908
35,0,0,-1,000,0,000
36,0,0,-2,000,0,000
17,0,185,-1,037,38,187
18,0,0,-1,000,0,000
41,0,237,-4,547,42,660
42,0,0,-1,000,0,000
43,0,0,-2,000,0,000
44,0,0,-3,000,0,000
45,0,0,-4,000,0,000
14,0,140,-1,028,33,877
71,0,131,-5,026,33,066
72,0,0,-1,000,0,000
73,0,0,-2,000,0,000
74,0,0,-3,000,0,000
75,0,0,-4,000,0,000
14,0,157,-1,031,32,926
19,0,133,-1,027,32,942
13,0,156,-1,031,33,979
37,0,132,-3,026,32,793
38,0,0,-1,000,0,000
39,0,0,-2,000,0,000
51,0,228,-6,046,41,440
52,0,0,-1,000,0,000
53,0,0,-2,000,0,000
54,0,0,-3,000,0,000
15,0,242,-1,048,38,932
46,0,140,-5,028,34,462
47,0,0,-1,000,0,000
48,0,0,-2,000,0,000
49,0,0,-3,000,0,000
50,0,0,-4,000,0,000
15,0,140,-1,028,33,101
37,0,197,-3,039,36,229
38,0,0,-1,000,0,000
39,0,0,-2,000,0,000
11,0,224,-0,545,43,694
75,0,200,-5,540,41,464
76,0,0,-1,000,0,000
77,0,0,-2,000,0,000
78,0,0,-3,000,0,000
79,0,0,-4,000,0,000
80,0,0,-5,000,0,000
19,0,192,-2,038,36,253
23,0,269,-2,054,45,937
24,0,0,-1,000,0,000
25,0,0,-2,000,0,000
14,0,156,-1,031,31,707
20,0,170,-1,034,35,273
21,0,0,-1,000,0,000
15,0,178,-1,036,36,522
16,0,246,-2,049,42,430
51,0,123,-5,025,31,347
52,0,0,-1,000,0,000
53,0,0,-2,000,0,000
54,0,0,-3,000,0,000
55,0,0,-4,000,0,000
40,0,131,-3,026,32,104
41,0,0,-1,000,0,000
42,0,0,-2,000,0,000
55,0,159,-4,032,34,186
56,0,0,-1,000,0,000
57,0,0,-2,000,0,000
58,0,0,-3,000,0,000
59,0,0,-4,000,0,000
60,0,0,-5,000,0,000
12,0,157,-1,031,31,720
20,0,126,-1,025,31,906
16,0,187,-1,037,39,128
16,0,185,-1,037,38,520
40,0,226,-3,045,43,769
41,0,0,-1,000,0,000
42,0,0,-2,000,0,000
81,0,182,-6,036,36,198
82,0,0,-1,000,0,000
83,0,0,-2,000,0,000
84,0,0,-3,000,0,000
85,0,0,-4,000,0,000
86,0,0,-5,000,0,000
15,0,137,-1,027,33,087
12,0,405,-0,707,60,518
76,0,334,-4,567,54,049
77,0,0,-1,000,0,000
78,0,0,-2,000,0,000
79,0,0,-3,000,0,000
26,0,181,-3,036,38,177
80,0,0,-4,000,0,000
27,0,0,-1,000,0,000
28,0,0,-2,000,0,000
17,0,161,-1,032,35,841
16,0,170,-1,034,33,821
61,0,137,-6,027,31,690
62,0,0,-1,000,0,000
63,0,0,-2,000,0,000
64,0,0,-3,000,0,000
17,0,116,-1,023,31,666
13,0,146,-1,029,32,504
43,0,179,-3,036,35,951
44,0,0,-1,000,0,000
45,0,0,-2,000,0,000
22,0,238,-1,548,46,289
87,0,128,-6,026,30,917
88,0,0,-1,000,0,000
89,0,0,-2,000,0,000
90,0,0,-3,000,0,000
91,0,0,-4,000,0,000
92,0,0,-5,000,0,000
56,0,221,-4,544,42,116
57,0,0,-1,000,0,000
58,0,0,-2,000,0,000
59,0,0,-3,000,0,000
60,0,0,-4,000,0,000
43,0,145,-3,029,32,857
44,0,0,-1,000,0,000
45,0,0,-2,000,0,000
21,0,190,-1,038,39,358
16,0,144,-1,029,33,390
18,0,133,-1,027,32,845
13,0,145,-1,029,34,651
81,0,163,-5,033,35,525
82,0,0,-1,000,0,000
83,0,0,-2,000,0,000
84,0,0,-3,000,0,000
85,0,0,-4,000,0,000
17,0,150,-1,030,33,924
65,0,135,-4,027,31,622
66,0,0,-1,000,0,000
67,0,0,-2,000,0,000
68,0,0,-3,000,0,000
69,0,0,-4,000,0,000
70,0,0,-5,000,0,000
17,0,245,-0,549,46,744
18,0,0,-1,000,0,000
18,0,153,-1,031,35,707
29,0,217,-2,543,42,848
30,0,0,-1,000,0,000
61,0,122,-5,024,31,967
62,0,0,-1,000,0,000
63,0,0,-2,000,0,000
64,0,0,-3,000,0,000
65,0,0,-4,000,0,000
46,0,150,-3,030,35,829
47,0,0,-1,000,0,000
48,0,0,-2,000,0,000
46,0,142,-3,028,32,005
47,0,0,-1,000,0,000
48,0,0,-2,000,0,000
17,0,136,-1,027,31,261
19,0,127,-1,025,32,139
86,0,135,-5,027,33,240
87,0,0,-1,000,0,000
88,0,0,-2,000,0,000
89,0,0,-3,000,0,000
90,0,0,-4,000,0,000
71,0,135,-6,027,32,503
72,0,0,-1,000,0,000
73,0,0,-2,000,0,000
74,0,0,-3,000,0,000
75,0,0,-4,000,0,000
76,0,0,-5,000,0,000
93,0,213,-6,043,38,629
94,0,0,-1,000,0,000
95,0,0,-2,000,0,000
96,0,0,-3,000,0,000
97,0,0,-4,000,0,000
98,0,0,-5,000,0,000
14,0,262,-0,552,42,460
19,0,135,-1,027,34,242
19,0,175,-2,035,34,839
49,0,131,-3,026,32,282
50,0,0,-1,000,0,000
51,0,0,-2,000,0,000
49,0,156,-3,031,35,945
50,0,0,-1,000,0,000
51,0,0,-2,000,0,000
23,0,304,-0,061,54,665
24,0,0,-1,000,0,000
66,0,164,-5,033,33,582
67,0,0,-1,000,0,000
68,0,0,-2,000,0,000
69,0,0,-3,000,0,000
70,0,0,-4,000,0,000
18,0,220,-0,544,41,498
18,0,139,-1,028,33,784
14,0,259,-0,552,46,694
31,0,189,-2,038,35,175
91,0,124,-5,025,31,684
92,0,0,-1,000,0,000
93,0,0,-2,000,0,000
94,0,0,-3,000,0,000
95,0,0,-4,000,0,000
20,0,157,-1,031,35,075
99,0,139,-6,028,30,876
100,0,0,-1,000,0,000
101,0,0,-2,000,0,000
102,0,0,-3,000,0,000
103,0,0,-4,000,0,000
104,0,0,-5,000,0,000
77,0,149,-6,030,32,466
78,0,0,-1,000,0,000
79,0,0,-2,000,0,000
80,0,0,-3,000,0,000
22,0,347,-0,569,56,499
23,0,0,-1,000,0,000
20,0,129,-1,026,31,108
15,0,173,-1,035,37,524
52,0,127,-3,025,30,648
52,0,124,-3,025,33,199
53,0,0,-1,000,0,000
53,0,0,-1,000,0,000
54,0,0,-2,000,0,000
54,0,0,-2,000,0,000
25,0,151,-2,030,33,629
26,0,0,-1,000,0,000
15,0,133,-1,027,32,442
71,0,154,-5,031,35,525
72,0,0,-1,000,0,000
73,0,0,-2,000,0,000
74,0,0,-3,000,0,000
75,0,0,-4,000,0,000
20,0,183,-1,037,35,603
19,0,169,-1,034,36,533
96,0,176,-5,035,36,650
97,0,0,-1,000,0,000
98,0,0,-2,000,0,000
99,0,0,-3,000,0,000
100,0,0,-4,000,0,000
24,0,137,-2,027,32,541
25,0,0,-1,000,0,000
105,0,154,-6,031,31,699
106,0,0,-1,000,0,000
107,0,0,-2,000,0,000
108,0,0,-3,000,0,000
109,0,0,-4,000,0,000
110,0,0,-5,000,0,000
16,0,100,-1,020,30,298
19,0,215,-1,043,40,745
81,0,161,-4,032,34,760
82,0,0,-1,000,0,000
83,0,0,-2,000,0,000
84,0,0,-3,000,0,000
21,0,142,-1,028,33,903
55,0,112,-3,022,32,197
56,0,0,-1,000,0,000
57,0,0,-2,000,0,000
21,0,193,-1,039,36,046
32,0,236,-1,047,39,936
55,0,143,-3,029,31,891
56,0,0,-1,000,0,000
57,0,0,-2,000,0,000
27,0,123,-2,025,33,066
16,0,131,-1,026,33,662
21,0,136,-1,027,32,894
20,0,136,-1,027,32,740
111,0,122,-6,024,31,741
112,0,0,-1,000,0,000
113,0,0,-2,000,0,000
114,0,0,-3,000,0,000
115,0,0,-4,000,0,000
116,0,0,-5,000,0,000
101,0,130,-5,026,33,655
102,0,0,-1,000,0,000
103,0,0,-2,000,0,000
104,0,0,-3,000,0,000
105,0,0,-4,000,0,000
22,0,120,-1,024,31,113
20,0,143,-1,029,30,622
58,0,136,-3,027,34,403
59,0,0,-1,000,0,000
60,0,0,-2,000,0,000
26,0,155,-2,031,32,841
85,0,155,-4,031,34,897
86,0,0,-1,000,0,000
87,0,0,-2,000,0,000
88,0,0,-3,000,0,000
89,0,0,-4,000,0,000
90,0,0,-5,000,0,000
58,0,149,-3,030,32,705
59,0,0,-1,000,0,000
60,0,0,-2,000,0,000
22,0,138,-1,028,31,594
17,0,212,-0,542,44,231
33,0,196,-1,039,38,001
22,0,225,-0,545,44,883
21,0,155,-1,031,35,474
106,0,128,-5,026,32,696
107,0,0,-1,000,0,000
108,0,0,-2,000,0,000
109,0,0,-3,000,0,000
110,0,0,-4,000,0,000
76,0,336,-4,067,53,898
77,0,0,-1,000,0,000
78,0,0,-2,000,0,000
79,0,0,-3,000,0,000
80,0,0,-4,000,0,000
17,0,213,-1,043,40,140
117,0,157,-6,031,32,702
118,0,0,-1,000,0,000
119,0,0,-2,000,0,000
120,0,0,-3,000,0,000
61,0,138,-3,028,33,040
62,0,0,-1,000,0,000
63,0,0,-2,000,0,000
27,0,139,-1,028,31,619
23,0,155,-1,031,33,579
28,0,267,-1,053,45,733
29,0,0,-1,000,0,000
91,0,164,-6,033,35,510
92,0,0,-1,000,0,000
93,0,0,-2,000,0,000
94,0,0,-3,000,0,000
95,0,0,-4,000,0,000
96,0,0,-5,000,0,000
21,0,192,-1,038,33,608
23,0,134,-1,027,32,511
61,0,161,-3,032,35,640
62,0,0,-1,000,0,000
63,0,0,-2,000,0,000
34,0,128,-1,026,33,274
23,0,128,-1,026,33,132
121,0,115,-4,023,31,396
122,0,0,-1,000,0,000
123,0,0,-2,000,0,000
124,0,0,-3,000,0,000
64,0,125,-3,025,31,989
111,0,160,-5,032,34,220
65,0,0,-1,000,0,000
112,0,0,-1,000,0,000
66,0,0,-2,000,0,000
113,0,0,-2,000,0,000
114,0,0,-3,000,0,000
115,0,0,-4,000,0,000
81,0,156,-5,031,33,801
82,0,0,-1,000,0,000
83,0,0,-2,000,0,000
84,0,0,-3,000,0,000
85,0,0,-4,000,0,000
22,0,187,-0,537,41,544
24,0,159,-1,032,34,551
18,0,179,-1,036,35,901
30,0,137,-2,027,31,391
31,0,0,-1,000,0,000
28,0,179,-1,036,37,276
29,0,0,-1,000,0,000
97,0,141,-6,028,34,931
98,0,0,-1,000,0,000
99,0,0,-2,000,0,000
100,0,0,-3,000,0,000
24,0,137,-1,027,35,466
22,0,151,-1,030,33,675
64,0,157,-3,031,37,826
65,0,0,-1,000,0,000
66,0,0,-2,000,0,000
35,0,161,-1,032,35,031
36,0,0,-1,000,0,000
37,0,0,-2,000,0,000
125,0,136,-4,027,33,537
126,0,0,-1,000,0,000
127,0,0,-2,000,0,000
128,0,0,-3,000,0,000
23,0,121,-1,024,33,205
116,0,144,-5,029,32,458
117,0,0,-1,000,0,000
118,0,0,-2,000,0,000
119,0,0,-3,000,0,000
120,0,0,-4,000,0,000
86,0,131,-5,026,32,120
87,0,0,-1,000,0,000
88,0,0,-2,000,0,000
89,0,0,-3,000,0,000
90,0,0,-4,000,0,000
25,0,113,-1,023,31,394
18,0,353,-0,071,56,291
67,0,160,-3,032,33,761
68,0,0,-1,000,0,000
69,0,0,-2,000,0,000
24,0,226,-1,045,41,647
32,0,136,-2,027,33,867
33,0,0,-1,000,0,000
101,0,130,-4,026,32,148
102,0,0,-1,000,0,000
103,0,0,-2,000,0,000
104,0,0,-3,000,0,000
25,0,135,-1,027,32,686
23,0,144,-1,029,33,967
38,0,123,-3,025,31,294
39,0,0,-1,000,0,000
40,0,0,-2,000,0,000
19,0,197,-1,039,38,671
129,0,137,-4,027,31,680
130,0,0,-1,000,0,000
131,0,0,-2,000,0,000
132,0,0,-3,000,0,000
133,0,0,-4,000,0,000
134,0,0,-5,000,0,000
30,0,209,-2,042,37,694
91,0,128,-5,026,32,538
92,0,0,-1,000,0,000
93,0,0,-2,000,0,000
94,0,0,-3,000,0,000
95,0,0,-4,000,0,000
24,0,135,-1,027,31,590
67,0,185,-3,037,37,459
68,0,0,-1,000,0,000
69,0,0,-2,000,0,000
121,0,148,-5,030,36,715
122,0,0,-1,000,0,000
123,0,0,-2,000,0,000
124,0,0,-3,000,0,000
125,0,0,-4,000,0,000
26,0,149,-1,030,32,073
70,0,149,-3,030,32,498
71,0,0,-1,000,0,000
72,0,0,-2,000,0,000
34,0,138,-2,028,32,301
35,0,0,-1,000,0,000
105,0,133,-4,027,35,089
106,0,0,-1,000,0,000
107,0,0,-2,000,0,000
108,0,0,-3,000,0,000
24,0,103,-1,021,30,893
25,0,149,-1,030,34,850
19,0,185,-0,537,40,030
20,0,128,-1,026,33,182
41,0,160,-3,032,32,642
26,0,198,-1,040,39,645
27,0,0,-1,000,0,000
126,0,115,-5,023,33,524
127,0,0,-1,000,0,000
128,0,0,-2,000,0,000
129,0,0,-3,000,0,000
130,0,0,-4,000,0,000
135,0,155,-6,031,33,108
136,0,0,-1,000,0,000
137,0,0,-2,000,0,000
138,0,0,-3,000,0,000
139,0,0,-4,000,0,000
140,0,0,-5,000,0,000
31,0,154,-1,031,34,877
32,0,0,-1,000,0,000
25,0,153,-1,031,32,211
36,0,126,-2,025,32,123
37,0,0,-1,000,0,000
38,0,0,-2,000,0,000
27,0,160,-1,032,35,419
25,0,134,-1,027,33,235
70,0,177,-3,035,35,735
71,0,0,-1,000,0,000
72,0,0,-2,000,0,000
73,0,153,-3,031,36,741
74,0,0,-1,000,0,000
75,0,0,-2,000,0,000
96,0,201,-5,040,41,232
97,0,0,-1,000,0,000
98,0,0,-2,000,0,000
99,0,0,-3,000,0,000
100,0,0,-4,000,0,000
21,0,111,-1,022,31,408
20,0,152,-1,030,33,787
26,0,162,-1,032,33,882
109,0,169,-4,034,34,734
110,0,0,-1,000,0,000
111,0,0,-2,000,0,000
112,0,0,-3,000,0,000
113,0,0,-4,000,0,000
114,0,0,-5,000,0,000
28,0,138,-2,028,31,079
131,0,145,-5,029,34,221
132,0,0,-1,000,0,000
133,0,0,-2,000,0,000
134,0,0,-3,000,0,000
135,0,0,-4,000,0,000
33,0,153,-2,031,32,260
39,0,135,-3,027,31,200
26,0,157,-1,031,32,113
141,0,179,-6,036,37,572
142,0,0,-1,000,0,000
143,0,0,-2,000,0,000
144,0,0,-3,000,0,000
26,0,132,-1,026,31,653
115,0,108,-6,022,30,763
116,0,0,-1,000,0,000
117,0,0,-2,000,0,000
118,0,0,-3,000,0,000
76,0,141,-3,028,35,735
77,0,0,-1,000,0,000
78,0,0,-2,000,0,000
101,0,132,-5,026,34,565
102,0,0,-1,000,0,000
103,0,0,-2,000,0,000
104,0,0,-3,000,0,000
105,0,0,-4,000,0,000
73,0,149,-3,030,31,742
74,0,0,-1,000,0,000
75,0,0,-2,000,0,000
28,0,156,-1,031,36,950
22,0,149,-1,030,36,102
27,0,144,-1,029,33,474
21,0,145,-1,029,32,248
29,0,128,-1,026,32,418
136,0,128,-5,026,31,397
137,0,0,-1,000,0,000
138,0,0,-2,000,0,000
139,0,0,-3,000,0,000
140,0,0,-4,000,0,000
34,0,112,-1,022,31,007
119,0,115,-4,023,30,656
120,0,0,-1,000,0,000
121,0,0,-2,000,0,000
122,0,0,-3,000,0,000
27,0,133,-1,027,33,147
42,0,326,-0,565,55,546
43,0,0,-1,000,0,000
27,0,134,-1,027,31,919
79,0,126,-3,025,31,392
80,0,0,-1,000,0,000
81,0,0,-2,000,0,000
106,0,150,-5,030,32,398
107,0,0,-1,000,0,000
108,0,0,-2,000,0,000
109,0,0,-3,000,0,000
110,0,0,-4,000,0,000
23,0,131,-1,026,31,562
22,0,132,-1,026,33,424
141,0,98,-5,020,30,758
142,0,0,-1,000,0,000
143,0,0,-2,000,0,000
144,0,0,-3,000,0,000
145,0,0,-4,000,0,000
29,0,165,-1,033,33,524
40,0,219,-0,544,42,293
41,0,0,-1,000,0,000
35,0,125,-1,025,31,706
145,0,237,-4,047,42,164
146,0,0,-1,000,0,000
147,0,0,-2,000,0,000
148,0,0,-3,000,0,000
44,0,132,-2,026,33,806
45,0,0,-1,000,0,000
46,0,0,-2,000,0,000
76,0,244,-3,049,45,767
77,0,0,-1,000,0,000
78,0,0,-2,000,0,000
28,0,142,-1,028,32,342
30,0,192,-1,038,37,458
111,0,117,-5,023,32,260
112,0,0,-1,000,0,000
113,0,0,-2,000,0,000
114,0,0,-3,000,0,000
115,0,0,-4,000,0,000
28,0,150,-1,030,33,090
24,0,120,-1,024,32,103
28,0,250,-0,550,45,125
29,0,0,-1,000,0,000
23,0,135,-1,027,33,533
146,0,125,-5,025,31,607
147,0,0,-1,000,0,000
148,0,0,-2,000,0,000
149,0,0,-3,000,0,000
150,0,0,-4,000,0,000
82,0,184,-3,037,35,035
83,0,0,-1,000,0,000
84,0,0,-2,000,0,000
30,0,162,-1,032,34,061
123,0,240,-4,048,42,654
124,0,0,-1,000,0,000
125,0,0,-2,000,0,000
126,0,0,-3,000,0,000
127,0,0,-4,000,0,000
128,0,0,-5,000,0,000
36,0,151,-1,030,34,640
37,0,0,-1,000,0,000
42,0,186,-2,037,38,685
43,0,0,-1,000,0,000
29,0,138,-1,028,35,019
116,0,129,-5,026,33,166
117,0,0,-1,000,0,000
118,0,0,-2,000,0,000
119,0,0,-3,000,0,000
120,0,0,-4,000,0,000
30,0,130,-2,026,31,431
29,0,146,-1,029,33,480
149,0,199,-3,540,40,222
150,0,0,-1,000,0,000
151,0,0,-2,000,0,000
152,0,0,-3,000,0,000
153,0,0,-4,000,0,000
154,0,0,-5,000,0,000
47,0,172,-3,034,38,521
48,0,0,-1,000,0,000
49,0,0,-2,000,0,000
25,0,150,-1,030,32,950
24,0,138,-1,028,34,870
85,0,129,-3,026,33,640
86,0,0,-1,000,0,000
87,0,0,-2,000,0,000
151,0,149,-5,030,33,080
152,0,0,-1,000,0,000
153,0,0,-2,000,0,000
154,0,0,-3,000,0,000
155,0,0,-4,000,0,000
31,0,130,-1,026,32,442
38,0,113,-2,023,31,067
31,0,218,-0,544,43,765
32,0,0,-1,000,0,000
79,0,232,-3,046,39,729
80,0,0,-1,000,0,000
81,0,0,-2,000,0,000
30,0,115,-1,023,30,475
25,0,112,-1,022,31,882
129,0,201,-6,040,36,501
130,0,0,-1,000,0,000
131,0,0,-2,000,0,000
132,0,0,-3,000,0,000
133,0,0,-4,000,0,000
134,0,0,-5,000,0,000
121,0,158,-5,032,33,032
122,0,0,-1,000,0,000
123,0,0,-2,000,0,000
124,0,0,-3,000,0,000
125,0,0,-4,000,0,000
155,0,139,-6,028,32,923
156,0,0,-1,000,0,000
157,0,0,-2,000,0,000
158,0,0,-3,000,0,000
159,0,0,-4,000,0,000
160,0,0,-5,000,0,000
44,0,184,-2,037,36,796
45,0,0,-1,000,0,000
26,0,142,-1,028,35,809
50,0,156,-3,031,33,428
30,0,158,-1,032,34,467
88,0,158,-3,032,35,516
89,0,0,-1,000,0,000
90,0,0,-2,000,0,000
32,0,130,-1,026,32,835
33,0,126,-2,025,31,367
31,0,195,-1,039,36,632
31,0,136,-1,027,33,828
26,0,128,-1,026,33,083
82,0,201,-3,040,38,637
83,0,0,-1,000,0,000
84,0,0,-2,000,0,000
126,0,130,-5,026,31,304
127,0,0,-1,000,0,000
128,0,0,-2,000,0,000
129,0,0,-3,000,0,000
130,0,0,-4,000,0,000
39,0,231,-1,046,43,099
135,0,156,-6,031,33,862
136,0,0,-1,000,0,000
137,0,0,-2,000,0,000
138,0,0,-3,000,0,000
161,0,152,-6,030,31,931
162,0,0,-1,000,0,000
163,0,0,-2,000,0,000
164,0,0,-3,000,0,000
165,0,0,-4,000,0,000
166,0,0,-5,000,0,000
32,0,140,-1,028,34,236
91,0,157,-3,031,38,142
92,0,0,-1,000,0,000
93,0,0,-2,000,0,000
33,0,180,-1,036,36,335
32,0,144,-1,029,33,607
156,0,370,-5,074,51,162
157,0,0,-1,000,0,000
158,0,0,-2,000,0,000
159,0,0,-3,000,0,000
160,0,0,-4,000,0,000
31,0,290,-0,558,45,815
27,0,191,-0,038,44,205
167,0,161,-6,032,36,242
168,0,0,-1,000,0,000
169,0,0,-2,000,0,000
170,0,0,-3,000,0,000
171,0,0,-4,000,0,000
172,0,0,-5,000,0,000
94,0,131,-3,026,33,195
95,0,0,-1,000,0,000
96,0,0,-2,000,0,000
131,0,204,-4,541,39,544
132,0,0,-1,000,0,000
133,0,0,-2,000,0,000
134,0,0,-3,000,0,000
135,0,0,-4,000,0,000
139,0,190,-4,038,34,679
140,0,0,-1,000,0,000
141,0,0,-2,000,0,000
142,0,0,-3,000,0,000
143,0,0,-4,000,0,000
144,0,0,-5,000,0,000
34,0,312,-0,562,50,167
35,0,0,-1,000,0,000
51,0,376,-0,575,57,289
52,0,0,-1,000,0,000
53,0,0,-2,000,0,000
54,0,0,-3,000,0,000
46,0,396,-1,079,56,945
85,0,288,-2,558,49,023
86,0,0,-1,000,0,000
87,0,0,-2,000,0,000
33,0,227,-0,545,43,679
34,0,0,-1,000,0,000
34,0,199,-1,040,38,899
32,0,114,-1,023,32,460
40,0,288,-0,558,47,175
41,0,0,-1,000,0,000
28,0,129,-1,026,34,036
27,0,438,-0,710,59,697
145,0,118,-6,024,31,610
146,0,0,-1,000,0,000
147,0,0,-2,000,0,000
148,0,0,-3,000,0,000
149,0,0,-4,000,0,000
150,0,0,-5,000,0,000
97,0,176,-2,535,39,638
98,0,0,-1,000,0,000
99,0,0,-2,000,0,000
136,0,174,-4,535,40,215
137,0,0,-1,000,0,000
138,0,0,-2,000,0,000
139,0,0,-3,000,0,000
140,0,0,-4,000,0,000
36,0,195,-2,039,34,879
35,0,133,-1,027,31,892
47,0,151,-1,030,32,127
161,0,304,-4,061,55,072
162,0,0,-1,000,0,000
163,0,0,-2,000,0,000
164,0,0,-3,000,0,000
165,0,0,-4,000,0,000
55,0,186,-4,037,36,997
56,0,0,-1,000,0,000
57,0,0,-2,000,0,000
151,0,124,-6,025,32,552
152,0,0,-1,000,0,000
153,0,0,-2,000,0,000
154,0,0,-3,000,0,000
155,0,0,-4,000,0,000
156,0,0,-5,000,0,000
42,0,159,-2,032,35,335
43,0,0,-1,000,0,000
33,0,170,-1,034,37,205
141,0,128,-5,026,35,221
142,0,0,-1,000,0,000
143,0,0,-2,000,0,000
144,0,0,-3,000,0,000
145,0,0,-4,000,0,000
88,0,230,-3,046,44,517
89,0,0,-1,000,0,000
90,0,0,-2,000,0,000
100,0,180,-3,036,39,108
101,0,0,-1,000,0,000
102,0,0,-2,000,0,000
33,0,459,-0,092,65,501
48,0,155,-1,031,34,256
29,0,279,-0,056,54,822
35,0,305,-1,561,54,900
36,0,0,-1,000,0,000
34,0,138,-1,028,32,891
157,0,149,-6,030,32,464
158,0,0,-1,000,0,000
159,0,0,-2,000,0,000
160,0,0,-3,000,0,000
161,0,0,-4,000,0,000
162,0,0,-5,000,0,000
58,0,172,-3,034,37,869
173,0,440,-5,088,65,274
174,0,0,-1,000,0,000
175,0,0,-2,000,0,000
176,0,0,-3,000,0,000
91,0,131,-3,026,32,176
92,0,0,-1,000,0,000
93,0,0,-2,000,0,000
166,0,242,-4,548,47,242
167,0,0,-1,000,0,000
168,0,0,-2,000,0,000
169,0,0,-3,000,0,000
170,0,0,-4,000,0,000
44,0,224,-2,045,39,693
45,0,0,-1,000,0,000
146,0,216,-4,543,41,555
147,0,0,-1,000,0,000
148,0,0,-2,000,0,000
149,0,0,-3,000,0,000
150,0,0,-4,000,0,000
34,0,162,-1,032,32,093
28,0,408,-0,190,62,943
103,0,185,-3,037,36,966
104,0,0,-1,000,0,000
105,0,0,-2,000,0,000
37,0,151,-2,030,35,523
49,0,161,-1,032,34,336
59,0,132,-1,026,33,856
60,0,0,-1,000,0,000
61,0,0,-2,000,0,000
30,0,173,-1,035,35,435
37,0,341,-0,068,55,996
38,0,0,-1,000,0,000
94,0,142,-3,028,34,457
95,0,0,-1,000,0,000
96,0,0,-2,000,0,000
36,0,388,-0,578,62,264
37,0,0,-1,000,0,000
35,0,215,-0,543,44,338
177,0,197,-4,039,37,566
178,0,0,-1,000,0,000
179,0,0,-2,000,0,000
180,0,0,-3,000,0,000
181,0,0,-4,000,0,000
182,0,0,-5,000,0,000
171,0,145,-5,029,32,603
172,0,0,-1,000,0,000
173,0,0,-2,000,0,000
174,0,0,-3,000,0,000
175,0,0,-4,000,0,000
35,0,145,-1,029,32,354
29,0,163,-1,033,37,048
62,0,141,-3,028,32,827
63,0,0,-1,000,0,000
38,0,155,-1,031,33,698
64,0,0,-2,000,0,000
50,0,155,-1,031,34,497
46,0,235,-2,047,46,043
97,0,146,-3,029,32,180
98,0,0,-1,000,0,000
99,0,0,-2,000,0,000
36,0,135,-1,027,33,792
176,0,148,-5,030,33,224
177,0,0,-1,000,0,000
178,0,0,-2,000,0,000
179,0,0,-3,000,0,000
180,0,0,-4,000,0,000
163,0,385,-5,577,60,960
164,0,0,-1,000,0,000
165,0,0,-2,000,0,000
166,0,0,-3,000,0,000
167,0,0,-4,000,0,000
183,0,174,-6,035,36,349
184,0,0,-1,000,0,000
185,0,0,-2,000,0,000
186,0,0,-3,000,0,000
151,0,285,-4,057,51,825
152,0,0,-1,000,0,000
153,0,0,-2,000,0,000
154,0,0,-3,000,0,000
155,0,0,-4,000,0,000
38,0,198,-2,040,38,002
39,0,0,-1,000,0,000
51,0,123,-1,025,31,457
52,0,0,-1,000,0,000
30,0,137,-1,027,31,216
39,0,182,-0,536,39,635
40,0,0,-1,000,0,000
39,0,330,-1,566,49,537
65,0,197,-3,039,38,356
40,0,0,-1,000,0,000
37,0,163,-1,033,33,010
47,0,220,-0,544,43,988
48,0,0,-1,000,0,000
36,0,312,-0,062,57,116
31,0,420,0,416,68,064
106,0,455,-2,091,65,571
107,0,0,-1,000,0,000
108,0,0,-2,000,0,000
168,0,222,-4,544,44,567
169,0,0,-1,000,0,000
170,0,0,-2,000,0,000
171,0,0,-3,000,0,000
172,0,0,-4,000,0,000
173,0,0,-5,000,0,000
31,0,187,-1,037,33,639
156,0,210,-5,042,38,671
157,0,0,-1,000,0,000
158,0,0,-2,000,0,000
159,0,0,-3,000,0,000
160,0,0,-4,000,0,000
100,0,292,-2,558,51,248
101,0,0,-1,000,0,000
102,0,0,-2,000,0,000
66,0,154,-1,031,35,107
41,0,171,-2,034,33,667
38,0,157,-1,031,33,649
49,0,164,-2,033,36,538
50,0,0,-1,000,0,000
181,0,347,-4,069,64,483
182,0,0,-1,000,0,000
183,0,0,-2,000,0,000
184,0,0,-3,000,0,000
185,0,0,-4,000,0,000
40,0,318,-1,564,54,802
41,0,0,-1,000,0,000
187,0,336,-3,567,59,419
188,0,0,-1,000,0,000
189,0,0,-2,000,0,000
190,0,0,-3,000,0,000
191,0,0,-4,000,0,000
192,0,0,-5,000,0,000
32,0,129,-1,026,33,088
161,0,142,-5,028,34,132
162,0,0,-1,000,0,000
163,0,0,-2,000,0,000
164,0,0,-3,000,0,000
165,0,0,-4,000,0,000
32,0,191,-0,538,43,891
37,0,195,-1,039,36,133
67,0,133,-1,027,32,472
68,0,0,-1,000,0,000
69,0,0,-2,000,0,000
42,0,133,-1,027,32,330
51,0,134,-2,027,32,088
109,0,254,-2,051,47,166
110,0,0,-1,000,0,000
111,0,0,-2,000,0,000
53,0,435,-2,087,57,681
54,0,0,-1,000,0,000
55,0,0,-2,000,0,000
42,0,163,-2,033,32,730
186,0,174,-5,035,39,208
187,0,0,-1,000,0,000
188,0,0,-2,000,0,000
189,0,0,-3,000,0,000
190,0,0,-4,000,0,000
33,0,163,-1,033,33,595
166,0,152,-5,030,32,481
167,0,0,-1,000,0,000
168,0,0,-2,000,0,000
169,0,0,-3,000,0,000
170,0,0,-4,000,0,000
103,0,286,-2,557,49,724
104,0,0,-1,000,0,000
105,0,0,-2,000,0,000
193,0,200,-5,540,42,358
194,0,0,-1,000,0,000
195,0,0,-2,000,0,000
196,0,0,-3,000,0,000
38,0,205,-1,041,39,251
174,0,379,-4,576,58,380
175,0,0,-1,000,0,000
176,0,0,-2,000,0,000
177,0,0,-3,000,0,000
56,0,136,-3,027,32,601
41,0,511,-0,602,76,757
42,0,0,-1,000,0,000
52,0,171,-1,034,36,042
53,0,0,-1,000,0,000
43,0,240,-0,548,45,977
44,0,0,-1,000,0,000
112,0,178,-2,536,39,673
113,0,0,-1,000,0,000
114,0,0,-2,000,0,000
43,0,148,-1,030,31,948
106,0,130,-3,026,31,745
107,0,0,-1,000,0,000
108,0,0,-2,000,0,000
197,0,129,-4,026,32,347
198,0,0,-1,000,0,000
199,0,0,-2,000,0,000
200,0,0,-3,000,0,000
201,0,0,-4,000,0,000
202,0,0,-5,000,0,000
171,0,159,-5,032,33,577
172,0,0,-1,000,0,000
173,0,0,-2,000,0,000
174,0,0,-3,000,0,000
175,0,0,-4,000,0,000
34,0,179,-1,036,36,611
70,0,316,-2,563,56,675
71,0,0,-1,000,0,000
39,0,442,-0,088,67,307
191,0,244,-5,049,42,458
192,0,0,-1,000,0,000
193,0,0,-2,000,0,000
194,0,0,-3,000,0,000
195,0,0,-4,000,0,000
57,0,158,-1,032,36,401
39,0,199,-1,040,37,437
44,0,165,-1,033,33,774
109,0,166,-3,033,33,523
110,0,0,-1,000,0,000
111,0,0,-2,000,0,000
203,0,151,-6,030,31,433
204,0,0,-1,000,0,000
205,0,0,-2,000,0,000
206,0,0,-3,000,0,000
207,0,0,-4,000,0,000
208,0,0,-5,000,0,000
45,0,199,-1,540,42,841
46,0,0,-1,000,0,000
176,0,167,-5,033,35,281
177,0,0,-1,000,0,000
178,0,0,-2,000,0,000
179,0,0,-3,000,0,000
180,0,0,-4,000,0,000
72,0,159,-2,032,36,854
178,0,308,-3,562,56,344
179,0,0,-1,000,0,000
180,0,0,-2,000,0,000
181,0,0,-3,000,0,000
182,0,0,-4,000,0,000
40,0,197,-0,039,42,618
33,0,551,0,890,87,995
40,0,150,-1,030,34,872
43,0,332,-1,066,56,785
44,0,0,-1,000,0,000
58,0,194,-1,039,39,631
45,0,146,-1,029,35,461
47,0,146,-2,029,32,532
54,0,362,-1,072,63,604
55,0,0,-1,000,0,000
112,0,174,-3,035,38,239
113,0,0,-1,000,0,000
114,0,0,-2,000,0,000
35,0,341,-0,690,55,061
115,0,414,-2,083,56,730
116,0,0,-1,000,0,000
117,0,0,-2,000,0,000
181,0,214,-4,543,43,655
182,0,0,-1,000,0,000
183,0,0,-2,000,0,000
184,0,0,-3,000,0,000
185,0,0,-4,000,0,000
73,0,208,-1,042,38,369
196,0,344,-4,069,61,261
197,0,0,-1,000,0,000
198,0,0,-2,000,0,000
199,0,0,-3,000,0,000
200,0,0,-4,000,0,000
45,0,143,-2,029,32,784
56,0,130,-2,026,32,939
209,0,292,-6,058,43,197
210,0,0,-1,000,0,000
211,0,0,-2,000,0,000
212,0,0,-3,000,0,000
183,0,208,-5,042,38,166
184,0,0,-1,000,0,000
185,0,0,-2,000,0,000
186,0,0,-3,000,0,000
187,0,0,-4,000,0,000
188,0,0,-5,000,0,000
46,0,164,-1,033,35,440
41,0,217,-0,043,45,573
48,0,170,-1,034,34,730
59,0,218,-0,544,43,344
60,0,0,-1,000,0,000
118,0,154,-3,031,35,541
119,0,0,-1,000,0,000
120,0,0,-2,000,0,000
115,0,222,-3,044,44,775
116,0,0,-1,000,0,000
117,0,0,-2,000,0,000
36,0,185,-1,037,34,463
46,0,139,-1,028,34,865
41,0,319,-0,564,50,814
34,0,328,-0,566,55,844
201,0,198,-5,040,35,306
202,0,0,-1,000,0,000
203,0,0,-2,000,0,000
204,0,0,-3,000,0,000
205,0,0,-4,000,0,000
189,0,184,-5,537,41,169
190,0,0,-1,000,0,000
191,0,0,-2,000,0,000
192,0,0,-3,000,0,000
193,0,0,-4,000,0,000
194,0,0,-5,000,0,000
121,0,125,-3,025,33,269
122,0,0,-1,000,0,000
123,0,0,-2,000,0,000
74,0,258,-0,552,46,898
75,0,0,-1,000,0,000
57,0,226,-0,545,45,847
58,0,0,-1,000,0,000
47,0,117,-1,023,32,305
37,0,134,-1,027,32,404
186,1,314,0,906,37,901
213,0,306,-3,561,57,708
214,0,0,-1,000,0,000
215,0,0,-2,000,0,000
216,0,0,-3,000,0,000
217,0,0,-4,000,0,000
218,0,0,-5,000,0,000
195,0,129,-6,026,33,359
196,0,0,-1,000,0,000
197,0,0,-2,000,0,000
198,0,0,-3,000,0,000
206,0,141,-5,028,34,071
207,0,0,-1,000,0,000
208,0,0,-2,000,0,000
209,0,0,-3,000,0,000
210,0,0,-4,000,0,000
35,0,170,-1,034,36,202
124,0,116,-3,023,31,851
125,0,0,-1,000,0,000
126,0,0,-2,000,0,000
118,0,260,-3,052,46,322
119,0,0,-1,000,0,000
120,0,0,-2,000,0,000
59,0,137,-2,027,31,798
76,0,146,-2,029,33,931
42,0,223,-0,545,40,983
38,0,136,-1,027,31,468
61,0,339,-1,568,54,430
62,0,0,-1,000,0,000
42,0,390,-0,578,60,662
187,0,161,-1,032,35,106
188,0,0,-1,000,0,000
189,0,0,-2,000,0,000
190,0,0,-3,000,0,000
191,0,0,-4,000,0,000
47,0,428,-0,086,59,149
48,0,0,-1,000,0,000
39,0,141,-1,028,36,754
219,0,221,-6,044,43,664
220,0,0,-1,000,0,000
221,0,0,-2,000,0,000
222,0,0,-3,000,0,000
223,0,0,-4,000,0,000
224,0,0,-5,000,0,000
48,0,310,0,438,54,905
49,0,0,-1,000,0,000
60,0,186,-0,537,41,256
61,0,0,-1,000,0,000
43,0,194,-0,539,39,776
211,0,305,-4,061,58,277
212,0,0,-1,000,0,000
213,0,0,-2,000,0,000
214,0,0,-3,000,0,000
215,0,0,-4,000,0,000
127,0,291,-2,558,51,777
128,0,0,-1,000,0,000
129,0,0,-2,000,0,000
121,1,301,2,787,43,723
199,0,359,-3,572,54,860
200,0,0,-1,000,0,000
201,0,0,-2,000,0,000
202,0,0,-3,000,0,000
203,0,0,-4,000,0,000
204,0,0,-5,000,0,000
77,0,327,-0,565,60,461
78,0,0,-1,000,0,000
79,0,0,-2,000,0,000
80,0,0,-3,000,0,000
192,1,269,0,919,41,474
36,0,376,0,425,64,710
43,0,330,-0,186,54,199
63,0,309,-1,562,54,894
50,0,184,-1,537,41,032
51,0,0,-1,000,0,000
40,0,213,-0,543,45,096
216,0,162,-4,032,40,959
217,0,0,-1,000,0,000
218,0,0,-2,000,0,000
219,0,0,-3,000,0,000
220,0,0,-4,000,0,000
64,0,164,-0,033,40,944
225,0,353,-5,571,60,443
226,0,0,-1,000,0,000
227,0,0,-2,000,0,000
228,0,0,-3,000,0,000
229,0,0,-4,000,0,000
230,0,0,-5,000,0,000
41,0,160,-1,032,31,630
130,1,296,2,911,41,313
122,1,261,4,922,40,229
49,0,914,1,111,122,529
37,0,292,-0,558,55,772
193,1,340,4,898,48,809
65,0,174,-0,035,43,225
52,0,340,-1,568,54,414
53,0,0,-1,000,0,000
49,0,636,0,373,103,557
50,0,0,-1,000,0,000
81,0,386,-3,077,62,262
82,0,0,-1,000,0,000
83,0,0,-2,000,0,000
231,0,212,-6,042,37,708
232,0,0,-1,000,0,000
233,0,0,-2,000,0,000
234,0,0,-3,000,0,000
235,0,0,-4,000,0,000
236,0,0,-5,000,0,000
221,0,348,-5,070,50,217
222,0,0,-1,000,0,000
223,0,0,-2,000,0,000
224,0,0,-3,000,0,000
225,0,0,-4,000,0,000
194,0,181,-0,536,40,511
195,0,0,-1,000,0,000
196,0,0,-2,000,0,000
197,0,0,-3,000,0,000
198,0,0,-4,000,0,000
84,0,164,-3,033,36,805
85,0,0,-1,000,0,000
86,0,0,-2,000,0,000
123,0,336,0,433,64,687
124,0,0,-1,000,0,000
125,0,0,-2,000,0,000
62,0,716,0,357,116,766
63,0,0,-1,000,0,000
131,1,365,4,891,48,308
205,0,624,-3,827,103,704
206,0,0,-1,000,0,000
207,0,0,-2,000,0,000
208,0,0,-3,000,0,000
38,0,316,-0,063,54,511
226,0,185,-4,537,40,004
227,0,0,-1,000,0,000
228,0,0,-2,000,0,000
229,0,0,-3,000,0,000
230,0,0,-4,000,0,000
50,0,378,-0,076,64,357
51,0,0,-1,000,0,000
42,0,462,0,408,75,744
54,0,328,-1,066,54,638
55,0,0,-1,000,0,000
126,0,151,-3,030,37,077
127,0,0,-1,000,0,000
128,0,0,-2,000,0,000
237,0,338,-5,068,57,325
238,0,0,-1,000,0,000
239,0,0,-2,000,0,000
240,0,0,-3,000,0,000
241,0,0,-4,000,0,000
44,0,858,1,190,119,828
43,0,146,-1,029,37,600
87,0,301,-2,060,56,993
88,0,0,-1,000,0,000
89,0,0,-2,000,0,000
90,0,0,-3,000,0,000
51,0,484,-0,597,76,919
52,0,0,-1,000,0,000
209,0,276,-3,555,47,649
210,0,0,-1,000,0,000
211,0,0,-2,000,0,000
212,0,0,-3,000,0,000
213,0,0,-4,000,0,000
214,0,0,-5,000,0,000
199,0,366,-4,573,54,903
200,0,0,-1,000,0,000
201,0,0,-2,000,0,000
202,0,0,-3,000,0,000
203,0,0,-4,000,0,000
129,0,187,-3,037,40,901
130,0,0,-1,000,0,000
131,0,0,-2,000,0,000
231,0,295,-4,059,55,793
232,0,0,-1,000,0,000
233,0,0,-2,000,0,000
234,0,0,-3,000,0,000
235,0,0,-4,000,0,000
52,0,296,-1,059,52,243
44,0,944,2,311,146,115
45,0,0,-1,000,0,000
64,0,402,-1,080,64,463
65,0,0,-1,000,0,000
132,0,399,0,920,69,375
133,0,0,-1,000,0,000
134,0,0,-2,000,0,000
53,0,152,-2,030,33,788
39,0,414,-0,083,67,032
132,0,154,-3,031,34,780
133,0,0,-1,000,0,000
134,0,0,-2,000,0,000
215,0,189,-6,038,36,901
216,0,0,-1,000,0,000
217,0,0,-2,000,0,000
218,0,0,-3,000,0,000
219,0,0,-4,000,0,000
91,0,220,-3,544,40,243
220,0,0,-5,000,0,000
92,0,0,-1,000,0,000
66,0,166,-1,533,38,408
67,0,0,-1,000,0,000
56,0,452,-0,590,73,239
57,0,0,-1,000,0,000
54,0,144,-1,029,35,538
236,1,256,0,923,40,463
204,1,301,0,910,43,080
135,0,150,-3,030,34,692
136,0,0,-1,000,0,000
137,0,0,-2,000,0,000
46,0,304,-1,061,54,344
53,0,337,-0,567,52,280
54,0,0,-1,000,0,000
44,0,478,-0,096,63,836
55,0,130,-1,026,34,400
66,0,985,1,582,130,718
40,0,313,-0,063,54,571
242,0,621,-3,124,104,910
243,0,0,-1,000,0,000
244,0,0,-2,000,0,000
245,0,0,-3,000,0,000
135,0,377,-2,575,58,944
136,0,0,-1,000,0,000
137,0,0,-2,000,0,000
237,0,194,-0,539,43,149
238,0,0,-1,000,0,000
239,0,0,-2,000,0,000
240,0,0,-3,000,0,000
241,0,0,-4,000,0,000
55,0,146,-2,029,32,114
58,0,311,-1,062,59,167
59,0,0,-1,000,0,000
45,0,190,-0,538,40,250
138,0,277,-2,055,56,709
139,0,0,-1,000,0,000
140,0,0,-2,000,0,000
41,0,157,-1,031,34,412
67,0,161,-1,032,38,013
205,0,315,-0,063,56,648
206,0,0,-1,000,0,000
207,0,0,-2,000,0,000
208,0,0,-3,000,0,000
209,0,0,-4,000,0,000
56,0,216,-0,543,43,968
57,0,0,-1,000,0,000
138,0,150,-3,030,31,100
139,0,0,-1,000,0,000
140,0,0,-2,000,0,000
47,0,315,-0,063,60,005
93,0,534,-0,107,85,499
94,0,0,-1,000,0,000
95,0,0,-2,000,0,000
96,0,0,-3,000,0,000
68,0,504,-1,101,76,926
69,0,0,-1,000,0,000
45,0,870,1,201,122,924
68,0,146,-1,029,35,245
221,1,589,0,802,87,061
242,1,305,1,409,46,934
56,0,301,-1,060,41,791
46,0,293,-0,559,49,500
210,0,280,-4,056,54,198
211,0,0,-1,000,0,000
212,0,0,-2,000,0,000
213,0,0,-3,000,0,000
214,0,0,-4,000,0,000
141,0,275,-2,555,53,983
142,0,0,-1,000,0,000
143,0,0,-2,000,0,000
141,1,309,2,907,48,676
60,0,345,-1,069,59,893
61,0,0,-1,000,0,000
48,0,273,-0,055,44,237
243,0,197,-0,539,41,122
244,0,0,-1,000,0,000
245,0,0,-2,000,0,000
246,0,0,-3,000,0,000
247,0,0,-4,000,0,000
246,0,518,-2,604,82,085
247,0,0,-1,000,0,000
248,0,0,-2,000,0,000
249,0,0,-3,000,0,000
222,0,230,-1,046,44,385
223,0,0,-1,000,0,000
224,0,0,-2,000,0,000
225,0,0,-3,000,0,000
226,0,0,-4,000,0,000
227,0,0,-5,000,0,000
58,0,394,-1,079,64,639
97,0,300,-3,060,53,380
98,0,0,-1,000,0,000
99,0,0,-2,000,0,000
100,0,0,-3,000,0,000
70,0,289,-2,058,43,387
71,0,0,-1,000,0,000
46,0,373,-0,575,57,927
142,0,232,-0,046,45,652
143,0,0,-1,000,0,000
144,0,0,-2,000,0,000
69,0,452,0,910,72,891
70,0,0,-1,000,0,000
49,0,258,-0,678,46,471
144,1,307,2,601,42,933
101,0,200,-4,040,39,058
102,0,0,-1,000,0,000
103,0,0,-2,000,0,000
215,0,325,-4,065,61,389
216,0,0,-1,000,0,000
217,0,0,-2,000,0,000
218,0,0,-3,000,0,000
219,0,0,-4,000,0,000
72,0,186,-2,037,38,235
73,0,0,-1,000,0,000
250,0,263,-3,053,52,923
251,0,0,-1,000,0,000
252,0,0,-2,000,0,000
253,0,0,-3,000,0,000
47,0,377,-0,200,56,321
62,0,338,-1,068,56,931
63,0,0,-1,000,0,000
248,0,342,-4,068,59,842
249,0,0,-1,000,0,000
250,0,0,-2,000,0,000
251,0,0,-3,000,0,000
252,0,0,-4,000,0,000
57,0,506,0,293,74,578
58,0,0,-1,000,0,000
145,0,197,-3,039,35,389
146,0,0,-1,000,0,000
147,0,0,-2,000,0,000
104,0,228,-2,546,40,542
64,0,184,-1,537,38,989
48,0,207,-0,541,40,712
47,0,341,-0,568,55,121
220,0,277,-4,555,54,310
221,0,0,-1,000,0,000
222,0,0,-2,000,0,000
223,0,0,-3,000,0,000
224,0,0,-4,000,0,000
148,0,165,-2,533,40,759
149,0,0,-1,000,0,000
150,0,0,-2,000,0,000
145,0,329,0,434,55,626
146,0,0,-1,000,0,000
147,0,0,-2,000,0,000
71,0,344,-1,069,56,243
228,1,577,0,726,86,479
50,0,376,-0,575,54,191
74,0,378,-1,076,60,945
75,0,0,-1,000,0,000
253,1,299,0,910,49,848
59,0,704,1,359,109,365
225,1,236,0,929,40,406
42,0,1133,3,172,162,432
43,0,0,-1,000,0,000
151,1,276,2,814,43,794
148,1,240,2,928,39,948
76,0,179,-1,536,43,047
77,0,0,-1,000,0,000
59,0,465,-1,221,77,013
60,0,0,-1,000,0,000
254,1,592,3,322,95,835
60,0,158,-1,032,39,667
61,0,0,-1,000,0,000
226,0,163,-0,533,38,217
227,0,0,-1,000,0,000
228,0,0,-2,000,0,000
229,0,0,-3,000,0,000
230,0,0,-4,000,0,000
254,0,279,0,444,54,931
255,0,0,-1,000,0,000
256,0,0,-2,000,0,000
257,0,0,-3,000,0,000
258,0,0,-4,000,0,000
72,0,358,-0,172,60,040
49,0,455,-0,195,71,918
78,0,134,-2,027,36,364
79,0,0,-1,000,0,000
62,0,161,-1,532,40,520
63,0,0,-1,000,0,000
149,1,268,4,920,41,998
152,0,338,-0,568,56,969
153,0,0,-1,000,0,000
154,0,0,-2,000,0,000
65,0,704,0,859,99,596
51,0,576,1,161,102,599
259,0,267,-4,053,57,204
260,0,0,-1,000,0,000
261,0,0,-2,000,0,000
262,0,0,-3,000,0,000
263,0,0,-4,000,0,000
231,0,289,-4,058,53,819
232,0,0,-1,000,0,000
233,0,0,-2,000,0,000
234,0,0,-3,000,0,000
235,0,0,-4,000,0,000
229,1,619,6,314,98,420
105,1,793,7,660,134,203
155,0,163,-2,533,39,669
156,0,0,-1,000,0,000
157,0,0,-2,000,0,000
52,0,157,-0,531,40,780
255,1,477,6,154,82,642
150,1,290,4,913,46,189
61,0,543,-0,717,89,002
62,0,0,-1,000,0,000
50,0,447,-0,332,67,124
106,0,158,-1,141,37,501
230,0,284,0,443,54,640
231,0,0,-1,000,0,000
232,0,0,-2,000,0,000
233,0,0,-3,000,0,000
234,0,0,-4,000,0,000
264,1,312,0,906,49,689
151,1,318,4,905,44,596
236,0,473,-3,595,77,419
237,0,0,-1,000,0,000
238,0,0,-2,000,0,000
239,0,0,-3,000,0,000
240,0,0,-4,000,0,000
48,0,1207,2,759,171,263
66,0,532,0,894,87,531
67,0,0,-1,000,0,000
64,0,676,0,865,130,519
158,0,458,-2,092,77,794
159,0,0,-1,000,0,000
160,0,0,-2,000,0,000
265,1,303,4,909,47,956
65,0,166,-0,533,40,590
66,0,0,-1,000,0,000
49,0,205,-0,041,42,400
68,0,224,-1,545,42,358
69,0,0,-1,000,0,000
44,1,1178,7,023,153,153
256,1,598,5,821,93,718
53,0,657,1,663,111,030
73,1,1068,7,571,149,117
152,1,323,4,903,48,195
241,1,361,0,779,48,776
235,1,560,2,332,88,297
266,0,281,-0,056,53,148
267,0,0,-1,000,0,000
268,0,0,-2,000,0,000
269,0,0,-3,000,0,000
270,0,0,-4,000,0,000
161,0,357,-2,071,58,105
162,0,0,-1,000,0,000
163,0,0,-2,000,0,000
51,0,788,1,734,132,278
54,0,183,-0,037,41,976
242,0,167,-1,033,33,571
243,0,0,-1,000,0,000
244,0,0,-2,000,0,000
245,0,0,-3,000,0,000
246,0,0,-4,000,0,000
236,0,171,-0,534,41,662
237,0,0,-1,000,0,000
238,0,0,-2,000,0,000
239,0,0,-3,000,0,000
153,1,251,4,925,43,374
70,0,385,-0,577,70,391
271,0,247,-4,049,54,437
272,0,0,-1,000,0,000
273,0,0,-2,000,0,000
274,0,0,-3,000,0,000
275,0,0,-4,000,0,000
63,1,988,5,048,135,172
52,0,177,-1,035,32,859
45,0,421,0,416,73,673
164,1,267,2,920,43,560
240,0,157,-4,031,35,468
241,0,0,-1,000,0,000
242,0,0,-2,000,0,000
243,0,0,-3,000,0,000
154,0,143,-0,529,38,917
155,0,0,-1,000,0,000
156,0,0,-2,000,0,000
80,0,1464,3,207,212,506
276,0,160,-4,532,40,462
277,0,0,-1,000,0,000
278,0,0,-2,000,0,000
279,0,0,-3,000,0,000
280,0,0,-4,000,0,000
71,0,190,-0,538,40,199
72,0,0,-1,000,0,000
247,1,316,0,905,48,182
257,0,665,0,765,88,352
258,0,0,-1,000,0,000
259,0,0,-2,000,0,000
260,0,0,-3,000,0,000
53,0,298,-0,060,53,916
248,0,145,-1,029,39,067
249,0,0,-1,000,0,000
250,0,0,-2,000,0,000
251,0,0,-3,000,0,000
252,0,0,-4,000,0,000
46,0,308,-0,062,55,177
73,0,167,-2,033,33,838
165,1,308,4,908,44,017
81,0,304,-0,561,52,908
82,0,0,-1,000,0,000
157,1,328,2,902,45,450
244,0,335,-3,284,55,988
245,0,0,-1,000,0,000
246,0,0,-2,000,0,000
247,0,0,-3,000,0,000
74,0,748,1,750,107,474
67,1,855,6,642,144,459
281,1,347,0,896,48,645
47,0,176,-0,535,39,975
64,0,497,0,299,89,327
166,1,246,4,926,40,985
107,0,1528,2,477,210,748
108,0,0,-1,000,0,000
109,0,0,-2,000,0,000
110,0,0,-3,000,0,000
253,1,293,0,912,45,759
74,0,315,0,437,63,199
75,0,0,-1,000,0,000
54,0,338,0,331,56,768
50,0,1112,2,778,158,074
83,0,353,-2,071,45,120
158,1,342,4,897,49,636
55,1,910,7,727,141,892
282,0,281,-0,160,53,451
283,0,0,-1,000,0,000
284,0,0,-2,000,0,000
285,0,0,-3,000,0,000
286,0,0,-4,000,0,000
261,0,549,-2,739,91,721
262,0,0,-1,000,0,000
263,0,0,-2,000,0,000
264,0,0,-3,000,0,000
265,0,0,-4,000,0,000
266,0,0,-5,000,0,000
167,0,261,-0,052,54,324
168,0,0,-1,000,0,000
169,0,0,-2,000,0,000
65,0,366,0,427,73,378
66,0,0,-1,000,0,000
248,1,536,3,239,90,260
159,1,244,4,927,41,003
254,0,467,0,407,68,737
255,0,0,-1,000,0,000
256,0,0,-2,000,0,000
257,0,0,-3,000,0,000
258,0,0,-4,000,0,000
111,0,486,-2,807,87,241
112,0,0,-1,000,0,000
287,1,331,0,901,49,035
67,0,261,-1,052,54,011
68,0,0,-1,000,0,000
170,1,308,2,808,43,037
160,1,246,4,926,43,229
76,0,584,0,383,104,467
77,0,0,-1,000,0,000
259,1,232,0,930,38,633
51,0,682,0,820,108,391
161,0,147,-0,529,37,636
162,0,0,-1,000,0,000
163,0,0,-2,000,0,000
48,1,872,7,738,142,980
288,1,292,4,794,43,401
75,1,997,7,701,148,690
171,0,294,0,441,55,211
172,0,0,-1,000,0,000
173,0,0,-2,000,0,000
68,1,1056,7,578,156,462
55,0,842,1,695,144,077
249,0,582,0,777,113,443
250,0,0,-1,000,0,000
251,0,0,-2,000,0,000
252,0,0,-3,000,0,000
56,0,763,1,347,130,233
78,0,391,-0,078,70,612
164,1,268,2,920,45,223
289,1,226,5,432,40,647
174,1,245,2,926,42,241
260,0,398,0,420,70,769
261,0,0,-1,000,0,000
262,0,0,-2,000,0,000
263,0,0,-3,000,0,000
264,0,0,-4,000,0,000
113,0,629,0,265,107,986
114,0,0,-1,000,0,000
290,1,240,4,928,41,444
267,1,1097,2,455,148,528
175,1,238,4,929,41,561
165,0,343,-0,180,68,131
166,0,0,-1,000,0,000
167,0,0,-2,000,0,000
265,1,287,0,914,42,732
52,0,685,1,363,95,280
253,1,563,2,720,88,806
69,0,991,2,302,166,913
291,0,273,-0,055,53,084
292,0,0,-1,000,0,000
293,0,0,-2,000,0,000
294,0,0,-3,000,0,000
295,0,0,-4,000,0,000
115,0,456,-1,209,80,549
116,0,0,-1,000,0,000
117,0,0,-2,000,0,000
118,0,0,-3,000,0,000
176,1,279,4,684,42,457
168,1,274,2,817,42,271
76,0,845,1,573,123,246
49,0,925,2,315,146,282
50,0,0,-1,000,0,000
266,0,313,-0,563,61,672
267,0,0,-1,000,0,000
268,0,0,-2,000,0,000
269,0,0,-3,000,0,000
270,0,0,-4,000,0,000
53,0,341,0,432,66,280
57,1,880,7,129,136,486
69,1,946,8,508,151,890
56,0,953,2,599,159,827
268,0,561,0,783,99,785
269,0,0,-1,000,0,000
270,0,0,-2,000,0,000
271,0,0,-3,000,0,000
272,0,0,-4,000,0,000
273,0,0,-5,000,0,000
254,0,431,1,414,83,778
255,0,0,-1,000,0,000
256,0,0,-2,000,0,000
257,0,0,-3,000,0,000
296,0,396,-4,079,68,973
297,0,0,-1,000,0,000
298,0,0,-2,000,0,000
299,0,0,-3,000,0,000
300,0,0,-4,000,0,000
177,1,347,4,770,50,276
169,1,322,4,800,48,038
271,0,258,-4,552,48,673
272,0,0,-1,000,0,000
273,0,0,-2,000,0,000
274,0,0,-3,000,0,000
275,0,0,-4,000,0,000
119,0,425,-3,896,68,813
120,0,0,-1,000,0,000
121,0,0,-2,000,0,000
122,0,0,-3,000,0,000
77,0,367,0,427,63,496
78,0,0,-1,000,0,000
51,0,472,0,406,85,329
178,1,260,5,422,45,402
276,1,293,0,912,43,100
274,0,416,-4,583,76,476
275,0,0,-1,000,0,000
276,0,0,-2,000,0,000
277,0,0,-3,000,0,000
278,0,0,-4,000,0,000
279,0,0,-5,000,0,000
170,0,385,-0,077,66,138
171,0,0,-1,000,0,000
172,0,0,-2,000,0,000
179,1,270,4,919,46,750
57,0,700,2,249,117,895
123,0,545,-2,313,98,655
124,0,0,-1,000,0,000
258,0,658,-1,738,106,410
259,0,0,-1,000,0,000
260,0,0,-2,000,0,000
261,0,0,-3,000,0,000
277,0,292,-0,558,53,909
278,0,0,-1,000,0,000
279,0,0,-2,000,0,000
280,0,0,-3,000,0,000
281,0,0,-4,000,0,000
84,0,2496,9,376,376,487
85,0,0,-1,000,0,000
173,1,328,2,902,50,580
79,0,670,0,761,111,155
80,0,0,-1,000,0,000
180,1,224,4,933,38,035
70,1,908,7,228,145,227
301,1,872,2,238,109,175
282,1,290,0,704,46,455
174,1,256,4,923,41,970
181,1,257,4,923,43,280
58,0,1213,3,257,184,141
52,0,841,1,332,113,767
280,0,741,-3,795,111,639
281,0,0,-1,000,0,000
282,0,0,-2,000,0,000
283,0,0,-3,000,0,000
284,0,0,-4,000,0,000
285,0,0,-5,000,0,000
302,1,247,4,926,43,107
283,1,230,4,931,40,267
79,1,2119,11,647,304,223
262,1,593,3,322,97,090
54,1,1417,8,975,194,258
175,0,307,-0,561,48,772
176,0,0,-1,000,0,000
177,0,0,-2,000,0,000
182,1,268,4,920,43,696
70,1,1749,11,765,267,253
303,1,239,4,928,41,807
284,1,282,4,808,42,817
71,0,706,1,359,121,942
72,0,0,-1,000,0,000
86,1,817,6,755,131,860
125,1,904,5,905,142,868
178,1,269,2,919,45,884
58,1,972,7,605,157,281
183,1,283,4,915,47,296
304,1,238,4,929,42,554
285,1,293,4,912,46,822
179,0,156,-0,531,39,072
180,0,0,-1,000,0,000
181,0,0,-2,000,0,000
286,1,643,1,274,95,012
81,1,1002,6,386,153,145
263,1,558,6,009,88,623
184,1,264,5,421,44,871
305,1,265,4,719,41,436
80,0,684,1,257,112,445
81,0,0,-1,000,0,000
286,1,318,4,905,47,716
82,0,289,0,442,55,022
83,0,0,-1,000,0,000
53,1,975,8,208,146,648
185,1,222,4,833,39,873
182,1,362,3,391,55,225
73,0,602,-1,120,96,014
306,1,258,4,923,40,752
59,0,648,0,855,107,820
71,0,900,3,320,153,489
183,0,153,-0,531,40,036
184,0,0,-1,000,0,000
185,0,0,-2,000,0,000
287,1,252,4,924,41,736
264,1,559,6,332,90,820
186,1,275,5,417,45,887
307,1,249,4,925,41,758
87,1,905,7,011,142,102
126,0,916,2,708,160,367
127,0,0,-1,000,0,000
55,0,1190,3,946,187,720
308,0,150,-0,530,39,688
309,0,0,-1,000,0,000
310,0,0,-2,000,0,000
311,0,0,-3,000,0,000
312,0,0,-4,000,0,000
265,0,203,-1,041,32,970
266,0,0,-1,000,0,000
267,0,0,-2,000,0,000
268,0,0,-3,000,0,000
269,0,0,-4,000,0,000
187,1,269,4,919,41,164
288,1,334,4,900,55,568
82,0,792,0,534,138,621
83,0,0,-1,000,0,000
287,1,1018,8,089,148,787
313,1,277,0,917,44,432
54,0,779,2,241,139,626
188,1,232,4,930,41,336
289,1,256,4,923,40,628
84,0,869,1,221,147,011
85,0,0,-1,000,0,000
314,0,153,-0,531,40,736
315,0,0,-1,000,0,000
316,0,0,-2,000,0,000
317,0,0,-3,000,0,000
318,0,0,-4,000,0,000
59,0,1883,4,418,281,383
55,0,171,-0,034,41,973
186,0,807,-1,117,106,484
187,0,0,-1,000,0,000
188,0,0,-2,000,0,000
60,1,850,7,745,134,649
74,1,1014,6,882,151,565
189,1,263,4,921,42,206
270,1,588,1,604,89,107
72,1,912,7,726,145,468
290,1,279,4,916,46,831
319,1,254,0,924,44,995
128,0,893,0,512,145,201
129,0,0,-1,000,0,000
88,1,961,7,603,146,419
291,0,309,-0,562,53,733
292,0,0,-1,000,0,000
293,0,0,-2,000,0,000
294,0,0,-3,000,0,000
295,0,0,-4,000,0,000
130,0,160,-1,032,42,213
131,0,0,-1,000,0,000
56,1,1060,8,579,162,641
320,1,328,4,778,46,377
84,1,894,5,310,134,660
189,1,595,3,721,78,813
89,0,303,-0,061,54,686
90,0,0,-1,000,0,000
190,1,565,4,831,74,343
296,1,217,0,935,38,844
73,0,538,1,151,97,330
271,1,662,5,500,91,622
321,1,259,5,422,46,243
190,0,155,-0,031,40,848
191,0,0,-1,000,0,000
192,0,0,-2,000,0,000
297,1,210,4,937,39,349
288,0,1215,2,652,188,383
289,0,0,-1,000,0,000
290,0,0,-2,000,0,000
291,0,0,-3,000,0,000
86,0,1063,1,682,172,922
87,0,0,-1,000,0,000
61,0,909,3,215,152,377
193,1,218,2,935,40,191
132,0,580,0,076,98,520
133,0,0,-1,000,0,000
56,0,1074,2,567,163,354
322,1,289,4,913,46,914
298,1,306,4,908,44,687
88,0,266,-1,053,53,639
89,0,0,-1,000,0,000
194,1,238,4,929,42,355
272,1,574,5,704,93,532
323,1,297,4,911,49,339
191,1,702,6,289,90,700
57,1,892,7,732,142,473
299,1,212,4,936,38,798
85,1,866,6,716,131,288
62,0,504,1,399,96,528
74,1,827,7,647,137,330
292,1,589,2,823,93,557
195,1,318,5,405,54,723
91,1,930,6,221,144,886
324,1,267,4,818,42,393
300,1,266,4,820,45,065
192,1,334,5,400,50,431
63,0,285,-0,557,50,600
196,1,282,4,915,45,429
58,0,460,0,908,85,382
273,1,513,5,733,86,103
301,1,246,4,926,41,358
325,1,298,4,911,47,342
193,1,271,4,819,43,836
57,1,917,7,725,139,455
90,1,843,6,643,136,641
293,1,562,6,331,95,053
274,0,276,-0,680,49,703
275,0,0,-1,000,0,000
276,0,0,-2,000,0,000
277,0,0,-3,000,0,000
278,0,0,-4,000,0,000
279,0,0,-5,000,0,000
197,1,289,5,913,46,985
302,1,227,4,932,40,426
326,1,250,4,611,39,531
75,0,684,1,260,106,053
76,0,0,-1,000,0,000
60,1,2276,11,712,333,040
86,1,817,7,255,135,720
194,0,296,-0,059,53,434
195,0,0,-1,000,0,000
196,0,0,-2,000,0,000
134,1,1237,7,406,178,962
77,0,160,-1,532,40,929
78,0,0,-1,000,0,000
198,1,250,4,925,41,231
303,1,287,4,914,47,877
327,1,250,4,817,40,272
92,1,846,8,246,132,289
197,0,178,-2,036,43,167
198,0,0,-1,000,0,000
199,0,0,-2,000,0,000
199,1,210,4,937,38,014
75,1,2514,14,328,401,511
304,1,240,4,928,41,103
294,1,561,6,332,90,879
328,1,242,5,318,40,149
64,0,952,2,810,157,102
200,1,221,4,832,39,173
93,0,422,1,416,84,754
94,0,0,-1,000,0,000
58,1,898,8,231,141,652
329,1,288,4,814,45,960
305,1,301,4,794,42,675
201,1,244,4,927,42,031
200,0,637,-1,627,81,754
201,0,0,-1,000,0,000
202,0,0,-2,000,0,000
61,0,886,3,323,154,675
62,0,0,-1,000,0,000
87,1,896,8,231,146,291
79,1,803,6,759,135,598
135,1,874,8,015,141,150
295,1,510,6,347,85,460
330,1,249,4,925,41,646
306,0,282,-0,056,52,685
307,0,0,-1,000,0,000
308,0,0,-2,000,0,000
309,0,0,-3,000,0,000
310,0,0,-4,000,0,000
63,0,170,-1,034,42,337
202,1,231,4,931,41,363
203,1,218,2,935,39,130
311,0,139,-4,028,39,682
312,0,0,-1,000,0,000
313,0,0,-2,000,0,000
314,0,0,-3,000,0,000
315,0,0,-4,000,0,000
331,1,259,4,922,43,277
65,1,822,7,650,132,821
280,1,1407,5,373,225,389
204,1,256,5,423,42,771
203,1,269,4,919,44,574
316,1,261,0,922,45,001
332,1,218,4,935,38,959
59,0,1855,4,419,273,854
59,1,836,7,645,137,406
296,1,598,6,321,98,601
317,0,139,-0,528,38,253
318,0,0,-1,000,0,000
319,0,0,-2,000,0,000
320,0,0,-3,000,0,000
321,0,0,-4,000,0,000
205,1,228,4,932,41,216
76,1,1245,8,392,184,345
204,0,338,0,932,66,042
205,0,0,-1,000,0,000
206,0,0,-2,000,0,000
333,1,221,5,434,39,643
136,1,823,7,652,138,052
77,0,149,-0,530,40,074
78,0,0,-1,000,0,000
206,1,221,4,934,39,235
322,1,249,0,825,41,268
281,1,584,5,825,93,773
207,1,296,2,911,47,544
64,0,971,3,051,165,119
334,1,343,4,897,55,310
207,1,266,4,920,45,973
323,1,265,4,921,42,606
297,1,554,6,233,95,696
208,1,210,4,937,37,288
335,0,278,-0,056,53,487
336,0,0,-1,000,0,000
337,0,0,-2,000,0,000
338,0,0,-3,000,0,000
339,0,0,-4,000,0,000
208,1,256,4,923,43,734
60,1,863,7,015,131,052
324,0,315,-0,063,52,848
325,0,0,-1,000,0,000
326,0,0,-2,000,0,000
327,0,0,-3,000,0,000
328,0,0,-4,000,0,000
95,1,1798,10,746,258,725
60,1,945,7,008,140,667
282,1,543,6,227,87,833
65,0,437,1,413,82,845
209,1,312,4,906,48,720
79,0,725,1,254,137,597
80,0,0,-1,000,0,000
340,1,226,1,432,39,510
91,0,2720,9,456,420,627
92,0,0,-1,000,0,000
209,1,262,4,921,43,603
137,1,834,6,935,136,743
329,1,285,0,712,42,313
298,1,577,6,211,90,534
210,1,222,4,933,41,284
341,1,308,4,908,47,538
210,1,308,5,205,46,331
283,1,527,6,342,91,374
330,1,299,4,910,48,107
80,1,2069,11,672,286,467
211,1,306,4,908,47,530
342,1,248,4,926,40,450
331,1,229,4,931,39,214
299,1,527,6,342,89,379
96,1,806,7,156,135,166
61,1,807,6,654,137,799
66,1,1934,9,920,269,167
343,1,222,4,933,39,046
88,1,2408,13,778,393,601
212,1,301,4,789,44,211
66,1,895,7,731,137,295
138,1,767,7,770,134,211
81,0,889,1,078,150,087
82,0,0,-1,000,0,000
93,0,867,1,213,149,893
211,0,572,-0,114,79,784
212,0,0,-1,000,0,000
213,0,0,-2,000,0,000
332,1,284,4,915,45,401
344,1,237,4,929,42,037
284,1,577,6,327,93,323
213,1,262,4,921,45,096
214,1,232,2,930,38,488
333,1,290,5,279,43,441
345,1,255,4,924,45,668
300,1,616,6,215,101,943
214,1,248,4,926,41,577
61,0,1521,4,696,194,301
62,0,0,-1,000,0,000
81,0,898,2,820,167,128
82,0,0,-1,000,0,000
215,1,219,4,934,38,252
346,0,158,-0,032,40,602
347,0,0,-1,000,0,000
348,0,0,-2,000,0,000
349,0,0,-3,000,0,000
350,0,0,-4,000,0,000
62,1,744,6,777,128,434
334,1,207,4,938,37,754
215,1,231,4,931,41,922
89,1,806,8,258,134,921
285,1,584,5,724,95,039
216,1,235,4,930,41,149
97,0,910,2,592,156,746
98,0,0,-1,000,0,000
67,0,813,1,337,136,184
139,1,822,7,031,131,981
94,1,754,7,274,127,724
351,1,246,0,926,43,795
335,1,278,4,917,41,448
83,1,870,6,538,144,471
216,1,220,4,934,36,848
140,0,158,-0,032,42,317
141,0,0,-1,000,0,000
142,0,0,-2,000,0,000
143,0,0,-3,000,0,000
217,1,236,4,929,42,629
301,1,562,6,215,89,595
352,1,241,4,928,44,270
67,1,1212,9,533,186,332
217,1,234,5,430,40,932
336,1,295,4,694,43,578
218,1,232,4,930,41,373
353,1,192,4,841,36,930
83,0,818,1,836,154,274
84,0,0,-1,000,0,000
218,1,212,4,936,39,130
337,1,291,4,796,42,613
63,1,884,7,135,136,317
354,1,248,4,926,42,217
219,1,283,4,915,41,783
302,1,530,5,640,92,031
95,1,755,6,564,131,821
99,1,804,6,651,132,645
219,1,232,4,930,40,992
68,1,834,7,146,138,104
355,1,219,4,934,38,514
338,1,276,4,917,47,141
63,0,1295,3,036,190,324
64,0,0,-1,000,0,000
220,1,277,4,917,43,066
68,1,740,7,778,127,452
144,1,871,4,637,147,362
90,0,1136,2,773,187,500
286,0,1165,3,436,191,404
287,0,0,-1,000,0,000
288,0,0,-2,000,0,000
289,0,0,-3,000,0,000
290,0,0,-4,000,0,000
291,0,0,-5,000,0,000
65,0,174,-1,035,41,398
85,0,684,0,863,127,967
86,0,0,-1,000,0,000
339,0,276,0,445,54,559
340,0,0,-1,000,0,000
341,0,0,-2,000,0,000
342,0,0,-3,000,0,000
343,0,0,-4,000,0,000
221,1,242,5,427,43,627
356,1,330,4,901,45,994
66,0,184,-0,037,43,130
303,1,606,6,099,93,300
344,1,219,1,434,38,954
357,1,217,4,935,38,026
222,1,263,5,421,45,710
220,0,728,0,245,83,088
221,0,0,-1,000,0,000
222,0,0,-2,000,0,000
100,1,752,7,274,126,442
64,1,904,7,523,144,105
69,1,819,7,754,126,556
87,0,430,-0,586,85,923
88,0,0,-1,000,0,000
292,1,577,1,226,95,784
358,1,223,4,933,42,041
96,1,949,7,109,140,565
223,1,280,4,804,44,439
145,1,805,6,758,131,950
69,1,833,7,250,135,808
304,1,528,5,842,85,572
91,1,840,7,145,141,114
359,1,230,4,931,43,047
224,1,236,4,827,40,819
345,1,567,5,330,80,105
223,1,644,3,807,84,616
360,1,231,4,931,41,171
293,1,505,6,348,87,489
346,1,217,4,935,38,558
225,1,276,4,799,44,077
305,1,480,6,356,77,532
89,1,736,6,279,126,370
224,1,246,4,826,42,078
361,1,265,4,921,45,124
226,1,198,4,941,37,778
347,1,268,5,420,44,071
101,0,1002,3,800,158,754
102,0,0,-1,000,0,000
84,0,2443,5,301,381,130
97,1,870,7,739,140,937
362,1,247,4,926,44,421
70,0,1046,2,791,157,967
225,1,306,5,408,48,810
227,1,257,4,923,44,881
146,1,905,7,194,144,106
348,1,260,4,922,47,175
70,1,905,7,628,135,340
92,1,905,7,728,143,461
71,0,167,-0,033,41,507
306,1,541,6,338,90,387
226,1,235,5,429,41,733
228,1,206,4,938,36,839
363,1,299,4,800,42,226
294,1,776,7,767,126,861
349,1,256,4,923,42,258
72,0,160,-0,532,40,450
65,0,1427,6,215,245,846
103,0,621,0,876,108,401
73,0,166,-0,033,41,055
364,1,239,4,928,42,368
227,1,324,4,678,47,066
350,1,275,4,918,44,901
229,0,381,-0,953,63,512
230,0,0,-1,000,0,000
231,0,0,-2,000,0,000
85,1,835,6,624,131,365
307,1,536,5,839,90,101
98,1,861,7,242,137,605
295,1,484,6,355,85,569
365,1,300,4,788,42,511
228,1,254,5,424,41,305
351,1,251,4,925,41,780
147,1,797,8,261,140,508
71,1,839,7,248,135,645
93,1,838,7,749,137,441
232,1,367,2,732,46,380
229,1,241,4,928,39,178
352,1,244,4,927,42,586
366,0,353,0,429,68,026
367,0,0,-1,000,0,000
368,0,0,-2,000,0,000
369,0,0,-3,000,0,000
370,0,0,-4,000,0,000
308,1,514,6,346,84,253
66,1,940,8,218,150,959
104,1,835,7,524,128,085
233,1,304,4,909,48,488
67,0,2663,10,467,386,428
68,0,0,-1,000,0,000
353,1,225,4,933,38,230
230,1,285,4,807,47,172
371,1,240,0,928,44,234
69,0,166,-1,033,41,708
99,1,789,7,763,139,326
354,1,226,4,932,40,518
234,1,253,4,924,44,768
86,1,921,7,094,144,135
372,1,207,4,938,38,188
231,1,264,4,921,45,003
70,0,166,-0,033,42,517
148,1,803,6,637,131,039
72,1,758,7,273,130,415
355,1,196,4,941,36,752
309,1,537,5,839,86,424
94,1,819,7,754,140,494
296,0,1037,1,793,167,297
297,0,0,-1,000,0,000
298,0,0,-2,000,0,000
299,0,0,-3,000,0,000
235,1,252,4,924,42,438
232,1,243,4,927,42,528
356,1,268,4,803,42,028
100,0,511,0,898,82,265
105,1,781,7,266,132,642
233,1,210,4,937,40,317
67,1,833,7,140,128,659
236,1,300,4,805,49,521
373,0,516,0,397,77,017
374,0,0,-1,000,0,000
375,0,0,-2,000,0,000
376,0,0,-3,000,0,000
377,0,0,-4,000,0,000
357,1,240,4,928,41,857
310,1,484,5,855,84,967
73,0,648,0,870,87,222
234,1,266,4,920,46,070
95,0,555,0,889,99,386
96,0,0,-1,000,0,000
237,1,290,4,913,51,191
149,1,815,7,755,138,687
90,1,2795,14,846,400,320
358,1,263,4,921,42,906
74,0,2130,6,472,310,172
238,1,229,5,431,40,597
235,1,291,4,810,45,519
359,1,249,4,925,43,449
300,0,958,-1,192,163,670
301,0,0,-1,000,0,000
302,0,0,-2,000,0,000
303,0,0,-3,000,0,000
304,0,0,-4,000,0,000
305,0,0,-5,000,0,000
311,1,539,6,338,87,209
101,1,799,7,760,134,648
106,1,812,7,154,132,187
91,0,399,0,320,71,848
236,1,271,4,919,44,818
239,1,276,4,917,43,998
378,0,794,-3,159,125,045
379,0,0,-1,000,0,000
380,0,0,-2,000,0,000
381,0,0,-3,000,0,000
382,0,0,-4,000,0,000
360,1,210,4,937,37,270
97,1,765,6,270,135,718
237,1,246,4,926,43,562
240,1,296,4,811,41,075
150,1,770,7,665,132,884
361,1,287,5,414,46,176
74,1,964,8,090,144,373
312,1,491,6,353,87,946
238,1,257,4,923,41,330
383,1,502,1,849,82,660
241,1,234,4,930,41,176
362,1,249,4,925,41,277
75,0,938,2,812,153,628
68,1,1503,10,049,229,580
239,1,235,4,930,39,277
102,1,836,7,635,130,368
92,1,825,7,752,134,565
76,0,175,-0,535,41,239
306,0,981,-3,196,165,299
307,0,0,-1,000,0,000
308,0,0,-2,000,0,000
309,0,0,-3,000,0,000
310,0,0,-4,000,0,000
311,0,0,-5,000,0,000
107,0,878,1,824,151,430
108,0,0,-1,000,0,000
242,0,340,0,432,70,465
243,0,0,-1,000,0,000
244,0,0,-2,000,0,000
384,1,348,4,687,48,593
151,0,570,1,274,103,448
152,0,0,-1,000,0,000
153,0,0,-2,000,0,000
154,0,0,-3,000,0,000
87,0,2255,10,549,384,165
363,1,353,4,557,44,427
313,1,577,6,327,96,196
98,1,801,7,157,130,456
77,0,198,-0,040,43,321
240,1,326,4,689,46,174
385,1,231,4,822,40,366
245,1,264,2,921,47,382
75,1,786,6,764,131,355
364,1,225,4,933,39,059
241,1,249,5,309,41,605
76,0,159,-0,032,41,322
386,1,238,5,429,41,022
246,1,224,4,827,39,585
312,1,555,0,834,90,648
365,1,275,5,311,45,659
69,1,778,7,565,128,479
242,1,263,4,921,42,526
314,0,681,0,364,97,666
315,0,0,-1,000,0,000
316,0,0,-2,000,0,000
317,0,0,-3,000,0,000
318,0,0,-4,000,0,000
247,1,303,4,804,49,885
103,1,897,7,493,135,926
366,1,256,4,923,44,678
77,0,397,0,421,72,675
93,0,924,2,897,155,548
94,0,0,-1,000,0,000
109,0,967,1,807,161,600
110,0,0,-1,000,0,000
155,0,930,-0,414,156,428
156,0,0,-1,000,0,000
157,0,0,-2,000,0,000
243,1,262,4,921,45,669
78,1,813,7,151,127,496
99,1,833,6,925,131,737
248,1,240,5,428,40,978
313,1,513,6,246,93,820
367,1,244,4,927,42,792
387,1,644,6,807,105,050
244,1,240,4,820,41,202
249,1,254,4,924,45,986
368,1,217,4,935,37,502
319,1,514,1,640,86,917
388,1,230,4,931,43,985
369,0,160,-0,032,41,539
370,0,0,-1,000,0,000
371,0,0,-2,000,0,000
372,0,0,-3,000,0,000
373,0,0,-4,000,0,000
70,1,867,7,740,141,526
250,1,263,4,921,45,034
245,1,347,4,761,49,637
389,1,235,4,930,41,431
314,1,554,6,612,89,925
374,1,196,0,941,37,244
158,1,794,5,652,138,280
79,1,800,7,653,126,404
315,0,177,-0,035,45,032
316,0,0,-1,000,0,000
317,0,0,-2,000,0,000
318,0,0,-3,000,0,000
319,0,0,-4,000,0,000
320,0,0,-5,000,0,000
246,1,242,4,927,42,486
251,1,257,4,815,42,269
78,0,971,1,086,119,513
390,1,238,4,929,41,733
104,0,1106,4,170,181,035
111,0,1014,1,797,161,338
112,0,0,-1,000,0,000
320,1,670,5,799,105,368
375,1,319,4,904,46,972
247,1,256,4,923,44,257
391,1,264,4,921,43,081
376,1,213,4,936,36,761
95,0,1353,4,629,233,624
96,0,0,-1,000,0,000
100,1,1242,7,027,192,999
321,1,512,1,346,92,154
392,1,231,4,931,40,858
71,1,842,7,341,136,087
248,0,331,0,934,67,923
249,0,0,-1,000,0,000
250,0,0,-2,000,0,000
377,1,213,4,936,40,242
252,1,632,5,810,98,066
321,1,476,6,357,83,183
159,1,785,7,764,136,881
393,1,263,4,921,45,056
378,1,268,5,102,41,683
251,1,290,2,913,49,558
253,1,247,4,926,43,418
79,1,922,7,113,143,130
322,1,521,6,244,87,803
394,1,227,4,932,40,527
101,0,620,0,876,85,243
379,1,233,4,930,43,281
254,1,231,4,931,41,561
252,1,273,4,918,45,054
322,1,520,5,844,85,836
97,1,776,6,666,132,906
105,0,1157,3,769,190,203
380,1,305,4,805,52,542
113,0,1241,1,640,214,015
114,0,0,-1,000,0,000
253,1,278,4,817,42,028
72,1,903,6,815,136,012
160,1,763,7,167,131,773
381,1,253,5,424,44,213
254,1,243,4,927,44,403
80,0,1706,1,434,209,684
323,1,541,6,338,91,323
71,0,5638,21,769,765,212
98,0,539,1,776,106,061
395,1,733,6,280,94,609
102,1,813,7,756,141,587
255,1,748,5,776,113,559
382,1,216,4,935,39,189
72,0,165,-0,033,41,762
255,1,214,5,436,39,413
396,1,232,4,825,41,062
106,1,807,7,449,132,135
383,1,241,4,928,42,587
256,1,249,4,925,41,697
256,1,267,4,818,43,480
397,1,222,4,933,40,878
73,1,795,7,261,135,639
324,1,538,6,231,90,019
161,1,764,7,771,131,438
257,1,220,4,934,42,088
384,1,250,4,925,43,663
257,1,280,4,816,45,277
99,1,711,7,787,123,870
398,1,257,4,923,45,528
81,1,795,7,161,133,130
385,1,198,4,941,38,468
258,1,285,5,308,47,404
103,1,795,7,061,136,294
258,1,256,4,923,45,724
325,1,493,6,250,85,501
323,1,1748,9,729,256,336
107,1,737,7,779,129,733
386,1,280,5,416,47,235
259,1,234,4,930,42,603
259,1,260,4,922,45,344
162,1,781,6,766,136,059
387,1,229,4,931,41,492
260,1,245,4,927,41,677
73,1,1268,8,609,193,901
82,1,777,7,767,133,361
80,1,2314,14,605,369,184
324,1,507,6,848,91,958
260,1,351,4,759,50,319
115,1,1894,10,327,292,474
261,1,210,5,437,38,102
326,1,615,6,014,90,526
388,1,287,4,795,44,055
104,1,833,7,309,140,413
261,1,229,4,931,38,074
108,1,749,7,275,128,087
262,1,284,4,711,49,170
389,1,276,4,917,44,982
399,0,1219,1,256,124,627
400,0,0,-1,000,0,000
401,0,0,-2,000,0,000
402,0,0,-3,000,0,000
403,0,0,-4,000,0,000
325,0,478,1,404,94,364
326,0,0,-1,000,0,000
327,0,0,-2,000,0,000
328,0,0,-3,000,0,000
262,1,231,4,830,41,925
263,1,220,4,934,41,204
327,1,502,6,143,85,381
404,1,209,1,437,39,458
74,0,1670,5,561,271,767
390,1,269,5,419,44,217
263,1,243,4,927,40,791
405,1,241,4,928,41,281
391,1,216,4,935,37,972
81,1,907,7,010,138,057
264,0,346,-0,069,56,135
265,0,0,-1,000,0,000
266,0,0,-2,000,0,000
83,1,963,8,211,149,166
74,0,1095,2,781,168,935
105,1,786,7,764,142,992
264,1,297,4,911,44,184
329,1,548,3,231,90,853
406,1,253,4,924,48,320
267,1,211,2,937,39,936
328,1,603,6,095,95,254
265,1,250,5,425,44,011
407,1,227,4,932,41,236
109,0,1073,0,785,153,029
75,1,771,7,269,138,970
268,1,291,4,913,47,065
392,0,621,0,376,79,881
393,0,0,-1,000,0,000
394,0,0,-2,000,0,000
395,0,0,-3,000,0,000
396,0,0,-4,000,0,000
266,1,231,4,931,42,634
163,0,1729,5,654,281,870
164,0,0,-1,000,0,000
165,0,0,-2,000,0,000
330,1,523,5,735,91,072
408,1,237,4,929,43,601
100,1,2395,14,469,371,779
88,1,6645,30,505,1016,997
82,1,803,7,157,136,788
397,1,235,0,930,41,817
267,1,245,4,927,43,502
329,1,595,6,208,96,890
409,1,234,4,930,41,048
106,1,838,7,749,137,866
268,1,248,4,926,44,563
331,1,453,5,864,84,705
398,1,283,5,300,47,091
269,1,608,6,318,89,415
410,1,250,4,925,43,617
110,1,735,6,779,133,221
76,1,718,7,785,129,025
116,0,2139,9,357,347,467
117,0,0,-1,000,0,000
270,1,193,4,942,38,269
269,1,235,4,930,41,591
399,1,225,4,933,37,143
330,1,459,5,862,84,173
166,1,758,5,773,132,003
411,1,270,4,919,44,261
101,1,779,7,162,131,957
400,1,232,4,930,40,936
271,1,254,4,823,45,810
84,0,1525,6,490,232,370
332,1,518,6,345,90,514
412,1,240,4,928,43,669
107,1,727,7,782,130,108
272,1,221,4,934,40,418
401,1,244,4,927,43,648
331,1,497,6,351,85,322
75,1,1778,8,866,257,598
413,1,239,5,428,43,528
83,1,1127,6,650,163,126
270,0,622,1,041,90,158
271,0,0,-1,000,0,000
272,0,0,-2,000,0,000
118,0,727,1,250,127,851
77,1,809,7,054,130,379
273,1,352,4,894,62,104
402,1,345,4,793,52,951
273,1,210,2,937,39,079
111,1,949,6,865,144,700
414,1,257,4,923,43,928
333,1,558,6,833,96,767
102,1,782,6,765,132,184
332,1,489,6,353,87,430
274,1,223,4,933,42,655
274,1,241,4,928,41,109
103,0,169,-0,034,42,445
104,0,0,-1,000,0,000
415,1,291,4,913,46,959
89,1,1706,12,488,293,246
108,1,826,7,752,139,054
275,1,226,4,932,41,573
416,1,209,4,837,38,522
275,1,267,5,420,49,644
85,0,1170,3,037,165,162
78,1,776,7,767,134,904
333,1,511,6,347,92,849
84,1,948,8,216,153,652
276,1,284,4,915,46,111
417,1,235,4,830,42,136
276,1,236,4,929,43,762
403,1,772,7,168,120,648
119,1,924,7,398,146,414
112,1,897,8,026,144,597
277,1,218,4,935,41,425
404,1,220,4,934,38,556
277,1,248,4,926,44,030
418,1,252,4,924,44,826
90,1,741,7,073,128,966
278,1,219,4,934,40,284
334,0,1154,1,269,147,493
335,0,0,-1,000,0,000
336,0,0,-2,000,0,000
337,0,0,-3,000,0,000
338,0,0,-4,000,0,000
109,1,881,6,511,146,530
334,1,554,6,334,95,373
278,1,261,5,422,45,327
405,1,276,4,702,42,740
419,1,371,5,389,54,087
279,1,224,4,933,40,688
279,1,233,5,328,40,893
85,1,852,7,244,146,842
420,1,222,5,433,39,888
120,1,821,7,154,128,164
280,1,248,4,818,42,967
339,1,497,2,351,89,532
280,1,225,4,933,41,210
113,1,846,7,532,141,347
335,1,514,5,846,87,616
91,1,756,7,068,133,407
421,1,260,4,922,43,934
281,1,230,4,931,42,535
281,1,241,4,825,42,300
110,1,732,7,780,134,280
76,0,2304,9,937,350,783
77,0,0,-1,000,0,000
282,1,230,5,431,42,848
422,1,252,4,824,42,599
406,0,865,0,827,109,962
407,0,0,-1,000,0,000
408,0,0,-2,000,0,000
409,0,0,-3,000,0,000
410,0,0,-4,000,0,000
79,1,1544,9,932,254,022
282,1,280,4,800,44,140
340,1,574,5,507,94,068
336,1,552,6,225,92,015
423,1,228,4,932,42,194
283,1,256,4,516,45,803
121,1,762,6,771,134,917
411,1,244,0,927,42,669
86,1,1785,11,647,268,670
86,1,810,7,757,138,826
283,1,249,4,925,43,761
114,1,767,7,770,133,243
424,1,226,4,832,42,606
284,1,224,5,433,41,231
412,1,223,4,933,41,316
92,1,826,6,942,138,254
284,1,207,4,938,39,967
341,1,491,6,253,86,405
285,1,202,4,939,38,557
425,1,222,4,933,41,465
122,0,425,1,415,83,283
123,0,0,-1,000,0,000
337,1,474,5,858,86,793
413,1,226,4,932,42,501
285,1,257,4,815,43,316
111,1,1039,8,688,173,052
426,1,224,4,933,41,553
80,1,832,7,641,140,741
286,1,253,4,720,44,668
414,1,219,4,934,42,150
87,1,762,7,771,134,035
286,1,218,4,935,41,019
287,0,150,0,470,40,507
288,0,0,-1,000,0,000
289,0,0,-2,000,0,000
342,1,458,6,363,84,161
112,0,208,-1,042,41,875
87,1,866,6,537,145,684
415,1,231,4,931,40,809
338,1,494,6,242,85,980
427,1,367,5,390,62,358
287,1,240,4,928,42,143
93,1,773,7,163,137,747
290,1,275,2,816,45,337
124,1,736,6,779,128,703
416,0,315,-0,171,51,971
417,0,0,-1,000,0,000
418,0,0,-2,000,0,000
419,0,0,-3,000,0,000
420,0,0,-4,000,0,000
291,1,203,4,939,37,208
428,1,289,4,712,47,632
343,1,512,6,237,88,594
421,1,283,0,806,45,947
88,1,724,7,783,124,320
292,1,227,4,932,41,322
429,1,241,4,928,41,218
339,1,659,6,690,104,279
81,0,921,1,962,160,262
115,1,1462,8,258,247,073
288,1,680,6,796,100,348
430,1,205,4,939,37,800
293,1,225,4,933,41,406
422,1,263,4,821,42,538
94,1,761,7,558,133,207
344,1,549,6,835,97,378
431,1,233,4,930,43,528
289,1,254,4,818,44,129
294,1,233,4,930,41,892
423,1,429,4,767,64,601
290,1,247,4,926,43,629
432,1,269,4,694,42,521
295,1,266,4,705,41,747
167,1,5389,23,648,855,641
113,0,1431,2,867,226,082
114,0,0,-1,000,0,000
125,0,1121,3,674,189,088
126,0,0,-1,000,0,000
89,1,782,7,765,132,267
82,1,778,6,666,137,227
345,1,477,6,857,86,080
296,1,218,4,935,41,232
291,1,255,4,819,41,049
116,1,865,7,515,135,248
433,1,245,4,927,43,329
105,0,4645,20,057,760,127
106,0,0,-1,000,0,000
95,1,744,7,277,131,933
297,1,222,4,933,41,436
292,1,230,4,931,41,510
434,1,226,4,932,42,709
88,0,1925,5,696,304,140
424,1,654,6,804,98,602
127,0,588,0,235,106,752
346,1,548,6,336,99,717
293,1,214,4,732,39,952
435,1,225,4,933,40,897
90,0,655,2,369,132,138
340,1,1376,10,376,223,600
298,1,275,4,918,46,014
168,1,754,8,053,132,906
425,1,246,4,821,42,664
294,1,229,5,331,41,126
299,1,291,4,797,46,352
426,1,241,4,928,41,493
295,1,224,4,933,39,598
436,1,489,5,353,76,945
341,1,475,5,755,84,936
347,1,545,6,207,88,880
300,1,249,5,425,44,575
427,1,225,4,933,41,995
83,1,1292,10,112,210,509
437,1,230,4,931,43,449
296,1,297,4,911,45,211
128,1,825,7,623,131,860
91,1,751,7,175,132,876
169,1,699,7,586,128,328
301,1,212,5,436,41,230
428,1,234,4,824,41,363
96,1,1250,8,525,190,494
78,0,4184,18,343,613,532
115,0,1633,0,897,263,016
116,0,0,-1,000,0,000
438,1,245,4,927,45,888
297,1,246,4,926,42,384
342,1,493,5,745,87,050
89,0,1171,3,552,188,280
429,1,222,4,933,40,745
348,1,566,6,228,93,828
117,1,1597,11,192,259,262
439,1,206,4,938,39,154
298,1,230,4,931,45,679
430,1,209,4,937,39,146
440,1,204,4,939,37,443
299,1,230,4,931,40,920
431,1,210,5,437,39,588
343,1,536,6,121,91,201
84,1,822,7,541,131,711
92,1,798,7,761,132,254
302,1,781,5,766,112,140
170,1,796,8,261,139,279
441,1,229,5,431,41,423
97,1,769,7,657,134,330
349,1,553,6,225,93,145
300,1,237,4,929,44,173
117,1,756,6,067,128,805
432,1,276,5,417,45,788
303,1,240,4,826,44,944
118,1,695,6,791,130,264
301,1,210,4,937,37,822
433,1,219,4,934,41,431
304,1,212,4,936,39,961
344,1,489,6,353,88,344
302,1,228,4,932,40,895
442,0,518,0,896,94,240
443,0,0,-1,000,0,000
444,0,0,-2,000,0,000
445,0,0,-3,000,0,000
446,0,0,-4,000,0,000
434,1,200,4,940,38,000
305,1,227,4,932,40,588
85,1,720,6,784,130,048
171,1,740,7,778,137,189
303,1,186,4,944,36,338
98,1,762,6,567,129,130
119,0,581,2,384,115,405
120,0,0,-1,000,0,000
306,1,222,5,433,41,122
435,1,317,5,405,52,653
304,1,232,5,430,40,748
350,1,938,6,719,152,046
447,1,462,1,757,80,774
107,1,3053,15,155,486,477
307,1,218,4,935,42,350
90,1,1643,10,077,263,830
436,1,226,4,932,43,446
305,1,224,4,933,40,892
448,1,240,4,827,42,848
308,1,244,4,815,42,958
437,1,202,4,939,37,127
172,1,709,6,787,131,105
86,1,758,7,053,127,904
449,1,197,4,941,36,701
306,1,273,4,710,46,194
79,0,2214,8,948,359,910
309,1,212,4,936,41,133
99,1,784,6,562,140,593
438,1,245,4,927,41,219
351,1,624,6,813,113,942
450,1,210,4,937,40,953
121,1,842,6,634,140,328
307,1,254,5,424,45,002
118,0,1621,6,933,280,548
119,0,0,-1,000,0,000
310,1,237,4,828,43,930
439,1,217,4,834,40,200
451,1,240,4,928,45,082
108,1,830,7,647,142,130
91,1,798,7,140,130,786
308,1,227,4,932,41,758
311,1,190,4,943,37,154
440,1,241,4,928,42,587
352,1,493,5,738,87,208
87,1,699,7,290,131,030
345,0,1702,7,660,281,404
346,0,0,-1,000,0,000
347,0,0,-2,000,0,000
348,0,0,-3,000,0,000
309,1,209,4,937,40,882
452,1,273,4,918,50,991
312,1,212,5,436,40,511
80,0,726,2,355,127,848
441,1,214,4,936,39,125
453,1,204,4,939,39,684
310,1,252,4,818,44,344
122,1,728,7,680,129,963
100,1,813,7,756,140,960
313,1,241,4,928,42,217
120,1,765,6,568,135,951
442,1,283,4,711,43,650
311,1,243,4,927,43,780
314,1,209,4,835,37,890
109,1,744,7,777,134,636
454,1,282,4,701,46,037
443,1,251,4,925,44,036
312,1,200,5,440,37,578
455,1,216,4,935,40,882
88,1,761,7,772,136,504
315,1,272,4,918,48,394
349,1,830,4,534,129,738
313,1,212,4,836,37,709
444,1,251,4,817,43,311
129,1,3905,24,117,650,292
456,1,228,4,932,41,536
92,0,1206,4,653,213,209
123,1,760,7,565,129,869
445,1,213,4,936,38,954
457,1,244,4,927,44,753
314,1,308,4,908,45,259
350,1,450,5,765,86,654
110,1,808,7,758,138,905
316,1,540,6,838,93,059
353,1,1357,10,093,221,918
458,1,191,5,443,37,635
121,1,1057,7,976,172,143
89,1,689,8,293,127,030
315,1,246,4,821,41,045
173,1,2180,12,744,359,545
446,1,343,4,897,60,316
317,1,221,4,934,41,968
459,1,245,4,825,41,208
316,1,202,4,939,38,206
130,1,739,7,778,124,965
447,1,216,4,935,41,367
93,1,3914,23,186,620,589
318,1,218,4,935,40,878
354,1,437,5,869,83,915
460,1,207,4,938,38,803
317,1,197,4,941,38,003
448,1,261,4,922,46,830
351,1,680,7,296,117,403
319,1,285,4,915,50,322
111,1,726,7,180,128,799
101,0,1774,8,537,302,305
102,0,0,-1,000,0,000
131,0,414,0,817,84,917
132,0,0,-1,000,0,000
461,1,271,4,801,43,908
90,1,741,7,575,132,174
449,1,246,4,926,43,009
318,1,352,5,166,54,736
122,1,793,7,652,141,480
355,1,481,6,856,88,005
320,1,259,4,922,45,048
462,1,242,4,927,42,813
450,1,246,4,926,44,231
352,1,497,6,642,87,425
319,1,267,4,920,43,784
321,1,213,4,936,40,659
133,0,439,-0,188,88,226
134,0,0,-1,000,0,000
463,1,218,4,935,41,305
174,1,1103,9,669,190,638
451,1,255,4,924,44,745
322,1,206,4,938,40,279
356,1,478,6,357,89,560
320,1,261,4,922,44,455
464,1,236,4,824,42,114
81,0,2744,12,938,452,205
452,1,219,4,934,41,032
323,1,218,4,935,43,029
465,1,219,4,934,41,373
321,1,318,4,905,43,355
453,1,224,4,933,43,403
324,1,231,4,931,43,214
123,1,954,9,111,173,884
357,1,508,5,744,88,652
466,1,228,4,932,43,015
94,1,1517,10,045,248,805
353,1,821,7,254,149,243
322,1,255,4,924,44,122
175,1,745,7,175,135,498
135,1,796,6,141,130,208
454,1,236,4,929,42,977
325,1,229,4,931,41,535
467,1,217,4,935,40,497
93,1,2525,13,338,387,815
323,1,275,4,802,45,080
326,1,227,4,932,43,354
455,1,272,4,809,43,254
358,1,440,6,368,83,367
124,0,550,1,890,110,879
125,0,0,-1,000,0,000
354,1,522,6,130,89,723
327,1,201,4,736,38,979
91,1,1654,11,504,255,376
456,1,205,4,939,39,750
324,1,274,4,813,46,297
112,1,1924,13,517,338,291
468,1,518,6,845,88,508
328,1,229,5,431,42,368
176,1,778,7,267,137,697
325,1,237,4,929,46,202
359,1,448,6,366,86,561
469,1,213,4,936,42,022
329,1,190,4,943,37,403
326,1,211,4,937,41,014
355,1,528,5,842,94,282
177,0,300,-0,806,56,766
178,0,0,-1,000,0,000
179,0,0,-2,000,0,000
180,0,0,-3,000,0,000
470,1,255,4,924,47,740
126,1,818,6,755,139,370
327,1,257,4,923,42,559
360,1,481,5,856,87,265
330,1,385,4,782,62,687
471,1,208,4,938,40,854
92,1,839,7,748,140,187
94,0,1255,5,020,221,072
356,1,452,5,864,85,024
331,1,211,4,937,40,648
328,1,312,4,906,50,700
472,1,237,5,327,44,335
95,0,203,0,459,47,430
332,1,219,4,934,41,897
361,1,443,6,265,82,310
473,1,228,4,932,46,210
329,1,263,4,921,47,900
181,1,793,4,654,141,683
357,1,427,6,372,83,057
333,1,219,4,934,41,063
330,0,147,-0,029,41,325
331,0,0,-1,000,0,000
332,0,0,-2,000,0,000
127,1,750,7,775,138,488
474,1,220,4,934,42,008
82,1,2555,15,920,408,231
93,1,772,8,268,135,085
334,1,212,4,936,40,922
333,1,209,2,832,38,746
362,1,503,6,349,89,490
124,0,4538,21,465,765,007
335,1,246,4,926,44,690
334,1,241,4,928,43,442
358,1,548,6,336,92,689
475,1,524,6,039,80,244
335,1,230,4,931,41,573
336,1,252,4,924,43,666
128,0,684,2,363,141,930
129,0,0,-1,000,0,000
363,1,475,5,757,88,579
182,1,879,7,236,156,123
457,0,2217,9,557,380,986
458,0,0,-1,000,0,000
459,0,0,-2,000,0,000
460,0,0,-3,000,0,000
461,0,0,-4,000,0,000
476,1,205,5,438,38,477
337,1,223,4,933,41,092
336,1,250,4,816,42,360
359,1,517,5,734,90,153
94,1,832,7,750,152,762
477,1,219,4,934,42,003
338,1,188,4,944,37,155
337,1,217,4,935,41,482
364,1,445,6,366,83,833
96,1,1532,10,018,226,671
136,1,3162,20,138,522,953
478,1,259,5,007,42,888
338,1,219,4,826,42,125
339,1,264,4,796,43,156
462,1,636,2,809,103,645
95,1,3478,18,031,569,492
479,1,218,4,935,42,203
183,1,715,7,285,135,834
360,1,560,6,332,97,386
339,1,228,5,432,43,796
340,1,257,4,923,42,799
463,1,230,4,931,41,810
365,1,468,6,360,84,779
125,0,1378,5,724,243,888
480,1,266,5,301,44,962
95,1,762,6,771,133,447
340,1,217,4,935,40,053
341,1,228,4,932,44,203
464,1,243,4,927,44,881
137,1,724,7,083,127,542
481,1,192,4,942,38,054
113,1,3287,19,889,544,413
97,1,792,7,142,137,283
341,1,199,4,940,38,463
342,1,251,4,810,44,187
465,1,232,4,829,43,521
482,1,214,4,936,40,694
184,1,701,7,790,129,808
366,1,567,6,729,99,458
96,1,778,7,156,131,838
342,0,277,0,826,54,143
343,0,0,-1,000,0,000
344,0,0,-2,000,0,000
343,1,201,4,940,39,928
466,1,217,4,935,41,024
483,1,203,4,939,38,418
344,1,234,4,829,44,844
467,1,223,4,933,42,462
484,1,216,4,935,40,744
361,1,1118,9,165,194,044
367,1,465,5,860,86,870
345,1,230,4,931,42,055
98,1,805,7,243,133,040
485,1,229,4,931,43,807
468,1,252,4,816,42,094
362,0,269,-0,054,65,871
363,0,0,-1,000,0,000
364,0,0,-2,000,0,000
365,0,0,-3,000,0,000
366,0,0,-4,000,0,000
367,0,0,-5,000,0,000
346,1,225,4,933,42,330
469,1,215,4,936,41,378
486,1,244,4,927,44,782
345,1,817,5,152,126,354
368,1,440,5,868,85,745
103,1,6419,39,074,1076,826
96,0,1447,6,711,252,610
347,1,210,4,937,40,332
185,1,1112,7,917,192,972
487,1,294,5,303,44,260
368,1,496,1,351,87,266
348,1,224,4,933,41,618
97,0,299,0,440,64,712
488,1,199,4,940,38,671
346,1,542,6,337,87,226
349,1,222,4,933,42,959
126,0,1997,9,299,351,039
489,1,212,4,936,41,154
97,1,1593,12,522,267,723
350,1,197,4,941,38,954
347,1,227,4,932,42,022
83,1,3849,20,480,577,560
369,0,552,1,890,111,962
370,0,0,-1,000,0,000
371,0,0,-2,000,0,000
372,0,0,-3,000,0,000
373,0,0,-4,000,0,000
374,0,0,-5,000,0,000
490,1,227,4,825,43,800
186,1,676,7,797,125,899
369,1,909,8,727,167,855
114,1,2092,13,655,366,391
98,0,559,1,888,113,325
351,1,215,4,936,42,198
348,1,256,4,800,43,644
138,1,2263,12,762,378,657
470,1,1165,10,651,195,470
491,1,260,5,422,44,680
352,1,215,4,936,43,094
471,1,211,4,937,40,968
375,1,490,1,853,89,391
492,1,223,4,933,42,782
353,1,214,4,936,40,962
370,1,459,6,362,87,033
98,1,754,7,367,134,174
349,1,498,6,646,83,383
472,1,221,4,934,41,439
187,1,701,7,476,130,275
493,1,226,4,932,42,754
354,1,204,5,439,39,803
84,1,808,7,643,128,982
99,1,2062,12,280,351,869
473,1,234,4,930,43,367
494,1,188,4,944,36,967
355,1,217,4,935,40,974
371,1,462,5,861,90,096
376,1,524,5,843,92,388
474,1,216,4,935,41,330
356,1,215,4,936,41,628
495,1,251,4,925,46,125
99,1,722,7,070,125,926
475,1,229,4,931,41,861
496,1,227,4,932,42,842
357,1,233,4,930,44,832
188,1,706,7,682,136,222
372,1,477,5,857,86,345
377,1,478,5,857,88,290
115,1,1463,9,061,257,312
476,1,217,4,935,41,227
497,1,204,4,830,40,160
358,1,227,4,932,41,637
85,1,831,7,251,138,734
350,1,1009,8,197,164,148
127,0,2000,8,997,354,063
130,1,4966,22,173,862,291
477,1,188,4,944,37,328
498,1,190,4,943,37,568
139,1,1582,12,421,273,946
359,1,198,4,941,38,727
351,1,260,4,820,46,449
378,1,456,6,363,86,628
373,1,501,6,350,90,179
478,1,222,4,933,41,861
499,1,213,5,436,41,002
360,1,201,4,940,38,684
104,0,2816,11,371,496,252
105,0,0,-1,000,0,000
100,1,701,6,790,130,602
99,1,2075,13,556,355,087
361,1,205,4,834,38,562
352,1,300,5,410,51,775
479,1,262,4,802,42,435
500,1,233,4,823,42,504
116,0,718,1,856,135,291
117,0,0,-1,000,0,000
379,1,450,6,153,82,245
362,1,190,4,943,38,203
374,1,450,5,865,85,977
353,1,214,4,936,40,892
501,1,229,4,931,43,295
480,1,262,4,821,42,034
140,1,710,7,186,127,719
354,1,221,4,934,42,598
502,1,214,4,936,41,173
481,1,235,4,825,41,272
101,1,710,7,787,126,678
106,1,803,6,049,144,016
100,1,696,7,188,128,389
355,1,224,4,933,41,639
503,1,223,4,933,40,950
482,1,196,4,941,37,998
380,1,529,6,235,90,945
363,1,581,4,712,102,264
118,1,765,6,270,129,781
356,1,207,4,938,39,870
504,1,239,4,719,40,975
483,1,244,4,927,44,734
364,1,225,4,933,41,545
131,1,1562,11,191,269,255
357,1,194,5,442,37,667
102,0,598,1,880,115,258
505,1,227,4,932,41,773
381,1,448,6,366,83,403
484,1,215,4,936,41,264
365,1,195,4,942,38,003
107,1,656,7,203,126,341
358,1,225,4,933,41,606
141,0,1014,4,054,182,115
142,0,0,-1,000,0,000
189,1,2155,15,734,390,500
375,1,1178,9,647,205,009
485,1,215,4,936,41,495
366,1,222,5,433,41,861
506,1,286,4,914,45,855
128,0,1988,8,890,354,595
359,1,222,4,933,41,910
100,1,2903,16,885,451,274
101,1,942,7,387,149,057
367,1,192,4,942,37,173
382,1,486,5,649,88,061
486,0,282,0,944,63,669
487,0,0,-1,000,0,000
488,0,0,-2,000,0,000
489,0,0,-3,000,0,000
490,0,0,-4,000,0,000
143,0,397,0,421,83,693
144,0,0,-1,000,0,000
360,1,220,4,934,41,760
132,1,743,7,157,133,184
376,1,473,6,358,90,891
368,1,250,4,706,42,360
119,1,1072,9,578,185,110
491,1,235,1,430,44,983
361,1,193,4,942,38,395
108,1,686,7,694,125,302
507,1,541,5,731,95,716
190,1,746,7,155,132,075
369,1,252,4,715,44,378
145,0,408,0,418,84,225
146,0,0,-1,000,0,000
492,1,240,5,321,43,082
362,1,234,5,329,41,655
508,1,216,4,935,40,704
377,1,447,6,366,85,282
102,1,744,7,777,127,227
370,1,234,4,930,44,229
493,1,214,5,436,41,141
509,1,195,4,942,38,403
363,1,246,4,819,41,485
103,1,1425,10,573,242,393
371,1,213,4,936,41,195
120,1,678,7,297,126,888
101,1,1015,7,792,169,803
133,1,826,7,143,142,919
494,1,285,4,915,43,637
109,1,696,6,981,129,798
510,1,295,4,912,44,355
147,0,701,0,543,130,671
148,0,0,-1,000,0,000
495,1,189,4,943,37,066
191,1,759,7,772,139,268
511,1,217,4,935,41,376
372,1,465,7,360,86,069
496,1,217,4,935,42,928
364,1,714,5,786,125,236
512,1,253,4,811,43,504
104,0,649,1,370,123,015
373,1,234,4,817,41,063
497,1,224,5,433,43,072
121,1,729,7,781,136,906
103,1,978,9,207,175,999
365,1,228,4,932,42,351
129,1,1907,13,096,321,135
513,1,217,4,935,40,841
378,1,1118,8,665,173,885
498,1,197,4,941,38,418
110,1,846,6,531,138,151
374,1,240,4,928,42,890
134,1,885,6,524,147,206
192,1,719,6,973,133,845
366,1,231,4,827,42,880
499,1,251,4,811,43,024
149,0,989,3,193,181,168
150,0,0,-1,000,0,000
367,1,242,4,821,42,943
500,1,210,4,937,41,307
514,1,622,5,813,100,063
368,1,188,4,944,37,955
104,1,765,7,445,131,384
501,1,209,4,937,39,858
369,1,189,4,843,36,756
375,1,769,7,269,126,093
515,0,306,0,339,67,382
516,0,0,-1,000,0,000
517,0,0,-2,000,0,000
518,0,0,-3,000,0,000
519,0,0,-4,000,0,000
135,1,828,8,252,149,383
502,1,272,4,918,46,270
370,1,222,4,830,40,410
193,1,852,8,135,153,727
376,1,215,4,936,42,462
520,1,210,0,937,40,377
130,1,1158,7,844,197,472
503,1,194,4,942,38,528
371,1,237,4,929,42,421
521,1,218,5,435,42,427
377,1,250,4,925,43,024
105,1,1546,8,606,251,694
379,1,1363,9,591,248,389
151,1,980,8,390,169,386
105,1,711,7,787,132,922
504,1,216,5,435,41,194
111,1,1336,10,493,226,365
86,0,5417,28,584,906,563
372,1,243,4,823,45,336
522,0,204,-0,680,44,277
523,0,0,-1,000,0,000
524,0,0,-2,000,0,000
525,0,0,-3,000,0,000
526,0,0,-4,000,0,000
378,1,212,4,936,41,429
136,1,709,7,287,130,776
505,1,309,4,907,49,943
379,1,202,4,939,40,682
527,1,236,0,825,41,792
373,1,262,4,820,42,908
194,1,769,7,269,139,422
380,1,460,6,248,82,854
152,0,481,1,904,97,606
153,0,0,-1,000,0,000
380,1,231,4,828,41,517
528,1,218,5,435,41,203
374,1,223,4,933,43,351
506,1,314,5,406,54,008
106,1,734,7,280,131,671
106,1,700,7,562,126,950
529,1,219,4,934,41,254
375,1,242,4,927,44,895
112,1,829,7,928,141,360
507,1,268,4,920,49,090
381,1,522,6,231,91,811
137,1,786,7,148,134,781
530,1,241,4,928,47,781
376,1,208,4,938,41,068
508,1,219,4,831,40,627
195,1,775,7,561,139,530
377,1,225,5,433,41,637
531,1,236,4,826,41,292
532,0,187,-0,666,43,237
533,0,0,-1,000,0,000
534,0,0,-2,000,0,000
535,0,0,-3,000,0,000
536,0,0,-4,000,0,000
378,1,230,4,931,40,831
107,1,840,7,004,137,512
509,1,445,4,867,66,123
107,1,933,9,220,163,997
113,1,842,7,638,142,887
379,1,213,4,936,42,022
537,1,256,0,822,46,863
381,1,1145,9,430,189,876
138,1,714,6,867,128,836
510,1,187,4,944,37,083
102,1,4059,17,631,663,911
196,1,704,7,289,134,251
382,1,220,4,934,41,020
380,1,300,4,496,52,015
538,0,298,1,440,67,791
539,0,0,-1,000,0,000
540,0,0,-2,000,0,000
541,0,0,-3,000,0,000
542,0,0,-4,000,0,000
511,1,273,5,314,48,317
383,1,258,4,808,42,711
512,1,230,4,931,41,025
543,1,245,1,427,42,644
197,0,398,1,420,88,119
198,0,0,-1,000,0,000
108,1,664,7,801,126,604
108,1,831,7,112,142,035
139,1,687,7,191,129,593
381,1,421,6,374,66,753
114,1,775,6,545,137,332
384,1,276,4,789,46,100
513,1,226,4,932,43,430
544,1,229,4,931,42,508
385,1,186,4,944,37,154
382,1,234,4,930,41,328
514,1,214,4,936,41,912
545,1,210,4,937,41,025
386,1,190,4,943,36,831
382,1,1918,11,425,342,570
383,1,246,4,926,45,177
515,1,220,4,934,41,150
131,1,3232,21,030,597,129
109,1,671,7,799,128,284
199,1,775,6,564,136,694
387,1,213,4,936,41,333
516,1,207,4,938,40,403
384,1,232,4,821,42,131
140,1,720,7,784,130,894
109,1,847,7,431,142,472
546,1,513,6,846,91,203
388,1,214,4,936,41,410
103,1,1465,10,831,254,478
385,1,189,4,943,37,335
115,0,887,1,885,165,965
116,0,0,-1,000,0,000
517,1,268,4,920,45,037
547,1,231,5,323,44,455
389,1,251,4,815,44,044
386,1,233,5,430,41,590
518,1,238,4,929,43,704
548,1,225,4,933,40,973
110,1,718,7,285,135,232
390,1,213,4,936,41,869
132,1,799,7,158,152,083
387,1,216,4,935,41,626
519,1,217,4,935,41,463
549,1,244,4,823,44,087
388,1,184,4,945,39,755
104,1,707,7,687,132,157
520,1,191,4,943,36,951
550,1,212,4,936,41,436
117,1,807,5,837,135,804
389,1,213,4,936,41,092
141,1,1044,7,687,186,838
391,0,505,2,399,99,533
392,0,0,-1,000,0,000
393,0,0,-2,000,0,000
521,1,305,5,186,43,871
551,1,254,4,811,42,580
111,1,713,7,677,131,064
105,0,399,0,920,85,081
390,1,237,4,929,44,437
394,1,262,2,921,49,389
522,1,245,4,927,45,471
552,1,217,4,935,41,434
391,1,198,4,941,38,753
395,1,229,4,931,42,541
523,1,214,4,835,41,414
392,1,224,4,933,41,293
118,1,700,7,689,128,448
396,1,229,4,931,43,603
133,1,1269,9,510,215,656
393,1,189,4,943,37,299
524,1,242,4,927,42,354
200,1,2105,14,658,377,451
397,1,208,4,938,41,231
553,1,599,5,820,106,552
394,1,190,4,943,37,955
525,1,220,4,934,41,290
398,1,231,4,931,42,303
554,1,242,4,927,42,939
395,1,231,5,431,42,620
526,1,242,4,927,43,106
154,0,5139,26,471,866,164
155,0,0,-1,000,0,000
399,1,237,4,810,41,971
396,1,208,4,938,39,671
555,1,233,4,930,41,255
110,0,2516,8,094,456,977
134,1,739,7,778,135,177
527,1,263,4,921,43,032
400,1,188,4,944,37,554
556,1,197,4,941,39,201
119,1,1040,8,587,184,942
201,1,768,6,640,134,328
528,1,222,4,933,41,003
106,0,1640,5,686,265,104
397,1,435,5,870,77,536
557,1,251,4,925,48,835
529,1,188,4,944,37,156
398,1,225,5,433,41,432
401,1,532,6,137,82,183
558,1,277,4,789,46,834
530,1,226,4,932,41,173
135,1,716,7,440,126,939
111,1,812,7,148,141,507
402,1,191,4,943,38,401
399,1,271,4,816,47,238
120,1,694,7,292,131,790
531,0,301,0,733,65,937
532,0,0,-1,000,0,000
533,0,0,-2,000,0,000
534,0,0,-3,000,0,000
535,0,0,-4,000,0,000
107,1,694,7,792,126,737
156,0,1145,4,271,201,726
157,0,0,-1,000,0,000
202,1,828,6,752,141,976
403,1,235,4,818,41,767
400,1,221,4,934,43,629
136,0,372,0,218,78,513
559,1,499,6,244,81,665
112,1,2576,18,117,462,023
404,1,197,4,941,39,369
536,1,280,0,814,49,938
560,1,222,4,933,43,911
537,1,231,4,931,43,085
112,1,696,7,791,125,594
405,1,235,5,429,45,314
122,1,8751,45,009,1517,767
121,1,689,7,187,127,605
561,1,217,4,935,42,631
406,1,187,4,944,37,195
401,1,638,5,809,106,668
538,1,254,4,924,48,440
562,1,211,4,937,41,069
108,1,802,7,628,128,266
203,1,828,7,046,140,649
137,0,760,2,848,146,792
407,1,199,4,839,38,384
402,1,209,4,937,39,979
113,1,700,7,790,132,826
539,1,229,4,931,42,457
408,1,189,5,443,37,928
563,1,283,4,915,45,304
403,1,243,4,927,45,354
540,1,231,4,931,41,184
122,1,709,6,978,133,661
113,1,793,7,262,139,624
564,1,189,4,943,37,469
409,1,246,4,823,46,550
138,0,463,0,907,99,985
404,1,192,4,942,38,203
541,1,190,4,943,37,803
87,0,8119,43,798,1347,355
565,1,219,4,934,41,470
405,1,218,4,935,41,097
410,1,271,5,419,49,667
542,1,236,5,429,44,931
114,1,767,7,565,136,626
566,1,247,4,926,47,069
411,1,213,4,936,41,236
406,1,233,4,930,46,406
109,0,1076,5,178,203,753
567,1,193,4,942,36,598
407,1,189,4,943,37,070
412,1,265,4,801,43,379
543,1,463,4,738,66,697
123,1,900,8,730,165,828
114,1,901,6,053,132,447
408,1,193,4,942,37,579
413,1,203,4,939,40,588
544,1,198,5,441,38,887
409,1,206,4,938,40,720
414,1,199,4,940,37,871
568,1,563,6,331,86,908
115,1,818,7,153,144,408
410,1,184,4,945,36,928
124,0,449,0,910,87,826
125,0,0,-1,000,0,000
415,1,217,4,935,41,655
545,1,422,5,770,76,721
569,1,223,4,933,43,203
411,1,200,4,840,38,629
116,0,316,0,937,68,713
416,1,207,4,938,41,099
570,1,206,4,938,40,027
204,1,2105,14,236,364,071
412,1,230,4,823,41,118
117,0,287,0,443,67,304
417,1,231,4,931,43,413
571,1,212,4,936,41,102
546,1,460,6,862,82,739
413,1,216,4,935,41,418
418,1,192,4,942,38,150
126,1,715,6,181,133,238
115,1,1175,7,647,192,345
572,1,218,4,935,42,192
547,1,216,4,935,41,231
419,1,211,4,937,41,773
548,1,222,4,933,41,229
573,1,251,4,925,43,792
139,0,2309,9,997,400,333
205,1,734,7,661,133,634
549,1,197,4,941,38,413
118,1,696,7,688,129,295
574,1,213,4,936,42,003
420,1,323,5,403,63,406
414,0,629,2,374,117,708
415,0,0,-1,000,0,000
416,0,0,-2,000,0,000
550,1,192,4,942,37,803
575,1,197,4,941,39,754
417,1,196,2,941,38,431
421,1,220,4,934,44,166
127,1,759,7,272,136,494
206,0,408,1,312,87,891
207,0,0,-1,000,0,000
551,0,309,0,291,66,545
552,0,0,-1,000,0,000
553,0,0,-2,000,0,000
554,0,0,-3,000,0,000
555,0,0,-4,000,0,000
422,1,246,4,926,47,148
418,1,281,4,916,45,374
116,1,1043,9,082,177,667
576,1,379,5,886,69,156
140,0,770,2,742,147,392
142,1,7046,45,121,1280,318
419,1,192,4,942,37,954
423,1,230,4,931,43,803
577,1,224,4,933,42,031
424,1,234,5,430,43,003
578,1,214,5,436,41,742
208,1,762,7,271,138,755
128,1,770,7,167,130,903
420,1,372,4,746,46,552
425,1,196,4,740,38,618
117,1,692,6,688,127,157
119,1,1281,10,116,228,891
579,1,273,4,918,48,865
421,1,241,4,703,40,811
383,1,8998,47,803,1645,463
141,0,765,1,727,143,208
426,1,216,4,833,40,962
580,1,210,4,937,40,470
556,1,1044,4,429,163,768
427,1,217,4,935,42,361
142,0,332,0,434,74,826
581,1,215,4,936,42,202
557,1,209,4,937,41,031
428,1,223,4,833,41,364
558,1,193,4,942,38,122
582,1,219,4,934,41,968
118,1,697,7,189,130,305
429,1,195,4,942,39,473
120,1,731,7,281,133,397
559,1,191,4,943,37,128
110,1,4142,25,225,710,143
583,1,278,4,815,42,867
209,1,1220,8,497,219,545
560,1,247,4,815,43,273
584,1,216,4,935,41,998
422,1,1129,8,661,172,814
430,1,563,5,728,96,838
384,1,1254,8,402,213,734
561,1,224,4,824,41,304
423,1,181,4,946,36,795
143,1,1949,12,209,358,100
119,1,670,7,299,126,134
431,1,246,4,926,47,576
424,1,197,5,338,37,675
562,1,228,4,932,41,018
111,0,685,2,863,137,110
210,1,701,7,790,133,842
121,1,1014,9,196,178,605
425,1,209,4,830,39,964
385,1,454,6,364,86,323
563,1,252,4,815,41,903
432,1,350,4,895,63,174
120,0,604,1,770,116,067
426,1,222,4,833,43,209
564,1,191,4,943,37,069
144,1,681,7,296,128,554
433,1,224,4,829,42,570
427,1,201,4,940,40,031
565,1,194,5,442,36,602
123,0,6773,37,520,1166,829
124,0,0,-1,000,0,000
386,1,483,6,141,85,770
112,0,635,1,873,125,643
566,1,190,4,943,38,054
428,1,227,4,932,41,431
125,0,269,-0,554,61,985
126,0,0,-1,000,0,000
129,0,2692,13,461,500,079
130,0,0,-1,000,0,000
211,1,792,8,161,145,490
567,1,188,5,444,37,731
143,0,2152,8,851,384,759
121,0,624,1,770,119,801
429,1,230,4,931,43,615
387,1,455,6,263,86,743
212,0,255,-0,326,46,277
213,0,0,-1,000,0,000
214,0,0,-2,000,0,000
215,0,0,-3,000,0,000
568,1,190,5,443,38,754
430,1,184,4,945,36,776
431,1,197,4,941,38,551
113,1,780,7,766,140,035
434,1,1038,8,189,169,315
569,1,401,4,880,64,261
131,1,702,6,289,130,515
388,1,494,5,852,90,026
122,0,1487,7,203,249,337
432,1,336,4,736,50,401
435,1,233,4,826,42,032
570,1,231,4,931,43,342
216,1,686,4,693,132,216
433,1,243,4,812,42,265
436,1,232,4,930,44,039
389,1,429,6,269,82,949
585,1,2550,17,235,461,261
437,1,232,4,930,44,568
132,1,691,8,293,130,546
144,0,1297,2,741,230,849
434,1,272,4,808,46,114
586,1,213,4,936,41,483
390,1,410,6,277,82,148
571,1,687,5,794,122,234
438,1,238,4,929,42,350
435,1,220,4,934,41,435
217,1,677,7,797,129,329
587,1,225,4,933,45,029
145,0,323,0,329,70,809
122,0,1666,7,236,292,818
439,1,211,4,937,41,417
588,1,206,4,938,40,896
572,1,301,4,910,44,855
133,1,643,7,807,124,430
440,1,207,4,938,39,603
436,1,475,6,357,86,204
589,1,353,5,785,60,844
441,1,252,4,924,48,433
437,1,214,4,936,40,886
123,0,547,1,791,110,666
146,0,623,1,875,125,983
590,1,206,4,938,40,354
218,1,814,7,552,145,367
391,1,1034,8,190,172,601
591,1,190,5,443,37,823
573,1,831,8,751,139,038
134,1,715,7,785,132,472
592,1,188,4,944,37,814
147,0,479,0,904,99,880
442,1,580,6,326,105,650
438,1,611,6,703,100,784
574,1,204,4,939,40,968
392,1,481,6,248,86,936
439,1,182,4,945,36,603
593,1,300,4,910,51,109
575,1,208,5,438,38,741
124,1,811,7,542,136,416
219,1,723,7,783,129,792
127,1,3267,20,811,568,715
148,0,446,0,911,97,599
440,1,187,4,944,37,603
576,1,198,4,941,39,155
594,1,250,5,325,44,970
443,1,575,6,827,99,773
393,1,425,6,272,81,436
441,1,216,4,935,42,214
135,1,771,7,168,135,811
128,0,296,0,441,63,881
577,1,231,4,931,44,014
595,1,248,4,926,47,254
444,1,231,4,931,44,254
442,1,189,4,842,38,134
578,1,238,4,819,44,233
220,1,685,7,794,127,909
443,1,225,4,933,44,456
125,1,868,8,740,159,288
394,1,536,6,839,95,816
579,1,281,4,916,51,999
444,1,239,4,928,47,343
136,1,672,7,691,128,177
149,1,944,8,613,175,963
580,1,189,4,943,37,355
385,0,1797,8,641,304,884
386,0,0,-1,000,0,000
387,0,0,-2,000,0,000
388,0,0,-3,000,0,000
596,1,749,7,775,124,466
445,1,211,4,937,40,669
395,1,428,6,372,83,003
581,1,231,4,931,43,351
597,1,220,4,934,42,162
446,1,228,4,932,41,057
150,0,391,0,922,87,676
151,0,0,-1,000,0,000
221,1,804,7,437,150,692
582,1,242,4,927,42,934
126,1,786,8,164,146,903
447,1,217,4,935,41,881
89,0,1076,3,359,181,793
583,1,190,4,943,38,428
114,0,4397,20,900,760,636
448,1,230,4,825,40,099
584,1,211,5,437,41,552
449,1,222,4,933,43,805
585,1,193,4,842,38,327
152,1,751,5,546,135,890
222,1,706,7,288,135,863
129,1,1824,14,453,336,121
598,1,812,6,027,125,107
127,1,667,7,300,129,051
450,1,211,4,830,40,967
137,1,1316,8,593,225,301
396,1,1063,10,081,186,103
586,1,210,4,937,41,058
145,1,6004,36,628,986,411
599,1,244,4,927,41,968
451,1,241,4,814,43,639
115,1,827,8,252,152,782
587,1,279,4,800,46,017
600,1,264,5,300,44,102
452,1,258,4,923,44,434
153,1,664,7,098,128,262
588,1,216,4,935,41,052
397,1,535,5,736,101,591
223,1,741,6,778,134,071
601,1,212,4,936,41,077
130,0,761,2,848,154,792
131,0,0,-1,000,0,000
453,1,194,4,839,38,491
128,1,710,7,686,128,894
138,1,729,7,668,133,536
589,1,197,4,941,37,750
146,1,699,6,690,128,296
602,1,240,4,928,40,422
454,1,216,4,935,41,651
590,1,214,4,936,41,176
116,1,753,7,274,137,202
147,0,326,0,935,74,818
148,0,0,-1,000,0,000
455,1,225,4,824,42,348
398,1,574,7,328,106,612
591,1,255,4,924,46,846
154,1,740,7,778,135,110
603,0,426,1,205,84,543
604,0,0,-1,000,0,000
605,0,0,-2,000,0,000
606,0,0,-3,000,0,000
607,0,0,-4,000,0,000
224,1,804,6,814,137,063
456,1,325,4,770,53,500
608,1,185,0,945,36,952
129,1,818,6,302,138,744
457,1,189,4,943,38,003
609,1,206,5,438,41,154
592,1,557,6,717,95,444
610,1,199,5,440,39,373
593,1,186,5,444,37,554
155,1,718,7,181,132,886
225,1,718,6,661,134,147
130,1,643,7,807,123,754
594,1,209,5,437,40,756
611,1,301,4,910,46,497
458,1,561,6,832,99,080
389,1,3468,19,959,584,520
149,1,1249,9,018,225,900
595,1,195,4,942,37,982
459,1,200,4,940,38,618
612,1,235,4,824,40,927
460,1,207,4,938,39,603
613,1,222,4,933,43,654
123,1,7409,42,695,1214,428
596,1,352,5,394,60,477
390,1,476,6,357,88,219
461,1,205,5,439,40,482
445,1,4632,32,610,802,856
131,0,784,2,843,154,177
597,1,216,4,935,41,162
226,1,835,7,401,151,082
462,1,233,4,824,43,291
598,1,189,5,443,37,229
614,1,493,4,730,81,575
446,1,341,5,398,63,012
150,1,876,6,163,137,202
124,0,579,2,384,114,621
599,1,182,4,945,36,471
615,1,209,4,937,41,528
399,1,2239,11,585,399,884
90,0,3943,21,896,688,335
391,1,624,6,108,97,143
463,0,442,1,912,89,728
464,0,0,-1,000,0,000
465,0,0,-2,000,0,000
600,1,181,4,946,36,806
616,1,270,4,794,46,154
132,0,773,3,745,150,377
601,1,217,5,435,41,056
227,1,765,8,666,143,411
400,1,440,6,868,86,921
617,1,222,4,933,41,670
466,0,375,-1,745,75,605
467,0,0,-1,000,0,000
468,0,0,-2,000,0,000
392,1,467,5,860,87,825
151,1,674,7,798,130,615
602,1,212,4,936,40,941
618,1,201,4,940,40,003
133,0,405,1,317,87,526
603,1,259,4,922,42,448
619,1,213,5,436,41,768
156,1,2279,13,816,428,531
401,1,445,6,366,83,172
125,1,1027,7,969,175,617
91,0,954,3,638,172,083
469,0,518,0,896,108,659
470,0,0,-1,000,0,000
471,0,0,-2,000,0,000
604,1,226,4,932,42,266
447,1,1327,9,102,207,391
228,1,748,7,655,139,683
620,1,270,4,803,42,516
152,1,659,7,702,125,669
472,1,204,2,939,40,401
605,1,218,4,935,40,899
448,1,209,4,937,41,402
621,1,204,4,939,40,754
473,1,219,4,934,40,958
606,1,183,4,945,37,046
92,0,479,1,289,90,223
402,1,559,6,832,106,435
449,1,187,4,944,37,203
622,1,216,4,935,42,070
474,1,222,4,933,41,454
393,1,1144,11,157,213,238
126,1,753,7,672,134,965
450,1,214,4,936,41,018
623,1,248,4,706,42,040
475,1,208,4,938,41,544
229,1,779,7,055,138,555
403,1,439,6,368,86,741
607,0,460,1,908,94,525
608,0,0,-1,000,0,000
609,0,0,-2,000,0,000
610,0,0,-3,000,0,000
611,0,0,-4,000,0,000
451,1,187,4,944,37,928
134,0,1273,6,026,230,950
624,1,205,4,939,40,631
452,1,204,4,939,40,947
394,1,475,6,248,86,260
153,1,956,6,713,175,525
476,1,317,4,778,49,150
625,1,191,4,943,37,628
157,1,1452,8,454,263,851
477,1,221,4,934,41,373
453,1,293,4,912,49,650
404,1,511,5,530,90,148
626,1,292,5,308,44,719
395,1,450,6,263,88,451
454,1,228,4,830,41,452
478,1,264,4,717,45,020
627,1,196,4,941,38,398
132,0,5473,23,585,983,078
133,0,0,-1,000,0,000
154,1,692,7,189,129,744
455,1,240,4,809,42,595
479,1,215,4,936,42,728
405,1,493,5,852,86,995
628,1,228,4,932,43,717
456,1,191,4,943,37,595
396,1,468,5,860,87,424
480,1,228,4,822,41,143
158,1,778,7,049,138,569
139,1,5859,35,685,1005,258
457,1,218,4,935,43,803
481,1,204,4,939,40,579
127,0,1689,6,022,310,921
128,0,0,-1,000,0,000
406,1,488,6,245,90,376
458,1,197,4,941,39,351
629,1,574,5,828,98,427
482,1,218,4,833,41,395
397,1,476,6,248,91,118
155,1,744,7,172,133,751
612,1,1711,10,254,285,352
135,0,1643,6,641,277,586
630,1,202,4,939,40,330
459,1,238,5,429,41,787
483,1,213,4,828,40,363
159,1,681,7,186,130,090
631,1,191,4,943,38,150
407,1,510,6,847,100,460
460,1,202,4,939,40,582
613,1,308,5,205,49,998
398,1,444,6,264,83,568
484,1,264,4,921,48,772
140,1,835,7,749,154,602
614,1,188,4,944,38,354
461,1,230,4,931,43,035
632,1,285,4,915,44,650
129,0,884,2,823,171,068
130,0,0,-1,000,0,000
485,1,283,4,915,50,575
156,1,710,7,787,134,662
615,1,226,5,432,42,742
230,1,2494,12,479,430,140
633,1,233,4,930,43,358
462,1,271,4,919,45,605
408,1,522,6,233,94,751
399,1,468,6,360,87,761
160,1,702,7,582,135,020
486,1,244,4,927,42,723
616,1,193,4,942,38,144
157,0,242,0,952,60,210
634,1,196,4,941,38,754
463,0,316,0,937,70,618
464,0,0,-1,000,0,000
465,0,0,-2,000,0,000
487,0,245,-0,049,60,439
488,0,0,-1,000,0,000
489,0,0,-2,000,0,000
635,1,210,4,937,41,727
400,1,445,6,366,84,330
141,1,847,7,470,140,801
409,0,491,2,196,106,130
410,0,0,-1,000,0,000
411,0,0,-2,000,0,000
412,0,0,-3,000,0,000
136,0,1261,5,933,230,060
131,1,699,6,061,127,103
490,1,231,2,931,42,117
466,0,293,-1,559,67,888
467,0,0,-1,000,0,000
468,0,0,-2,000,0,000
636,1,234,4,829,45,631
617,1,551,5,835,100,924
231,1,777,7,267,149,666
161,1,676,7,090,127,872
158,1,691,7,293,133,665
469,1,206,2,938,40,206
491,1,239,4,824,44,737
637,1,221,4,825,39,794
401,0,391,1,922,90,813
402,0,0,-1,000,0,000
403,0,0,-2,000,0,000
404,0,0,-3,000,0,000
618,1,284,4,694,47,823
470,1,213,4,936,41,771
492,1,270,4,919,42,015
619,1,265,5,420,46,232
471,1,221,4,934,43,754
142,1,761,6,530,133,601
405,1,439,3,368,84,218
493,1,217,4,935,41,392
472,1,194,4,842,38,995
620,1,279,4,916,48,339
159,1,704,7,684,134,767
162,0,754,1,744,140,702
494,1,345,4,897,63,427
621,1,184,4,945,36,355
473,1,256,4,923,42,137
413,1,1236,7,188,222,836
622,1,222,4,933,43,154
495,1,249,4,810,43,485
474,1,215,4,936,41,396
232,1,1169,8,041,216,012
143,1,683,6,795,130,780
137,1,1479,12,246,263,409
623,1,205,4,939,40,818
496,1,205,4,939,40,003
475,1,202,5,439,38,559
163,1,712,6,459,129,148
160,1,755,7,069,136,617
414,1,550,6,335,100,784
134,0,3973,18,205,724,924
135,0,0,-1,000,0,000
497,1,219,4,934,41,636
624,1,238,4,929,40,336
93,0,5348,29,277,914,081
476,1,328,4,758,51,311
625,1,183,4,945,36,952
406,0,1237,6,148,231,172
407,0,0,-1,000,0,000
408,0,0,-2,000,0,000
409,0,0,-3,000,0,000
410,0,0,-4,000,0,000
411,0,0,-5,000,0,000
498,0,241,0,452,59,867
499,0,0,-1,000,0,000
500,0,0,-2,000,0,000
138,0,602,1,054,116,153
144,1,695,7,690,132,146
477,1,228,5,432,41,124
415,1,482,5,632,84,404
501,1,225,2,932,43,694
416,0,147,-0,029,42,735
417,0,0,-1,000,0,000
418,0,0,-2,000,0,000
419,0,0,-3,000,0,000
478,1,238,4,929,43,185
233,0,1015,2,797,197,024
234,0,0,-1,000,0,000
164,1,708,7,186,130,897
502,1,211,4,937,39,605
479,1,206,4,938,40,562
503,1,212,5,436,41,829
145,1,679,7,296,132,829
638,1,2466,19,011,429,551
480,1,211,4,937,41,122
420,1,422,3,873,82,757
504,1,193,4,942,37,869
132,1,2940,21,617,549,535
481,1,187,4,944,37,754
146,0,286,-0,706,57,257
147,0,0,-1,000,0,000
235,1,700,5,467,134,923
505,1,239,5,428,45,275
482,1,231,4,931,46,060
412,0,1233,1,153,234,181
413,0,0,-1,000,0,000
414,0,0,-2,000,0,000
415,0,0,-3,000,0,000
416,0,0,-4,000,0,000
417,0,0,-5,000,0,000
421,1,484,6,355,91,257
506,1,240,4,821,44,020
165,1,953,6,879,167,894
483,1,188,5,444,38,229
94,0,1699,8,931,302,418
484,1,201,4,940,40,343
507,1,257,4,923,46,030
639,1,855,8,744,155,810
148,1,708,6,086,131,748
485,1,209,4,937,41,225
236,1,748,6,762,135,557
508,1,245,4,927,43,890
640,1,218,4,730,40,957
166,1,674,7,676,124,943
486,1,230,4,931,45,689
509,1,196,4,941,39,155
641,1,223,4,933,42,630
139,0,2041,6,934,338,368
422,1,850,6,745,147,765
136,1,2404,14,112,427,050
510,1,216,4,935,41,391
642,1,239,4,928,45,031
149,0,679,2,364,136,750
150,0,0,-1,000,0,000
133,0,1554,5,689,271,655
511,1,231,4,724,41,664
626,1,2517,17,745,425,376
237,1,682,7,195,130,292
643,1,240,4,821,41,487
423,0,529,1,894,109,437
424,0,0,-1,000,0,000
425,0,0,-2,000,0,000
426,0,0,-3,000,0,000
140,0,630,2,874,129,362
487,1,694,6,792,124,943
627,1,238,5,429,45,888
512,1,290,4,913,54,552
167,1,778,7,667,142,595
137,0,657,3,369,127,399
138,0,0,-1,000,0,000
488,1,215,4,833,40,795
513,1,190,5,443,37,379
427,1,433,3,269,82,768
151,1,760,6,064,131,671
514,1,233,4,819,41,523
418,1,2045,11,287,368,453
238,1,789,6,652,139,398
134,1,874,7,738,156,168
515,1,194,4,942,38,870
168,0,622,0,652,125,224
141,1,750,7,670,139,480
95,0,1934,10,113,362,928
644,0,958,4,308,174,711
645,0,0,-1,000,0,000
646,0,0,-2,000,0,000
647,0,0,-3,000,0,000
648,0,0,-4,000,0,000
428,1,498,6,128,88,317
152,0,414,1,303,87,542
153,0,0,-1,000,0,000
516,1,257,4,810,44,821
419,1,442,5,867,87,829
161,1,4132,25,167,728,411
517,1,236,4,811,41,587
239,1,673,6,798,129,855
135,1,724,7,564,134,355
139,0,1293,5,741,254,094
140,0,0,-1,000,0,000
518,1,245,4,927,45,299
429,1,584,7,325,109,112
154,0,563,1,278,114,505
155,0,0,-1,000,0,000
142,1,732,7,463,131,683
420,1,496,5,851,88,014
519,1,238,4,929,45,924
162,0,604,1,016,117,268
240,0,571,1,886,119,614
430,1,494,6,250,92,807
421,1,453,6,364,86,638
169,1,1426,9,754,241,916
136,1,789,7,157,140,681
431,1,417,6,271,82,729
143,1,893,7,132,157,617
163,1,680,7,796,129,782
141,1,1134,9,160,200,159
241,1,758,7,455,133,914
432,1,438,6,369,83,157
520,1,1178,10,147,200,997
137,0,705,2,112,135,323
628,1,2876,19,137,492,246
242,0,465,1,907,103,889
243,0,0,-1,000,0,000
244,0,0,-2,000,0,000
245,0,0,-3,000,0,000
629,1,186,4,944,37,449
144,1,742,7,277,131,389
521,1,295,4,912,51,254
156,0,1738,5,727,309,028
157,0,0,-1,000,0,000
433,1,427,6,372,83,994
630,1,220,4,934,42,870
489,0,3131,13,432,500,791
490,0,0,-1,000,0,000
491,0,0,-2,000,0,000
522,1,249,4,925,45,289
422,0,1499,6,700,296,106
423,0,0,-1,000,0,000
424,0,0,-2,000,0,000
425,0,0,-3,000,0,000
426,0,0,-4,000,0,000
427,0,0,-5,000,0,000
631,1,188,4,944,37,346
492,0,143,-2,029,41,402
493,0,0,-1,000,0,000
494,0,0,-2,000,0,000
523,1,241,4,928,43,392
632,1,188,4,944,37,500
170,1,1543,12,122,279,563
138,1,831,7,948,152,267
158,0,514,0,797,107,101
159,0,0,-1,000,0,000
160,0,9827,53,040,1664,133
161,0,0,-1,000,0,000
495,1,267,2,719,45,210
145,1,697,6,976,126,840
524,1,248,4,809,41,073
633,1,206,4,938,39,806
428,0,446,-4,089,95,251
429,0,0,-1,000,0,000
430,0,0,-2,000,0,000
431,0,0,-3,000,0,000
432,0,0,-4,000,0,000
433,0,0,-5,000,0,000
496,1,216,4,935,42,430
434,1,845,5,746,154,525
649,1,3274,19,018,583,720
634,1,191,4,943,38,022
497,1,181,4,946,36,955
164,1,1751,10,372,305,691
650,1,195,4,942,38,014
635,1,219,4,934,40,976
171,1,655,7,303,126,369
434,0,440,-3,588,96,745
435,0,0,-1,000,0,000
436,0,0,-2,000,0,000
437,0,0,-3,000,0,000
438,0,0,-4,000,0,000
439,0,0,-5,000,0,000
160,0,649,1,762,132,132
161,0,0,-1,000,0,000
498,1,221,4,934,43,831
636,1,180,4,946,36,754
435,1,495,6,351,89,210
637,1,196,4,941,39,231
651,1,488,5,235,83,282
139,1,1101,7,231,194,055
638,1,222,5,433,41,979
499,1,521,6,344,84,474
525,1,1055,9,684,181,047
440,1,590,1,823,116,378
652,1,190,4,943,38,054
172,1,685,6,794,128,187
436,1,504,5,849,87,903
639,1,193,4,942,38,404
526,1,192,4,942,38,195
653,1,191,4,943,38,403
500,0,312,1,438,70,724
501,0,0,-1,000,0,000
502,0,0,-2,000,0,000
246,1,2200,13,599,407,686
640,1,203,5,439,39,745
441,1,485,6,254,91,121
503,1,221,2,934,42,121
437,0,378,0,424,88,065
438,0,0,-1,000,0,000
439,0,0,-2,000,0,000
440,0,0,-3,000,0,000
441,0,0,-4,000,0,000
442,0,0,-5,000,0,000
527,1,337,4,899,63,159
641,1,214,5,436,41,950
165,0,1382,5,200,257,172
166,0,0,-1,000,0,000
528,1,187,4,944,37,798
173,1,662,7,301,130,073
642,1,268,4,714,46,016
529,1,240,4,808,41,471
247,1,662,7,201,128,474
162,0,2214,11,057,385,222
163,0,0,-1,000,0,000
504,1,542,6,337,97,820
162,0,1622,6,066,293,004
163,0,0,-1,000,0,000
443,1,566,1,230,97,121
530,0,198,0,460,51,513
531,0,0,-1,000,0,000
532,0,0,-2,000,0,000
505,1,221,4,934,44,029
167,1,674,6,298,132,893
643,1,535,5,840,97,638
533,1,261,2,922,46,481
174,1,704,6,580,130,198
506,1,241,4,808,41,934
140,1,1682,10,996,293,683
164,0,517,1,289,107,124
165,0,0,-1,000,0,000
146,0,2712,12,957,491,706
644,1,220,4,934,42,243
534,1,222,4,833,43,071
248,1,684,7,795,130,356
442,1,1210,8,637,231,723
507,1,260,4,922,43,182
645,1,247,4,926,46,127
535,1,211,4,937,41,578
168,1,712,6,674,127,924
646,1,194,4,942,37,803
536,1,192,4,942,37,555
508,1,349,5,395,63,132
654,1,1946,12,416,339,549
443,1,473,5,858,90,610
175,1,782,7,056,140,065
537,1,205,4,939,40,597
647,1,234,4,930,44,603
166,0,712,2,051,141,065
167,0,0,-1,000,0,000
509,1,194,4,842,37,903
655,1,206,5,438,40,616
147,1,777,7,767,139,533
249,1,726,6,661,131,396
538,1,217,4,834,41,045
648,1,213,4,936,42,127
510,1,190,4,943,37,004
656,1,191,4,943,37,528
444,0,1493,7,380,285,791
445,0,0,-1,000,0,000
446,0,0,-2,000,0,000
447,0,0,-3,000,0,000
444,1,471,5,754,89,329
649,1,191,4,943,38,169
539,1,213,4,936,41,006
148,0,316,0,437,68,871
169,1,685,7,294,134,375
511,1,216,4,935,41,655
657,1,196,4,941,38,350
540,1,187,4,944,36,684
512,1,215,4,936,40,673
650,1,287,5,414,47,190
658,1,240,4,928,41,989
176,1,779,6,745,136,966
448,1,453,3,146,85,504
168,0,782,2,930,155,599
541,1,227,5,432,43,128
445,1,460,5,658,89,091
659,1,184,4,945,36,854
149,0,572,1,244,113,207
651,1,303,4,798,46,649
542,1,226,4,932,42,871
660,1,191,5,443,37,798
449,0,426,0,415,85,342
450,0,0,-1,000,0,000
451,0,0,-2,000,0,000
452,0,0,-3,000,0,000
453,0,0,-4,000,0,000
454,0,0,-5,000,0,000
652,1,216,4,835,40,397
170,1,791,7,055,136,530
446,0,399,0,920,78,607
447,0,0,-1,000,0,000
448,0,0,-2,000,0,000
449,0,0,-3,000,0,000
450,0,0,-4,000,0,000
451,0,0,-5,000,0,000
141,1,1982,14,905,330,644
150,0,277,0,445,64,974
661,1,191,4,943,37,754
543,1,293,4,912,47,140
653,1,261,4,803,45,638
662,1,260,4,922,43,827
654,1,238,4,829,45,397
513,1,1121,9,164,192,775
663,1,244,4,927,42,620
655,1,216,4,935,41,403
664,0,146,-0,029,42,105
665,0,0,-1,000,0,000
666,0,0,-2,000,0,000
667,0,0,-3,000,0,000
668,0,0,-4,000,0,000
452,0,713,-2,143,129,755
453,0,0,-1,000,0,000
454,0,0,-2,000,0,000
455,0,0,-3,000,0,000
456,0,0,-4,000,0,000
457,0,0,-5,000,0,000
171,1,741,7,042,129,494
151,0,767,3,347,154,411
514,1,301,4,270,48,555
544,0,753,3,849,156,108
545,0,0,-1,000,0,000
546,0,0,-2,000,0,000
669,1,193,0,942,38,569
656,1,211,4,937,40,728
547,1,208,2,938,40,559
515,1,229,4,931,42,701
670,1,207,4,938,41,076
657,1,205,4,939,40,464
119,0,1568,6,159,280,918
548,1,212,4,936,41,573
516,1,205,4,939,40,429
658,1,215,4,833,42,008
671,1,223,4,933,43,041
172,1,684,7,586,126,478
549,1,231,4,931,41,534
169,1,1956,13,893,343,047
517,1,242,4,827,45,225
672,1,216,4,935,41,854
659,1,262,4,819,46,113
142,0,7505,42,511,1382,591
143,0,0,-1,000,0,000
455,1,1686,6,494,299,343
142,1,1654,12,403,303,379
550,1,220,4,934,43,582
518,1,247,4,926,44,310
660,1,195,4,942,38,818
673,1,269,4,919,43,904
551,1,181,4,946,36,767
458,0,1216,-0,243,221,041
459,0,0,-1,000,0,000
460,0,0,-2,000,0,000
461,0,0,-3,000,0,000
462,0,0,-4,000,0,000
463,0,0,-5,000,0,000
661,1,238,5,429,43,814
674,1,218,4,835,44,062
456,1,451,6,865,85,672
552,1,220,4,833,43,728
177,1,2708,18,057,495,054
662,1,212,4,936,41,057
675,1,269,4,919,43,356
143,0,648,2,870,133,331
152,1,1531,12,541,277,067
553,1,221,4,934,44,723
250,1,3544,21,727,622,090
464,0,536,-4,107,103,249
465,0,0,-1,000,0,000
466,0,0,-2,000,0,000
467,0,0,-3,000,0,000
468,0,0,-4,000,0,000
469,0,0,-5,000,0,000
663,1,248,4,724,48,075
676,1,218,4,935,41,077
457,1,470,5,859,87,377
554,1,290,4,913,53,365
664,1,268,4,803,44,725
677,1,258,4,923,42,755
170,1,1268,11,620,241,428
555,1,228,4,814,41,947
665,1,193,4,942,38,154
178,1,730,7,781,136,195
153,1,681,7,694,129,984
458,1,462,6,261,87,328
678,1,265,4,921,44,810
144,1,732,7,280,135,301
556,1,218,4,723,40,668
666,1,221,5,434,43,203
679,1,207,4,938,40,329
251,1,852,7,744,156,386
667,1,204,4,939,40,582
557,1,289,4,811,45,502
680,1,248,4,926,42,688
519,1,1728,13,982,301,731
668,1,192,4,942,37,954
173,1,2170,16,349,409,345
459,0,569,1,141,116,114
460,0,0,-1,000,0,000
461,0,0,-2,000,0,000
462,0,0,-3,000,0,000
558,1,221,4,934,41,244
179,1,655,8,182,123,637
154,1,686,7,188,130,474
520,1,193,5,442,38,535
681,1,207,4,938,40,549
669,1,213,4,836,41,128
559,1,213,4,936,42,954
470,1,1386,6,584,244,357
682,1,231,4,931,42,752
521,1,263,4,921,43,266
560,1,218,4,935,42,203
670,0,321,0,819,68,535
671,0,0,-1,000,0,000
672,0,0,-2,000,0,000
673,0,0,-3,000,0,000
674,0,0,-4,000,0,000
463,1,503,3,624,93,835
683,1,203,4,939,40,628
522,1,197,4,941,39,431
145,0,1172,4,666,225,830
561,1,196,4,941,39,031
684,1,207,5,335,39,390
675,0,253,-3,051,63,562
676,0,0,-1,000,0,000
677,0,0,-2,000,0,000
678,0,0,-3,000,0,000
679,0,0,-4,000,0,000
523,1,193,4,942,39,354
562,1,226,4,932,43,623
155,1,775,7,142,132,165
685,1,201,5,440,40,289
524,1,276,4,806,44,172
563,0,256,0,949,63,366
564,0,0,-1,000,0,000
565,0,0,-2,000,0,000
686,1,276,4,917,44,975
174,1,1310,11,298,243,748
680,0,573,-2,331,111,191
681,0,0,-1,000,0,000
682,0,0,-2,000,0,000
683,0,0,-3,000,0,000
684,0,0,-4,000,0,000
146,0,744,1,744,147,305
687,1,196,4,941,39,803
525,1,495,6,135,83,989
685,1,214,1,436,41,754
471,1,1314,8,452,224,254
156,1,706,7,179,129,246
180,1,1608,10,483,278,229
566,1,518,4,845,93,720
252,0,1933,10,613,361,017
253,0,0,-1,000,0,000
164,0,7798,43,943,1326,341
165,0,0,-1,000,0,000
686,1,211,4,937,40,857
526,1,243,4,813,44,256
567,1,190,5,443,37,654
688,1,438,5,869,76,136
171,1,2681,14,512,459,615
144,0,3939,21,409,742,332
175,1,646,7,306,126,431
145,0,0,-1,000,0,000
472,1,459,6,147,85,039
568,1,214,4,936,41,469
689,1,191,4,943,38,003
527,1,304,4,909,45,114
464,0,1656,7,722,304,188
465,0,0,-1,000,0,000
466,0,0,-2,000,0,000
467,0,0,-3,000,0,000
569,1,193,4,942,38,803
147,1,873,7,385,145,965
157,1,710,7,483,130,925
528,1,274,4,918,52,038
570,1,186,5,444,37,672
473,1,448,6,366,87,155
690,1,435,4,870,81,067
181,1,932,7,617,159,421
571,1,179,4,946,36,164
529,1,274,4,918,44,409
176,1,675,8,297,129,820
687,1,886,7,734,150,254
691,1,221,4,934,41,750
572,1,195,4,842,38,936
146,0,842,2,523,169,152
147,0,0,-1,000,0,000
688,1,231,4,812,41,420
692,1,207,4,938,40,916
474,1,440,6,368,84,018
148,1,679,7,685,124,287
530,1,306,4,592,52,317
573,1,209,4,937,40,931
158,1,735,8,780,141,305
689,1,182,4,945,36,855
172,1,1176,7,647,210,514
531,1,212,4,936,42,282
693,1,267,4,405,46,322
574,1,215,4,831,40,700
182,1,684,7,691,134,032
690,1,272,4,918,45,855
532,1,185,4,945,36,803
468,1,1191,6,202,218,323
177,1,748,6,555,140,316
694,1,210,4,937,41,436
575,1,237,4,816,41,214
475,0,557,1,389,119,488
476,0,0,-1,000,0,000
477,0,0,-2,000,0,000
478,0,0,-3,000,0,000
479,0,0,-4,000,0,000
480,0,0,-5,000,0,000
691,1,199,4,940,40,626
533,1,215,4,936,42,367
149,1,662,7,301,127,956
695,1,283,4,915,47,096
576,1,256,4,923,44,307
534,1,213,4,936,41,187
159,1,728,7,682,133,211
469,1,446,5,765,85,368
692,1,297,4,911,49,366
696,1,192,4,942,38,750
183,1,664,6,801,128,970
535,1,198,4,941,39,728
150,0,405,1,419,88,821
178,1,679,7,196,127,485
697,1,213,5,436,41,102
536,1,227,4,932,44,954
577,1,512,6,846,93,771
151,0,408,1,418,87,934
120,1,6876,39,688,1166,563
537,1,263,4,921,43,756
578,1,290,4,913,55,763
184,1,704,8,289,137,028
160,1,856,6,627,150,225
538,1,210,4,937,41,795
693,1,847,6,246,152,056
481,0,1198,0,260,226,404
482,0,0,-1,000,0,000
483,0,0,-2,000,0,000
484,0,0,-3,000,0,000
485,0,0,-4,000,0,000
486,0,0,-5,000,0,000
254,0,3059,16,688,564,945
255,0,0,-1,000,0,000
579,1,206,4,938,40,565
152,0,402,1,420,87,587
179,1,789,7,656,140,409
539,1,189,4,943,37,559
173,0,1836,7,721,355,476
174,0,0,-1,000,0,000
694,1,229,4,931,46,918
580,1,281,4,816,44,491
487,0,325,-4,565,75,983
488,0,0,-1,000,0,000
489,0,0,-2,000,0,000
490,0,0,-3,000,0,000
491,0,0,-4,000,0,000
492,0,0,-5,000,0,000
695,1,211,5,437,42,014
698,1,1071,10,354,186,005
581,1,206,4,938,39,429
185,1,637,7,809,124,433
540,1,460,5,862,79,230
696,1,230,4,824,40,347
161,1,756,7,665,139,537
699,1,223,5,433,44,630
121,1,1000,9,174,169,750
582,1,294,5,412,56,583
493,0,519,-3,727,110,775
494,0,0,-1,000,0,000
495,0,0,-2,000,0,000
496,0,0,-3,000,0,000
497,0,0,-4,000,0,000
498,0,0,-5,000,0,000
541,1,240,4,928,46,623
697,1,224,4,933,43,818
180,1,768,6,544,134,331
583,1,211,4,834,42,118
153,0,967,3,974,191,748
698,1,250,4,805,43,407
542,1,268,4,920,44,568
700,1,457,4,863,82,680
186,1,635,7,309,124,441
584,1,256,4,923,46,319
701,1,194,4,942,39,271
543,1,224,4,831,43,399
162,1,805,7,147,141,936
544,1,199,4,940,39,884
702,1,239,5,428,46,414
166,0,4578,22,854,805,662
167,0,0,-1,000,0,000
585,1,378,4,754,63,554
703,1,179,4,946,36,155
187,1,744,6,569,135,418
586,1,310,4,778,44,771
704,1,214,4,936,42,203
699,1,870,8,739,147,482
499,0,1251,0,750,240,559
500,0,0,-1,000,0,000
501,0,0,-2,000,0,000
502,0,0,-3,000,0,000
503,0,0,-4,000,0,000
504,0,0,-5,000,0,000
587,1,209,4,937,41,267
700,1,184,4,945,36,638
163,0,693,2,361,140,107
705,1,308,5,408,57,386
505,0,315,-4,563,74,322
506,0,0,-1,000,0,000
507,0,0,-2,000,0,000
508,0,0,-3,000,0,000
509,0,0,-4,000,0,000
510,0,0,-5,000,0,000
701,1,221,4,934,43,483
706,1,228,4,932,41,633
702,1,193,4,942,38,728
188,1,654,7,804,126,220
707,1,191,4,943,38,803
511,0,313,-4,563,73,347
512,0,0,-1,000,0,000
513,0,0,-2,000,0,000
514,0,0,-3,000,0,000
515,0,0,-4,000,0,000
516,0,0,-5,000,0,000
588,1,622,5,813,108,146
703,1,212,4,936,41,343
164,0,685,2,263,136,541
154,1,1790,14,350,335,001
704,0,109,-1,022,28,203
705,0,0,-1,000,0,000
706,0,0,-2,000,0,000
707,0,0,-3,000,0,000
708,0,0,-4,000,0,000
589,1,209,4,937,40,367
708,1,333,4,900,60,956
168,0,1412,5,718,273,527
169,0,0,-1,000,0,000
545,1,1524,13,043,275,752
175,1,2883,17,012,521,077
517,0,445,-4,089,97,306
518,0,0,-1,000,0,000
519,0,0,-2,000,0,000
520,0,0,-3,000,0,000
521,0,0,-4,000,0,000
522,0,0,-5,000,0,000
590,1,189,4,943,37,831
709,0,287,-4,707,59,653
710,0,0,-1,000,0,000
711,0,0,-2,000,0,000
712,0,0,-3,000,0,000
713,0,0,-4,000,0,000
709,1,208,4,938,41,154
546,1,226,4,830,42,370
591,1,189,5,342,37,472
181,0,2461,13,392,467,577
182,0,0,-1,000,0,000
714,1,222,0,933,41,573
710,1,194,4,942,39,003
155,1,642,7,807,125,955
189,1,929,8,612,172,431
547,1,232,4,818,41,775
523,1,463,1,261,87,739
711,1,207,4,938,40,441
592,1,260,4,922,43,880
183,0,289,-0,558,68,489
184,0,0,-1,000,0,000
715,1,315,5,405,59,564
548,1,216,4,935,41,357
176,1,726,7,055,131,522
712,1,204,5,439,40,594
716,1,189,4,943,38,328
549,1,233,4,930,43,150
165,0,1131,3,570,215,644
713,1,190,4,943,38,559
524,1,456,6,259,85,565
256,1,4068,24,779,708,767
148,0,5972,32,734,1088,843
149,0,0,-1,000,0,000
717,1,219,5,434,41,455
190,1,630,7,311,124,533
156,1,658,7,303,127,120
550,1,218,4,830,40,714
714,1,197,4,941,38,749
185,1,679,6,796,130,345
718,1,221,4,723,42,306
551,1,197,4,941,39,354
715,1,211,4,937,41,496
525,1,413,6,376,81,661
719,1,230,4,931,44,178
552,1,224,4,933,44,128
177,1,817,8,149,150,964
716,1,191,4,943,37,729
593,1,1080,9,176,175,624
257,1,656,7,303,128,765
720,1,216,4,935,42,698
191,0,661,2,167,132,788
192,0,0,-1,000,0,000
553,1,203,4,939,41,354
157,1,654,7,304,127,287
717,1,214,4,936,41,567
594,1,212,4,833,42,373
526,0,461,0,793,90,576
527,0,0,-1,000,0,000
528,0,0,-2,000,0,000
529,0,0,-3,000,0,000
530,0,0,-4,000,0,000
531,0,0,-5,000,0,000
554,1,210,4,937,41,896
721,1,258,4,923,42,335
718,1,223,4,933,44,177
158,0,262,-0,735,47,747
170,0,2083,10,083,376,044
171,0,0,-1,000,0,000
186,1,821,6,754,153,373
595,1,251,4,925,48,428
555,1,215,4,936,41,308
722,1,214,4,936,42,071
719,1,231,4,818,41,320
178,1,676,7,797,125,191
258,0,647,3,167,138,433
259,0,0,-1,000,0,000
260,0,0,-2,000,0,000
159,0,299,0,340,69,567
532,0,497,-3,517,102,964
533,0,0,-1,000,0,000
534,0,0,-2,000,0,000
535,0,0,-3,000,0,000
536,0,0,-4,000,0,000
537,0,0,-5,000,0,000
723,1,205,4,939,40,999
193,0,703,0,637,136,297
194,0,0,-1,000,0,000
556,1,275,4,918,45,113
122,1,4925,25,799,870,995
724,1,235,4,827,46,377
557,1,221,4,825,40,326
160,0,373,1,318,84,348
187,1,705,7,288,130,373
538,1,462,1,755,85,390
725,1,222,4,833,43,112
179,1,646,7,306,127,006
596,0,774,4,345,154,599
597,0,0,-1,000,0,000
598,0,0,-2,000,0,000
558,1,258,4,923,42,450
726,1,217,4,935,43,083
123,0,504,0,754,92,797
559,1,222,4,827,41,691
161,0,486,1,796,98,923
195,1,773,5,943,133,312
599,1,333,3,400,65,881
560,1,187,4,944,38,154
727,1,256,4,923,41,995
539,1,536,5,839,87,136
600,1,186,4,944,37,004
720,1,1250,10,202,220,356
728,0,267,0,947,65,447
729,0,0,-1,000,0,000
730,0,0,-2,000,0,000
731,0,0,-3,000,0,000
732,0,0,-4,000,0,000
561,1,279,4,916,45,378
180,1,765,7,165,138,315
188,1,839,8,132,154,047
601,1,254,4,924,43,217
721,1,198,5,441,39,254
124,1,672,7,298,129,575
540,0,408,1,418,89,439
541,0,0,-1,000,0,000
542,0,0,-2,000,0,000
543,0,0,-3,000,0,000
544,0,0,-4,000,0,000
545,0,0,-5,000,0,000
733,1,211,0,337,40,375
562,1,240,4,808,42,214
602,1,211,4,837,40,178
722,1,204,4,939,39,598
196,1,736,7,779,137,117
734,1,213,4,936,40,791
563,1,211,4,937,40,542
603,1,200,4,940,39,829
723,1,295,4,912,46,657
98,0,3233,18,022,565,126
546,1,436,1,369,83,669
735,1,211,4,937,41,540
604,1,185,4,945,36,954
564,1,211,4,937,42,554
724,1,188,4,944,37,728
189,1,734,7,170,134,775
181,1,741,6,778,132,592
162,0,1247,5,512,221,899
565,1,187,4,944,37,754
605,1,218,4,826,41,462
736,1,235,4,930,46,496
725,1,201,5,440,39,469
547,0,401,0,920,89,014
548,0,0,-1,000,0,000
549,0,0,-2,000,0,000
550,0,0,-3,000,0,000
551,0,0,-4,000,0,000
552,0,0,-5,000,0,000
197,1,692,7,188,131,135
606,1,218,4,935,43,728
737,1,225,4,933,44,003
566,1,253,5,300,45,901
163,0,315,0,437,72,585
726,1,259,4,922,42,936
125,0,1055,4,683,199,222
607,1,215,4,936,43,084
738,1,210,4,937,41,196
567,1,212,4,936,41,554
164,0,195,-0,676,43,405
727,1,188,4,944,37,795
553,0,422,-3,584,91,067
554,0,0,-1,000,0,000
555,0,0,-2,000,0,000
556,0,0,-3,000,0,000
557,0,0,-4,000,0,000
558,0,0,-5,000,0,000
190,1,657,7,303,129,771
150,0,4064,20,625,752,683
151,0,0,-1,000,0,000
608,1,207,4,938,40,969
739,1,257,5,423,46,071
568,1,263,4,921,45,050
728,1,227,4,827,42,293
198,1,660,7,802,128,368
609,1,234,4,930,44,026
569,1,221,4,934,43,578
740,1,263,4,921,45,451
729,1,242,4,927,47,277
610,1,222,4,933,43,684
126,0,824,3,726,160,310
730,1,181,4,946,36,403
741,1,228,4,932,42,522
570,1,260,4,922,45,170
191,1,714,7,064,130,341
165,0,888,4,322,175,233
559,0,791,-1,658,161,900
560,0,0,-1,000,0,000
561,0,0,-2,000,0,000
562,0,0,-3,000,0,000
563,0,0,-4,000,0,000
564,0,0,-5,000,0,000
571,0,198,-0,182,43,445
572,0,0,-1,000,0,000
573,0,0,-2,000,0,000
731,1,226,4,825,42,095
742,1,230,4,931,44,247
611,1,357,4,893,63,952
743,1,183,5,445,37,157
574,1,221,2,822,40,257
732,1,222,4,933,40,925
612,1,190,4,943,38,355
199,1,992,8,602,184,483
733,1,201,4,940,38,941
744,1,233,4,824,43,836
575,1,263,4,921,44,556
734,1,204,4,939,41,403
166,0,5589,26,578,1000,586
576,1,190,4,943,38,128
613,1,459,6,362,81,566
745,1,267,4,920,43,050
166,1,767,7,659,136,284
152,0,1523,7,491,298,888
153,0,0,-1,000,0,000
735,1,232,4,930,44,137
577,1,224,5,833,43,753
614,1,215,4,936,43,054
200,1,654,7,697,127,097
578,1,192,4,942,38,354
565,0,1157,0,269,227,178
566,0,0,-1,000,0,000
567,0,0,-2,000,0,000
568,0,0,-3,000,0,000
569,0,0,-4,000,0,000
570,0,0,-5,000,0,000
736,1,239,4,819,43,383
615,1,355,5,893,62,952
167,0,657,2,369,134,016
579,1,216,4,935,41,621
737,1,210,4,937,42,658
167,1,642,7,307,126,357
571,0,294,-4,559,66,706
572,0,0,-1,000,0,000
573,0,0,-2,000,0,000
574,0,0,-3,000,0,000
575,0,0,-4,000,0,000
576,0,0,-5,000,0,000
580,1,203,5,439,38,944
616,1,263,4,793,41,305
738,1,230,4,931,42,733
154,0,886,3,095,173,524
155,0,0,-1,000,0,000
577,0,268,-5,054,65,381
578,0,0,-1,000,0,000
579,0,0,-2,000,0,000
580,0,0,-3,000,0,000
581,0,0,-4,000,0,000
582,0,0,-5,000,0,000
581,1,236,4,820,41,769
617,1,221,4,830,40,720
739,1,210,4,937,41,196
618,1,185,4,945,37,471
127,0,2171,10,566,408,202
168,0,679,2,255,136,059
740,1,217,4,935,43,354
582,1,241,4,815,42,368
192,1,2159,14,513,374,081
583,0,391,-3,578,90,673
584,0,0,-1,000,0,000
585,0,0,-2,000,0,000
586,0,0,-3,000,0,000
587,0,0,-4,000,0,000
588,0,0,-5,000,0,000
619,1,198,5,341,39,564
168,0,790,2,842,150,761
741,1,202,4,939,39,803
583,1,195,4,942,38,554
742,1,190,4,943,38,077
584,1,204,5,337,40,218
169,0,268,-0,054,63,316
261,1,6062,35,225,1102,713
