Episode,Success,Steps,Reward,PathDistance
0,0,114,-0.02279998,32.90769
0,0,117,-0.02339998,30.97262
0,0,134,-0.02679997,32.42151
0,0,141,-0.02819997,33.87539
1,0,0,0,0
1,0,0,0,0
1,0,0,0,0
1,0,0,0,0
0,0,142,-0.02839997,35.09033
0,0,147,-0.02939996,35.47816
0,0,149,-0.02979996,34.69018
1,0,0,0,0
1,0,0,0,0
1,0,0,0,0
1,0,0,0,0
1,0,0,0,0
0,0,157,-0.03139996,34.08371
1,0,0,0,0
1,0,0,0,0
0,0,161,0.4677999,38.20871
1,0,0,0,0
0,0,176,-0.03519996,37.39033
1,0,0,0,0
1,0,0,0,0
1,0,0,0,0
1,0,0,0,0
0,0,193,-0.03859995,37.26987
1,0,0,0,0
1,0,0,0,0
0,0,267,-0.05339992,42.16747
1,0,0,0,0
1,0,0,0,0
1,0,132,-5.026373,32.32623
2,0,0,0,0
2,0,0,0,0
2,0,0,0,0
1,0,149,-0.02979996,36.30703
1,0,146,-0.02919997,34.50455
1,0,142,-2.028405,32.2056
1,0,213,-0.04259994,39.45543
0,0,335,0.4329994,53.49721
1,0,200,-4.039959,38.97689
2,0,0,0,0
2,0,0,0,0
2,0,0,0,0
2,0,0,0,0
0,0,355,0.4289994,51.53637
1,0,0,0,0
1,0,0,0,0
1,0,0,0,0
1,0,0,0,0
1,0,0,0,0
0,0,372,0.4255993,56.4136
1,0,251,0.4497997,42.70625
2,0,124,-0.02479997,31.17453
1,0,313,0.9374015,51.29162
0,0,436,0.4127993,62.38458
1,0,0,0,0
2,0,161,-3.032205,36.93871
3,0,0,0,0
3,0,0,0,0
3,0,0,0,0
2,0,147,-0.02939996,34.4903
1,0,282,-1.556409,46.06796
2,0,0,0,0
2,0,0,0,0
2,0,151,-4.030169,33.90686
3,0,0,0,0
3,0,0,0,0
3,0,0,0,0
3,0,0,0,0
1,0,134,-0.02679997,32.65931
2,0,218,-0.04359994,40.1819
3,0,0,0,0
1,0,180,-0.03599995,37.90758
1,0,356,-3.571177,56.35578
2,0,0,0,0
2,0,0,0,0
2,0,0,0,0
2,0,0,0,0
3,0,168,-0.03359996,32.49859
2,0,119,-2.023804,31.9909
3,0,0,0,0
3,0,0,0,0
2,0,169,-0.03379996,33.32718
3,0,131,-4.026173,33.32253
4,0,0,0,0
4,0,0,0,0
4,0,0,0,0
4,0,0,0,0
2,0,118,-0.02359997,30.96012
3,0,157,-0.03139996,34.94827
3,0,195,-3.039006,37.77533
4,0,0,0,0
4,0,0,0,0
4,0,0,0,0
3,0,193,-1.038606,40.72825
1,0,572,-0.1144045,76.0593
2,0,0,0,0
1,0,298,-1.05961,48.74396
2,0,0,0,0
1,0,478,-1.595616,70.56575
2,0,0,0,0
2,0,0,0,0
2,0,259,-0.05179993,46.09967
3,0,153,-0.03059996,36.51036
1,0,435,-4.186911,64.5508
2,0,0,0,0
2,0,0,0,0
2,0,0,0,0
4,0,162,-0.03239996,36.43651
2,0,266,-3.553178,48.46391
3,0,0,0,0
3,0,0,0,0
3,0,0,0,0
3,0,0,0,0
3,0,207,-1.541407,42.95954
4,0,0,0,0
4,0,0,0,0
2,0,512,0.6808014,72.39894
3,0,0,0,0
3,0,219,-0.04379994,40.5948
4,0,183,-3.036606,39.14641
5,0,0,0,0
5,0,0,0,0
5,0,0,0,0
5,0,0,0,0
5,0,0,0,0
4,0,233,-4.046552,40.44202
5,0,0,0,0
5,0,0,0,0
5,0,0,0,0
5,0,0,0,0
2,0,466,0.9068058,68.51683
3,0,0,0,0
4,0,303,0.4393997,45.69246
5,0,0,0,0
2,0,153,-1.030605,33.59543
2,0,172,-1.034406,35.5986
4,0,215,-0.04299994,42.82705
5,0,0,0,0
3,0,119,-1.023804,31.02775
4,0,0,0,0
4,0,0,0,0
5,0,118,-5.023576,32.34724
6,0,0,0,0
6,0,0,0,0
6,0,0,0,0
4,0,131,-0.02619997,31.63531
5,0,200,-0.03999995,35.76661
4,0,195,-2.039006,36.41239
5,0,0,0,0
5,0,0,0,0
2,0,260,-2.052009,47.45479
3,0,0,0,0
3,0,0,0,0
5,0,132,-1.026404,33.03476
5,0,155,-4.030968,32.44686
6,0,0,0,0
6,0,0,0,0
6,0,0,0,0
6,0,0,0,0
3,0,174,-1.034806,37.4578
4,0,0,0,0
5,0,114,-0.02279998,32.618
2,0,284,-2.556809,48.31873
3,0,0,0,0
3,0,0,0,0
3,0,0,0,0
3,0,0,0,0
3,0,0,0,0
3,0,173,-0.03459996,38.57526
4,0,159,-2.031805,31.49462
5,0,0,0,0
5,0,0,0,0
3,0,209,-0.04179994,40.63058
4,0,0,0,0
6,0,118,-0.02359997,31.95199
3,0,118,-2.023604,31.20445
4,0,0,0,0
4,0,0,0,0
5,0,130,-2.026004,33.64624
6,0,0,0,0
6,0,0,0,0
4,0,356,0.9288013,54.11547
6,0,130,-0.02599997,35.01944
3,0,360,-3.071978,58.62071
4,0,0,0,0
4,0,0,0,0
4,0,0,0,0
4,0,0,0,0
4,0,151,-1.030205,34.66411
5,0,273,-0.5546035,46.88302
6,0,0,0,0
4,0,151,-0.03019996,33.28644
3,0,182,-5.036363,38.32396
4,0,0,0,0
4,0,0,0,0
4,0,0,0,0
4,0,0,0,0
4,0,0,0,0
6,0,248,-2.760376,42.91171
7,0,0,0,0
7,0,0,0,0
7,0,0,0,0
7,0,0,0,0
3,0,487,1.4026,72.08189
5,0,134,-0.02679997,32.10361
6,0,330,-2.566011,50.33073
7,0,0,0,0
7,0,0,0,0
7,0,0,0,0
7,0,137,-0.02739997,32.93347
7,0,178,-0.03559995,37.11827
4,0,214,-1.042807,40.11589
5,0,0,0,0
6,0,201,-2.040207,39.47676
7,0,0,0,0
7,0,0,0,0
6,0,145,-1.029005,34.41109
4,0,219,-2.043807,39.713
5,0,0,0,0
5,0,0,0,0
4,0,208,-4.041557,37.79606
5,0,0,0,0
5,0,0,0,0
5,0,0,0,0
5,0,0,0,0
7,0,110,-4.021977,32.78322
8,0,0,0,0
8,0,0,0,0
8,0,0,0,0
8,0,0,0,0
6,0,311,1.437798,54.89997
4,0,126,-0.02519997,33.36803
5,0,308,-1.56161,49.71962
6,0,0,0,0
6,0,0,0,0
6,0,0,0,0
8,0,144,-0.02879997,36.09468
4,0,256,-4.551147,44.89169
5,0,0,0,0
5,0,0,0,0
5,0,0,0,0
8,0,235,0.3301992,44.76561
9,0,0,0,0
5,0,371,0.4257993,55.90189
7,0,289,-2.55781,51.98793
8,0,0,0,0
8,0,0,0,0
8,0,0,0,0
8,0,0,0,0
8,0,0,0,0
5,0,217,-4.043355,37.18328
6,0,0,0,0
6,0,0,0,0
6,0,0,0,0
6,0,0,0,0
5,0,224,0.4551998,41.15691
5,0,388,0.4223993,56.35471
8,0,251,-3.550173,42.55733
9,0,0,0,0
9,0,0,0,0
9,0,0,0,0
9,0,0,0,0
5,0,321,-0.5642041,50.79137
6,0,0,0,0
6,0,370,0.9260018,55.4173
6,0,272,-2.554409,47.35999
7,0,0,0,0
7,0,0,0,0
7,0,0,0,0
6,0,154,-0.03079996,33.72516
7,0,0,0,0
5,0,197,-3.039407,37.54654
6,0,0,0,0
6,0,0,0,0
6,0,0,0,0
8,0,154,-5.030768,35.71363
9,0,0,0,0
9,0,0,0,0
9,0,0,0,0
9,0,0,0,0
9,0,0,0,0
5,1,376,2.887187,44.90897
9,0,109,-4.021778,31.31598
10,0,0,0,0
10,0,0,0,0
10,0,0,0,0
10,0,0,0,0
7,1,407,2.877887,39.5031
6,0,120,-1.024004,32.58318
7,0,380,0.4239992,56.73826
9,0,324,0.4351997,51.41265
7,0,454,0.4091995,58.40817
8,0,0,0,0
6,0,184,-0.03679995,37.03333
6,0,258,-3.551581,45.14714
7,0,0,0,0
7,0,0,0,0
7,0,0,0,0
7,0,0,0,0
9,0,393,-0.07860012,55.91391
10,0,0,0,0
6,0,201,-3.040207,37.53582
7,0,0,0,0
7,0,0,0,0
7,0,0,0,0
8,0,188,-0.03759995,38.07269
9,0,0,0,0
9,0,0,0,0
8,0,197,-0.03939995,35.83706
7,0,302,-2.56041,44.9821
8,0,0,0,0
8,0,0,0,0
8,0,0,0,0
7,0,117,-3.023404,32.64377
8,0,0,0,0
8,0,0,0,0
8,0,0,0,0
8,0,0,0,0
8,0,0,0,0
6,0,319,0.4361993,54.51479
7,0,0,0,0
7,0,0,0,0
7,0,292,0.4415997,47.11935
8,0,315,-0.5630035,50.06656
9,0,0,0,0
7,0,398,-0.07960381,55.61539
8,0,0,0,0
7,0,359,0.928202,53.74828
8,0,0,0,0
7,0,504,0.8992075,67.57431
8,0,115,-5.022976,32.16007
9,0,0,0,0
9,0,0,0,0
9,0,0,0,0
10,0,422,-3.190383,59.81107
11,0,0,0,0
11,0,0,0,0
11,0,0,0,0
11,0,0,0,0
9,0,211,-0.04219994,39.60745
7,0,336,-3.567175,48.82939
8,0,0,0,0
8,0,0,0,0
8,0,0,0,0
8,0,0,0,0
8,0,210,-3.042007,39.78189
9,0,0,0,0
9,0,0,0,0
9,0,0,0,0
7,0,198,-2.039607,37.5653
8,0,0,0,0
8,0,0,0,0
6,0,648,1.251201,84.21087
7,0,0,0,0
8,0,157,-1.031405,34.06841
9,0,0,0,0
8,0,178,-1.035606,35.99386
9,0,168,-3.033606,37.31776
10,0,0,0,0
10,0,0,0,0
10,0,0,0,0
9,0,684,-4.239659,84.82164
10,0,0,0,0
10,0,0,0,0
10,0,0,0,0
10,0,0,0,0
10,0,0,0,0
8,0,229,-3.545771,41.25105
9,0,0,0,0
9,0,0,0,0
9,0,0,0,0
9,0,0,0,0
8,0,324,0.4351993,54.54127
9,1,494,2.851784,44.90097
9,0,311,-0.5622044,48.49224
10,0,0,0,0
10,0,522,-0.2242017,66.03529
10,0,155,-3.031005,34.98402
11,0,0,0,0
11,0,0,0,0
11,0,0,0,0
9,0,180,-0.03599995,36.47089
10,0,0,0,0
10,0,148,-5.02957,32.71951
11,0,0,0,0
11,0,0,0,0
11,0,0,0,0
11,0,399,-3.309187,56.3287
12,0,0,0,0
12,0,0,0,0
12,0,0,0,0
12,0,0,0,0
9,0,165,-4.032966,33.99739
10,0,0,0,0
10,0,0,0,0
10,0,0,0,0
10,0,0,0,0
9,0,308,-1.06161,48.12251
10,0,0,0,0
11,0,153,-0.03059996,35.35486
10,0,148,-1.029605,35.82597
7,0,352,-0.5704005,52.5745
8,0,0,0,0
8,0,407,-1.081414,59.77933
9,0,0,0,0
9,0,0,0,0
10,0,232,-1.046408,39.56809
11,0,0,0,0
11,0,150,-3.030005,33.23092
12,0,0,0,0
12,0,0,0,0
12,0,0,0,0
10,0,288,0.4423998,47.09158
11,0,0,0,0
11,0,0,0,0
8,0,588,0.8824059,75.21403
12,0,163,-0.03259996,36.94582
10,0,217,-3.543371,38.94793
11,0,0,0,0
11,0,0,0,0
11,0,0,0,0
11,0,0,0,0
11,0,224,0.4551998,40.37775
12,0,0,0,0
8,0,246,-0.5492026,41.54113
9,0,0,0,0
10,0,1124,2.063192,127.5183
9,0,249,-1.549808,43.00576
10,0,0,0,0
10,0,0,0,0
10,0,756,1.243998,85.01041
11,0,300,-0.5600042,48.75198
12,0,0,0,0
11,0,545,-1.609018,68.54134
12,0,0,0,0
12,0,0,0,0
12,0,0,0,0
13,0,295,0.307999,44.12189
14,0,0,0,0
12,0,494,-3.338378,63.924
13,0,0,0,0
13,0,0,0,0
13,0,0,0,0
13,0,0,0,0
9,0,347,0.9306018,55.17751
10,0,509,-0.6017999,65.65716
11,0,0,0,0
11,0,171,-0.03419996,36.47975
10,0,223,-1.544607,43.30248
11,0,0,0,0
11,0,0,0,0
11,1,413,2.876086,49.92057
9,0,985,-1.824637,109.862
10,0,0,0,0
9,0,312,-0.5623996,48.95594
10,0,0,0,0
12,0,192,-3.038406,38.77922
13,0,0,0,0
13,0,0,0,0
13,0,0,0,0
11,0,437,-3.087372,55.16639
12,0,0,0,0
12,0,0,0,0
12,0,0,0,0
12,0,0,0,0
10,0,161,-0.03219996,37.32742
12,0,152,-0.03039996,33.04978
13,0,0,0,0
13,0,0,0,0
12,0,598,-2.11962,77.17755
13,0,0,0,0
13,0,0,0,0
13,0,0,0,0
13,0,0,0,0
13,0,0,0,0
9,0,880,2.82399,107.9247
13,0,189,-3.037806,37.12
14,0,0,0,0
14,0,0,0,0
14,0,0,0,0
11,0,283,-1.556609,44.86008
12,0,0,0,0
12,0,0,0,0
10,0,247,-0.5494041,40.08886
11,0,233,0.4533998,40.63203
11,0,602,0.8796009,75.86078
13,1,450,0.8650154,49.66382
12,0,425,0.8138056,60.14952
10,0,224,0.4551998,40.48096
11,0,126,-0.02519997,31.40348
14,0,200,-3.040007,39.20174
15,0,0,0,0
15,0,0,0,0
15,0,0,0,0
14,0,599,0.3801975,81.75668
15,0,0,0,0
13,1,380,2.784187,42.28455
13,0,374,-5.074723,53.90461
14,0,0,0,0
14,0,0,0,0
14,0,0,0,0
12,0,738,0.3523963,87.91442
13,0,0,0,0
12,0,498,-2.599583,68.12132
13,0,0,0,0
13,0,0,0,0
13,0,0,0,0
13,0,0,0,0
13,0,211,0.4577998,41.11613
12,0,179,0.4641998,38.57263
13,0,0,0,0
12,1,357,2.892888,41.81379
11,0,246,0.4507999,40.13533
14,0,137,-0.02739997,31.90528
15,0,0,0,0
15,0,0,0,0
11,0,709,-0.141802,96.21738
15,0,246,-0.5492018,43.5864
16,0,0,0,0
12,0,1092,1.065388,126.2288
14,1,435,4.869504,47.47492
10,0,876,0.2151978,109.2887
11,0,0,0,0
11,0,0,0,0
11,0,0,0,0
14,0,348,0.4303993,55.42595
13,0,400,-3.079976,54.67808
14,0,0,0,0
14,0,0,0,0
14,0,0,0,0
14,0,0,0,0
13,0,206,0.4587998,40.50724
14,0,0,0,0
15,1,364,2.890788,42.23341
13,1,413,5.376104,41.64455
13,0,493,-0.2219984,60.65384
14,0,0,0,0
15,0,170,0.4659998,40.89579
15,1,384,4.884799,41.42221
12,0,670,1.865995,84.88999
14,0,330,-0.06600138,55.05733
15,0,0,0,0
16,0,228,0.4543997,42.92072
14,0,364,-3.072777,54.97313
15,0,0,0,0
15,0,0,0,0
15,0,0,0,0
15,0,0,0,0
14,0,841,-1.273029,108.0068
15,0,0,0,0
15,0,0,0,0
15,0,0,0,0
16,1,374,4.887799,42.39353
15,0,942,-0.8352204,116.8141
16,0,0,0,0
16,0,0,0,0
16,0,0,0,0
14,0,343,-0.06860027,54.44985
15,0,0,0,0
16,0,722,0.8556007,97.33073
13,0,190,-0.03799995,38.88646
12,1,1196,7.531573,126.9905
16,1,391,4.7635,47.94191
14,1,557,4.832905,52.96267
14,0,183,0.4633998,39.80562
15,0,290,-0.8957981,46.71693
16,0,0,0,0
16,0,341,-2.068211,58.12016
17,0,0,0,0
17,0,0,0,0
17,0,0,0,0
15,0,413,-3.08258,57.40561
16,0,0,0,0
16,0,0,0,0
16,0,0,0,0
16,0,0,0,0
13,0,247,0.3373993,43.57849
17,0,215,0.957001,41.02278
18,0,0,0,0
18,0,0,0,0
18,0,0,0,0
18,0,0,0,0
17,0,399,0.9202017,57.76826
18,0,0,0,0
18,0,0,0,0
12,1,1528,7.041579,158.7587
13,0,1326,1.734788,163.5127
15,0,210,-0.04199994,38.44095
18,0,170,-4.033965,38.26058
19,0,0,0,0
19,0,0,0,0
19,0,0,0,0
19,0,0,0,0
12,0,1300,2.739985,141.0451
13,0,0,0,0
17,0,654,1.869197,83.36321
15,1,419,4.7743,43.6188
15,0,767,0.6436087,98.59166
16,0,0,0,0
18,1,426,2.770986,45.70391
15,1,882,2.735371,95.74085
16,1,494,0.8518192,48.4728
11,1,1389,3.583264,137.8842
17,0,852,1.724195,99.8063
16,1,326,4.902204,39.42152
16,0,467,1.406601,67.54906
13,0,493,0.9014041,64.25625
14,0,614,1.377202,82.03571
19,1,412,4.8764,42.53369
18,0,664,1.76179,84.50177
17,0,995,-0.8182322,117.3635
18,0,0,0,0
18,0,0,0,0
18,0,0,0,0
14,0,873,2.325394,112.0088
15,0,0,0,0
19,0,814,-1.162797,106.2719
20,0,0,0,0
20,0,0,0,0
20,0,0,0,0
20,0,0,0,0
20,1,364,4.890804,38.76308
12,0,722,1.355596,94.4948
13,0,0,0,0
14,0,676,1.864797,91.2003
17,0,792,1.341597,100.5663
18,0,0,0,0
18,0,0,0,0
18,0,0,0,0
18,0,0,0,0
18,0,785,2.342994,99.97206
17,0,773,2.24239,104.5417
20,1,355,0.8935156,42.48019
21,0,217,0.9566014,41.74674
22,0,0,0,0
22,0,0,0,0
17,1,896,6.400587,92.34632
16,0,1518,2.09519,179.6981
17,0,0,0,0
18,0,537,-1.225421,73.19914
19,0,0,0,0
19,0,0,0,0
19,0,0,0,0
18,0,225,-3.044975,43.03271
19,0,0,0,0
19,0,0,0,0
19,0,0,0,0
19,0,0,0,0
16,0,1267,1.728003,149.8394
17,0,0,0,0
15,0,341,0.9318014,54.48323
19,0,158,-4.031568,32.76213
20,0,0,0,0
20,0,0,0,0
20,0,0,0,0
20,0,0,0,0
21,1,413,4.761699,45.1281
18,0,329,0.9342023,55.76342
19,0,0,0,0
19,0,0,0,0
15,1,1298,7.610577,147.6331
18,0,605,1.378995,84.88923
20,1,411,0.8767238,46.68462
22,0,662,-0.6324177,78.83183
23,0,0,0,0
23,0,0,0,0
19,0,194,0.4611998,41.23631
19,1,651,3.304686,80.26496
19,1,375,2.887487,44.9027
13,0,971,1.3058,122.6305
14,0,0,0,0
16,0,322,0.3229993,56.92027
16,0,674,1.365197,90.28468
15,1,1314,6.105786,140.2731
16,0,1877,3.916759,220.6518
17,0,0,0,0
17,0,0,0,0
17,0,0,0,0
22,0,602,0.5202073,88.42324
23,0,0,0,0
23,0,0,0,0
23,0,0,0,0
23,0,0,0,0
21,0,385,1.423,62.29288
22,0,0,0,0
22,0,0,0,0
22,0,0,0,0
22,0,0,0,0
23,1,375,0.7707366,43.21401
19,1,1445,7.708868,152.3891
17,1,1223,6.133086,132.2728
20,0,669,1.866203,84.93774
21,0,0,0,0
21,0,0,0,0
21,0,0,0,0
20,1,690,5.792998,79.0869
17,0,1404,1.990382,160.2667
18,0,0,0,0
17,0,660,1.367997,86.73428
23,1,859,4.742297,89.12614
13,0,2886,5.922934,336.6301
14,0,0,0,0
24,0,368,0.1023995,61.58338
25,0,0,0,0
25,0,0,0,0
25,0,0,0,0
25,0,0,0,0
21,1,356,5.393198,45.68053
20,1,1072,7.678377,132.2482
17,1,868,3.129976,99.07664
24,1,308,4.9076,43.59945
22,1,853,3.744108,97.06119
17,1,1124,6.860384,139.8681
22,0,203,0.4593998,40.78933
23,0,0,0,0
23,0,0,0,0
21,0,602,-1.12042,86.02796
22,0,0,0,0
22,0,0,0,0
22,0,0,0,0
25,1,324,0.5830208,43.45026
19,0,2582,7.668199,288.6863
23,1,293,4.912104,38.35177
25,0,364,0.104999,63.14191
26,0,0,0,0
26,0,0,0,0
14,1,1435,5.963486,173.0025
18,0,738,1.852394,98.41708
26,1,286,4.914203,36.91316
23,1,315,2.905489,43.90469
26,1,318,2.904589,41.74984
18,1,762,6.162392,95.76368
24,1,305,5.408503,37.52521
27,1,313,5.297097,43.01713
16,1,1746,8.369013,194.9024
27,1,329,4.801303,43.42492
18,1,1507,7.72207,184.6102
28,1,314,4.9058,41.83611
25,1,334,4.899803,45.19682
21,1,1170,7.648982,155.7052
24,1,804,6.258791,91.0677
20,1,1780,7.530376,201.5869
14,1,1492,7.552385,191.8295
25,0,184,0.963201,40.69789
26,0,0,0,0
26,0,0,0,0
26,0,0,0,0
26,0,0,0,0
26,1,346,4.8962,41.56161
15,1,1080,7.675979,144.0759
19,1,892,5.274801,102.9909
19,0,562,0.9660077,87.98689
29,0,646,2.370797,101.2095
30,0,0,0,0
30,0,0,0,0
30,0,0,0,0
30,0,0,0,0
27,1,320,4.904004,45.65747
28,1,866,5.640194,93.54658
26,0,629,-1.729995,91.24113
27,0,0,0,0
27,0,0,0,0
27,0,0,0,0
27,0,0,0,0
28,1,278,5.416596,38.4303
18,1,2103,10.56504,268.1658
29,1,329,4.901303,43.39687
27,1,297,0.808517,41.27832
29,1,357,4.892903,45.94876
28,0,168,0.4663998,40.70126
29,0,0,0,0
29,0,0,0,0
29,0,0,0,0
29,0,0,0,0
15,0,1129,3.362773,166.7492
16,0,0,0,0
21,1,1172,7.338179,153.8179
16,1,1065,6.451089,137.1724
30,1,328,5.299804,42.96355
29,0,200,-3.039978,42.19564
30,0,0,0,0
30,0,0,0,0
30,0,0,0,0
30,0,0,0,0
30,1,304,4.908803,46.45483
18,1,3167,11.13451,379.0084
31,1,305,4.9085,42.84023
30,1,1124,3.455599,134.5048
20,0,2811,7.8333,349.7806
30,1,405,0.8785135,54.61636
32,1,246,4.926202,38.93612
19,0,2775,10.34095,374.9848
20,1,1584,8.878651,199.0657
21,0,192,0.9616011,42.27407
31,1,498,4.850607,60.14882
31,1,379,4.774902,49.30294
20,0,1620,5.051511,231.8419
31,1,311,4.906704,42.78074
33,1,262,4.817803,39.45156
32,1,277,4.916903,40.409
34,1,251,4.924703,40.34667
32,1,390,4.883003,47.60498
32,1,322,4.903403,43.67354
20,0,555,1.888997,91.52202
19,0,1025,2.968577,165.9149
20,0,0,0,0
16,1,1381,6.882682,181.1413
22,1,2687,12.15033,349.284
21,1,693,6.192091,92.86528
35,1,300,4.8082,42.18583
33,1,314,4.9058,41.5488
17,1,1449,8.444337,183.95
23,0,209,0.4581998,41.62988
33,1,555,6.333488,74.29111
22,1,3932,11.72054,494.0084
33,1,442,5.367399,60.69725
22,1,1007,7.59668,132.4075
21,0,1000,3.799983,148.521
21,0,514,1.897197,89.71642
34,1,260,4.822,41.51116
34,1,305,4.9085,41.15392
36,1,560,5.831995,76.60172
19,1,2343,10.7973,323.494
35,1,292,4.9124,42.43883
22,1,713,5.663891,97.7282
35,1,249,5.425303,37.10217
22,0,2204,7.654606,316.0838
23,0,0,0,0
23,1,595,6.107692,84.80154
20,1,978,5.996987,140.957
37,1,332,4.900403,47.7236
18,0,834,3.116986,136.0083
19,0,0,0,0
19,0,0,0,0
23,0,165,-0.5330027,38.59659
17,1,1031,7.690681,142.9282
36,1,307,4.907903,40.87543
36,1,267,4.919903,39.15783
23,1,906,7.628183,133.0842
22,0,929,3.205185,140.3345
37,1,247,5.324097,38.83574
37,1,316,4.905204,47.60142
24,1,632,6.810388,88.30856
23,1,717,6.284892,90.43472
21,0,553,1.889396,87.67912
22,0,0,0,0
17,1,4670,16.47398,590.0175
38,1,295,4.911502,43.14767
38,1,295,4.707903,40.91675
23,0,457,1.301997,80.89316
38,1,869,4.739298,112.3125
25,0,354,1.429201,63.97322
26,0,0,0,0
26,0,0,0,0
26,0,0,0,0
39,1,317,4.904902,44.88498
19,0,969,0.9863943,146.6208
20,0,0,0,0
20,0,0,0,0
39,1,292,4.912403,39.43179
26,0,193,-2.038606,41.40632
27,0,0,0,0
27,0,0,0,0
27,0,0,0,0
18,0,1107,2.205374,163.3932
19,0,0,0,0
24,0,1185,4.26299,182.8411
25,0,0,0,0
39,0,380,1.923999,69.86961
40,0,0,0,0
40,0,0,0,0
34,1,2138,8.358589,285.4733
22,1,1825,10.95263,258.7251
40,1,319,4.9043,42.1186
40,1,344,4.8968,45.17983
35,1,248,4.925602,39.14867
41,1,294,4.9118,41.42132
18,1,1014,7.695783,137.0956
40,1,435,3.369493,63.12013
24,0,1189,4.762189,175.6768
25,0,0,0,0
25,0,0,0,0
25,0,0,0,0
24,0,2630,10.66083,374.4795
36,1,365,4.861099,46.71461
20,1,931,5.009893,130.5544
41,1,290,4.913003,38.44167
27,1,977,4.706887,138.6114
19,0,897,0.986999,140.9665
20,0,0,0,0
41,1,767,6.269888,94.38966
42,0,502,1.899593,88.84695
43,0,0,0,0
43,0,0,0,0
22,1,1731,8.980728,229.4542
42,1,310,4.907,42.11568
43,1,322,4.9034,42.37629
37,1,737,5.778901,98.02635
28,1,882,6.625786,116.8159
38,1,356,4.893204,53.31142
24,0,2194,6.487518,299.8222
43,0,899,0.8201915,131.8019
44,0,0,0,0
44,0,0,0,0
44,0,505,1.399004,84.43465
45,0,0,0,0
45,0,0,0,0
20,0,1073,2.366192,163.0512
21,0,0,0,0
39,1,301,4.909702,42.95258
44,0,386,-0.07721069,69.85141
45,0,0,0,0
45,0,0,0,0
19,0,1932,3.708149,283.3876
20,0,0,0,0
45,1,615,4.315496,82.35036
20,0,178,-0.5356014,41.73431
21,0,0,0,0
45,1,367,2.889888,53.79344
42,1,1835,9.238118,239.8996
20,1,4193,15.2258,579.0995
21,1,2158,11.35278,300.6356
21,1,966,5.875992,139.5399
25,1,1074,7.970601,157.6503
46,0,337,0.2875986,61.89101
47,0,0,0,0
47,0,0,0,0
43,1,328,4.901603,47.23902
40,1,990,7.202984,141.1148
22,0,241,0.2923985,47.59977
23,0,0,0,0
46,1,644,6.806788,83.41656
47,1,253,2.924092,41.16027
44,1,250,5.424998,40.60293
41,1,328,4.901603,47.86763
22,0,572,1.220199,95.79174
23,0,0,0,0
47,1,309,4.495903,45.41513
48,1,310,4.907003,43.22608
45,1,250,4.817802,39.47356
21,1,892,7.232383,133.3462
25,1,3644,16.1001,529.5784
23,0,2632,7.061174,378.8285
24,0,0,0,0
24,0,0,0,0
24,0,0,0,0
42,1,292,4.9124,41.02854
29,0,2005,7.052316,283.073
30,0,0,0,0
30,0,0,0,0
30,0,0,0,0
48,1,275,4.917503,41.18024
49,1,261,4.921702,38.92955
46,1,277,4.916903,42.40501
43,1,322,4.9034,45.76745
49,1,269,4.919303,41.80755
21,0,1462,3.707572,211.3763
22,0,0,0,0
50,1,327,4.901902,49.14212
47,1,307,4.907903,44.69491
24,0,5010,13.89385,684.4166
23,1,1033,5.042701,144.0441
22,0,148,-0.5296013,40.3042
23,0,0,0,0
44,1,265,4.9205,41.65206
51,1,252,4.8196,41.2552
23,1,912,6.226392,138.4691
45,1,246,4.926203,37.63077
30,0,886,1.214986,150.8103
31,0,0,0,0
31,0,0,0,0
31,0,0,0,0
50,0,603,1.429591,96.66654
51,0,0,0,0
51,0,0,0,0
52,1,293,4.9121,40.91202
24,1,936,4.11678,135.5058
26,1,1789,9.018316,235.2211
46,1,283,4.915102,44.20893
51,1,266,2.920191,41.5727
25,0,4451,14.60955,603.4297
26,0,0,0,0
26,0,0,0,0
26,0,0,0,0
25,0,4396,17.59579,624.413
26,0,0,0,0
47,1,268,5.419598,40.20974
52,1,285,5.414503,42.63124
24,1,855,7.743484,130.543
53,1,759,5.7723,108.0703
48,1,325,4.9025,46.12671
53,1,309,4.907302,49.18608
25,1,972,7.896977,146.8277
54,1,290,4.913,41.85506
49,1,307,4.907904,45.38927
54,0,369,0.5638072,63.68031
55,0,0,0,0
55,0,0,0,0
23,0,5804,21.1657,839.0282
50,1,281,4.806104,45.44724
48,1,1984,12.90484,269.8854
26,1,1158,5.152582,160.4192
55,1,278,2.809391,43.45024
24,0,2024,6.752151,301.6376
25,0,0,0,0
26,1,2588,11.80401,392.7237
55,1,617,5.814896,89.36158
49,1,276,5.417198,39.69858
56,1,279,4.815702,44.93633
56,1,257,4.9229,40.61756
51,1,669,5.7993,97.68425
57,1,265,4.920503,42.34261
25,1,1592,9.917699,225.9743
26,0,1239,5.409039,178.7249
27,0,0,0,0
57,1,349,4.479104,50.53284
50,1,537,6.338892,81.41343
22,0,3356,10.68195,497.8171
25,1,886,6.322792,136.7018
27,1,880,7.522182,133.7202
58,1,248,5.323799,41.60178
27,1,1029,7.69128,144.6629
52,1,516,5.845197,71.35223
51,1,276,4.9172,40.80894
23,0,335,0.3155993,61.67889
59,1,269,4.9193,41.67994
58,1,748,5.775601,103.6205
27,1,2767,13.56934,375.4474
52,1,271,4.918703,43.74328
53,1,303,4.809099,42.1534
60,1,259,4.712702,40.35162
59,1,280,4.916003,42.04617
54,1,273,4.8139,43.10935
31,0,3302,11.50416,496.1687
32,0,0,0,0
32,0,0,0,0
32,0,0,0,0
61,1,248,4.925602,40.84626
60,1,255,4.923503,40.52178
53,1,601,5.819698,88.32382
55,1,349,4.661102,52.48312
28,1,997,6.974482,141.8994
62,1,262,5.421403,40.93613
61,1,269,4.9193,41.3447
54,1,324,4.263802,47.2176
56,1,353,4.894099,51.66862
62,1,259,4.922302,40.80684
32,1,654,3.181581,99.88184
63,1,390,4.734399,46.38209
55,1,261,4.921702,39.61509
28,1,1523,9.111945,221.4842
64,1,265,4.920503,44.04404
23,1,4699,16.7561,664.606
56,1,262,5.421397,39.8116
57,1,458,5.862594,67.7694
63,1,435,4.8695,69.65482
26,0,3936,16.14583,590.6081
65,1,250,4.925,41.9641
64,1,241,4.927702,40.43099
57,1,254,4.9238,40.80198
27,0,2327,8.484947,329.7968
28,0,0,0,0
58,1,303,4.9091,47.08437
33,1,684,5.794797,107.8658
66,0,208,0.3259991,45.29634
67,0,0,0,0
67,0,0,0,0
28,0,169,-0.03380213,42.31386
29,0,0,0,0
65,1,245,4.9265,41.31615
58,1,271,4.9187,41.05564
59,0,277,0.9446016,58.25898
60,0,0,0,0
60,0,0,0,0
60,0,0,0,0
60,0,0,0,0
67,1,348,2.75239,50.7214
66,1,243,4.9271,41.02855
59,1,249,4.9253,41.06835
29,0,367,0.2659965,68.10526
30,0,0,0,0
24,1,860,7.140788,138.9608
60,1,250,0.9250163,38.93596
34,0,561,2.285993,108.1564
35,0,0,0,0
35,0,0,0,0
35,0,0,0,0
35,0,0,0,0
35,0,0,0,0
27,0,858,4.713995,154.2234
60,1,252,4.9244,41.8082
68,1,302,5.409399,50.69362
61,1,249,5.425298,43.55909
67,1,518,5.314601,77.19437
61,1,236,4.9292,40.54569
69,1,240,4.714203,39.25493
62,1,228,4.931602,42.32468
35,1,565,1.217966,90.02388
70,1,236,4.9292,40.34121
62,1,256,4.9232,41.84525
68,1,273,4.918102,46.54169
63,1,237,4.928902,40.76562
25,1,844,7.646779,134.4096
63,1,248,4.925602,41.31674
69,1,264,4.920803,41.65907
36,0,335,1.327601,68.47162
37,0,0,0,0
37,0,0,0,0
37,0,0,0,0
26,0,3682,14.54417,607.7385
27,0,0,0,0
71,1,380,5.885998,60.50462
64,1,259,4.922303,42.55409
64,0,514,2.397188,93.76528
65,0,0,0,0
65,0,0,0,0
65,0,0,0,0
65,0,0,0,0
70,1,276,4.507003,47.39198
26,0,482,2.403596,90.24959
27,0,0,0,0
72,1,275,4.815703,44.18303
65,1,277,4.916903,45.61442
71,1,242,4.927402,43.9115
29,0,2633,10.9734,430.7691
30,0,0,0,0
30,0,0,0,0
30,0,0,0,0
30,0,0,0,0
30,0,0,0,0
73,1,234,4.9298,40.58236
66,1,266,4.810602,43.14692
72,1,317,4.704304,52.5513
27,0,492,1.295598,90.76735
28,0,0,0,0
74,1,311,4.9067,44.50106
67,1,239,4.928303,39.30749
30,0,2095,6.43293,313.3448
31,0,0,0,0
73,1,288,4.913603,43.37991
24,0,4518,15.01933,691.7142
75,1,276,4.917202,42.19559
28,1,2081,13.54635,328.9134
68,1,242,4.927402,39.72813
76,1,258,4.8202,41.25317
69,1,249,4.9253,41.62977
24,1,6418,25.95979,974.7992
30,1,1057,3.682931,169.5699
28,1,818,6.547388,134.0684
77,1,262,4.9214,41.75724
70,1,251,4.924702,44.15405
27,0,1823,6.49647,306.2804
28,0,0,0,0
25,1,792,7.262388,130.7251
71,1,260,4.922002,43.16566
25,0,467,1.906594,86.81236
29,1,4739,22.04598,778.5309
28,0,300,-0.6917986,58.62727
29,0,0,0,0
78,1,503,5.849099,80.31116
31,1,568,6.725393,91.2514
29,0,99,-1.019803,29.87088
29,0,1078,4.161597,185.8168
72,1,290,4.913003,46.32037
28,1,5601,25.06258,889.6062
79,1,252,5.424399,42.98026
74,1,1396,10.58129,224.8188
80,1,238,4.9286,40.91351
32,1,498,5.850597,85.25792
26,1,698,7.790587,123.601
37,1,2784,13.05227,447.7036
29,0,530,2.159791,98.6243
81,1,253,4.721703,43.30454
75,1,517,5.743097,87.69459
30,0,794,3.635788,150.042
26,0,7028,33.59365,1073.413
27,0,0,0,0
27,0,0,0,0
27,0,0,0,0
33,1,479,6.356294,80.7485
82,1,270,4.919003,45.22716
38,1,503,6.349094,87.81513
76,1,293,4.912104,46.38568
30,0,1189,3.316573,210.2948
31,0,0,0,0
65,1,3156,15.05311,511.8985
83,1,255,4.9235,42.64175
26,1,1597,11.02103,259.3802
77,1,296,4.707603,44.79313
31,0,314,-0.06280081,67.55824
32,0,0,0,0
30,1,837,7.536884,137.274
34,1,542,6.625389,90.98134
73,1,1528,10.54171,249.2443
39,1,581,6.325693,96.45621
66,0,519,0.6848059,96.97375
67,0,0,0,0
67,0,0,0,0
67,0,0,0,0
67,0,0,0,0
31,0,2892,12.49273,469.6892
32,0,0,0,0
84,1,574,6.827795,91.22667
78,1,543,6.837093,90.08262
74,1,362,6.391394,62.45411
67,1,284,0.798629,44.75206
30,1,1989,11.79805,333.4774
85,1,233,4.820503,39.21674
27,0,843,3.724782,154.4859
28,0,0,0,0
79,1,236,4.9292,40.46285
40,1,539,6.338293,89.50923
75,1,230,4.931003,40.30008
31,1,804,7.258785,135.8652
86,1,237,5.428897,43.08825
68,1,324,4.799803,52.15384
27,0,1521,5.695836,258.9371
28,0,0,0,0
28,0,0,0,0
28,0,0,0,0
76,1,270,4.807002,44.31132
87,1,226,4.932202,40.69001
29,1,3106,18.44874,507.1363
69,1,240,4.928002,44.02991
32,0,1120,2.454985,206.4431
33,0,0,0,0
80,1,506,4.8482,80.63886
77,1,254,4.9238,41.08071
88,1,265,4.9205,45.86932
41,1,608,6.215791,100.5797
70,1,249,4.9253,41.16337
35,1,1363,9.489925,231.2725
81,1,270,4.297401,44.43365
71,1,290,4.913,46.20473
89,1,315,4.905503,52.85104
32,1,851,6.640491,142.547
31,1,1125,8.558364,186.5367
82,1,241,4.927702,42.20045
28,1,1132,7.660383,185.8932
78,1,572,6.328393,90.15757
30,1,793,7.762085,144.5531
90,1,240,4.928002,44.01756
42,1,560,5.715796,96.58834
83,1,222,5.321398,38.86307
72,1,452,6.364393,76.74404
79,1,280,4.916003,47.50111
32,0,432,1.913596,89.2533
33,0,0,0,0
91,1,272,4.918403,50.60759
73,1,236,4.929202,43.18285
80,1,242,4.816602,42.90664
92,1,241,5.427702,43.24654
33,1,759,7.272288,136.9416
84,1,624,7.010991,105.46
74,0,260,0.9480034,60.39956
75,0,0,0,0
75,0,0,0,0
75,0,0,0,0
75,0,0,0,0
29,1,781,7.26569,131.485
81,1,246,4.819602,42.52642
31,1,730,7.07079,129.3405
93,1,245,4.926502,42.95469
28,1,1729,10.48138,289.5833
85,1,261,4.9217,44.00164
82,1,242,4.927403,43.95598
75,1,258,0.9226115,46.85692
31,0,3458,12.97522,579.4736
94,1,293,4.9121,44.80799
36,1,1536,11.9381,249.5109
33,0,1942,4.994006,329.3505
34,0,0,0,0
83,1,254,4.806999,42.53865
86,1,263,4.811503,44.20412
95,1,240,4.928002,42.67458
76,1,385,5.274903,61.53912
34,1,792,7.639585,134.0819
29,0,638,0.1381988,122.0824
30,0,0,0,0
87,1,244,4.926803,44.6826
32,1,757,7.671685,134.9473
84,1,294,4.810603,52.96287
96,1,225,4.9325,40.92868
34,0,402,0.4195979,83.1097
35,0,0,0,0
33,1,1321,10.10377,235.5855
27,0,4413,20.88254,713.491
35,0,269,1.4462,60.61913
36,0,0,0,0
37,1,554,5.605602,91.05303
85,1,205,5.438498,38.54393
88,0,275,1.944999,61.40196
89,0,0,0,0
89,0,0,0,0
32,1,893,7.125488,156.126
86,1,211,4.936702,37.86896
89,0,310,-0.1626083,66.63738
90,0,0,0,0
90,0,0,0,0
87,1,241,4.824703,44.23581
77,1,818,5.754597,145.6726
36,0,569,2.386194,111.6575
37,0,0,0,0
43,0,2181,12.56375,373.4419
44,0,0,0,0
44,0,0,0,0
44,0,0,0,0
38,0,600,2.379996,114.9134
39,0,0,0,0
39,0,0,0,0
39,0,0,0,0
30,1,802,5.943194,138.7512
33,1,775,7.767484,139.6721
97,1,813,7.543483,128.9143
78,1,227,4.831903,42.38764
88,1,234,4.828602,39.76385
26,0,4643,20.85153,806.6396
89,1,236,4.9292,41.04136
79,1,277,4.9169,46.32125
98,0,372,1.587202,65.35569
99,0,0,0,0
99,0,0,0,0
39,1,483,2.855084,86.20964
34,0,1245,6.751057,231.6813
35,0,0,0,0
90,1,213,4.936102,38.68194
99,1,213,2.835493,39.50483
80,1,280,4.916,45.26433
28,0,1384,6.011856,236.0384
91,1,315,4.9055,57.29359
100,1,264,4.608803,44.52548
81,1,239,4.9283,41.05506
31,1,968,8.695209,172.126
90,1,1203,6.82888,206.8472
40,1,536,6.239193,96.94576
30,1,2602,16.11387,420.5127
92,1,199,4.940302,38.80524
44,1,1182,7.040579,213.7822
82,1,227,4.9319,40.86266
41,0,209,0.9582014,47.2831
42,0,0,0,0
42,0,0,0,0
42,0,0,0,0
42,0,0,0,0
42,0,0,0,0
101,1,282,4.9154,45.93258
35,1,763,6.771087,137.2447
45,0,231,0.9538015,53.26197
46,0,0,0,0
46,0,0,0,0
46,0,0,0,0
83,1,236,4.9292,41.30262
102,1,244,4.926803,46.18274
93,1,428,4.8716,80.59812
91,1,562,6.125392,92.54205
34,1,1607,10.38083,278.6881
84,1,221,4.825902,40.04878
103,0,211,0.8158002,46.12748
104,0,0,0,0
104,0,0,0,0
32,1,827,7.335682,147.6575
94,1,320,4.794405,55.50748
46,1,503,3.241889,90.34795
104,1,227,2.722293,40.4971
92,1,348,5.395599,60.27562
29,1,1239,9.128334,201.1096
95,1,236,4.9292,42.37598
42,1,895,0.6298552,154.7356
32,0,5954,25.74309,920.3273
33,0,0,0,0
36,1,800,7.259989,139.4903
105,1,235,4.929502,44.15052
93,1,232,4.9304,40.34127
35,1,2900,12.3846,493.5126
85,1,640,5.807999,116.5243
96,1,245,4.812102,42.88006
94,1,216,4.9352,40.57602
47,1,553,5.8341,93.55904
86,1,230,4.931,41.48069
33,0,727,1.664589,127.7235
34,0,0,0,0
95,1,249,4.925303,45.97353
30,0,698,3.291373,137.1313
87,1,227,4.931902,43.35407
48,0,347,0.4305995,62.00951
49,0,0,0,0
49,0,0,0,0
49,0,0,0,0
49,0,0,0,0
49,0,0,0,0
96,1,240,4.725002,45.39199
31,0,1835,7.172573,324.1364
32,0,0,0,0
36,1,736,6.667786,131.5734
88,1,247,4.925902,45.33607
37,0,3134,13.45747,549.0103
38,0,0,0,0
97,1,242,4.927402,42.28074
106,1,961,9.211734,163.4275
35,1,1583,9.525154,280.9725
89,1,288,4.913602,51.97632
98,1,219,4.934302,40.00138
49,1,561,0.8317753,97.36932
97,1,991,7.875081,152.0385
107,1,320,4.795,58.15044
90,1,241,4.720502,43.82943
34,1,991,6.202691,171.2856
37,0,582,3.38359,118.3172
98,1,257,5.422898,47.70994
50,0,299,0.9402043,66.33487
51,0,0,0,0
51,0,0,0,0
51,0,0,0,0
51,0,0,0,0
51,0,0,0,0
91,1,224,4.826202,41.18897
99,1,211,4.936702,39.1243
38,1,790,6.050393,135.7801
99,1,561,5.8317,102.807
92,1,228,4.931602,43.44961
32,0,1095,3.220374,191.0991
33,0,0,0,0
100,1,192,4.942402,36.60309
51,1,491,1.35274,90.4963
108,1,717,6.784887,119.7489
39,0,280,0.9440036,66.54025
93,1,233,4.930102,43.35405
36,1,1034,9.189838,191.0218
31,1,1550,10.48768,273.8087
35,1,773,7.440481,135.829
101,1,237,4.825302,45.08466
100,1,530,5.737399,88.52875
109,1,217,4.9349,40.26945
94,1,247,4.925902,43.64614
101,1,217,4.9349,40.92273
102,1,268,4.919602,48.74662
110,1,233,4.930102,42.41187
33,0,2467,10.225,374.4351
34,0,0,0,0
52,1,495,5.748498,86.4827
95,1,217,4.934902,40.59563
40,0,508,2.898394,109.5382
103,1,196,4.941202,37.28889
33,1,785,5.950093,134.4126
96,1,228,4.931602,43.79448
104,1,226,4.932199,40.46935
36,1,715,7.785486,132.5559
32,1,810,7.653986,141.4343
34,0,281,0.7952058,59.63364
97,1,218,4.8334,40.36862
53,1,514,6.241593,91.99538
111,1,581,5.825701,101.0098
105,1,216,4.835202,41.66952
98,1,242,4.805202,41.97779
35,0,280,0.3019988,61.83223
102,1,807,7.00628,133.2429
41,1,722,7.783387,130.3673
106,1,218,4.934602,41.70635
37,0,3306,17.33842,610.7428
38,0,0,0,0
99,1,221,5.433698,39.88745
103,1,230,4.931003,44.70972
107,1,246,4.823202,43.51951
108,1,222,4.9334,41.40914
33,1,852,8.133601,157.8673
54,1,873,7.738089,144.2638
100,1,458,5.862594,80.38382
33,1,6396,27.03309,1089.47
36,1,693,6.692092,130.362
109,1,222,4.933402,43.15435
27,0,5918,21.12268,1002.095
104,1,601,5.319702,110.7455
101,1,241,4.9277,42.98948
34,0,382,1.005001,77.56459
110,1,214,4.629803,41.99505
105,1,209,4.937302,41.66043
112,1,1271,9.118731,223.9803
102,1,318,4.777602,48.3563
111,1,277,5.416902,46.72062
37,0,2366,10.02686,385.0377
38,0,0,0,0
42,0,1255,2.913579,226.2689
106,1,249,4.810299,43.83879
113,1,221,5.433702,40.74837
34,1,706,7.788187,128.2012
37,1,742,7.171987,139.6651
112,1,232,4.828603,41.6015
103,1,269,4.9193,45.04564
107,1,207,4.9379,40.52173
38,0,1472,6.205672,276.351
39,0,0,0,0
35,0,665,3.76459,131.4182
113,1,200,4.940002,38.64931
108,1,205,4.938502,40.01431
104,1,258,4.9226,43.80255
43,1,5044,28.48595,861.3981
55,1,1208,10.13767,213.0429
105,1,209,4.9373,40.51218
114,1,668,6.799591,116.0215
109,1,282,4.9154,45.23973
43,1,729,7.179488,134.6215
114,1,404,4.6762,54.15673
34,1,2873,15.50367,456.7014
38,1,686,8.294183,126.2972
38,0,3942,21.21104,736.6745
39,0,0,0,0
115,1,269,4.9193,42.77123
110,1,265,4.920502,45.73361
106,0,359,0.06459834,66.10062
107,0,0,0,0
107,0,0,0,0
107,0,0,0,0
107,0,0,0,0
35,1,989,8.203283,175.3733
36,1,805,7.245289,137.9757
116,1,200,4.940002,38.12824
111,1,217,4.934902,40.53281
115,1,472,6.358393,87.15448
107,1,294,0.9118339,47.96688
35,0,506,1.898796,110.6171
36,0,0,0,0
37,1,2988,15.50299,545.6366
117,1,225,4.932502,40.66708
112,1,259,4.801899,42.34172
116,1,207,4.937902,39.05019
56,1,959,8.712306,168.5466
39,1,735,7.279488,139.3181
118,1,236,4.929203,44.07742
44,1,1109,8.4589,179.2567
113,1,219,4.9343,40.78158
117,0,298,0.2911986,61.8197
118,0,0,0,0
118,0,0,0,0
36,1,756,7.135981,132.9641
108,1,514,6.133192,86.69627
119,0,290,0.09519911,61.53165
120,0,0,0,0
120,0,0,0,0
44,0,1198,5.65807,220.5318
118,1,269,2.810291,47.09579
36,1,722,6.174994,134.9776
109,1,266,4.920202,44.6497
39,1,1284,8.11481,232.3694
120,1,217,2.834893,40.94173
121,1,216,4.935202,42.5948
110,1,277,4.792899,42.53848
39,0,2127,10.57463,402.5161
40,0,0,0,0
114,1,735,6.779488,117.8537
37,1,1283,8.380343,221.1228
37,1,763,7.652485,135.9654
115,1,217,4.934902,40.95811
111,1,253,4.924103,43.5669
45,1,756,7.173187,141.42
119,1,691,5.7927,114.7436
116,1,233,4.9301,41.70172
38,1,1525,8.542502,268.3462
122,1,545,5.303504,91.44064
112,1,251,4.924703,44.77999
40,1,864,7.22998,150.731
117,0,176,0.964801,46.15234
118,0,0,0,0
118,0,0,0,0
118,0,0,0,0
118,0,0,0,0
113,1,199,4.940302,38.82873
40,1,767,6.769888,141.1664
118,1,222,0.9334093,41.79178
114,1,212,4.936402,40.35413
45,0,1747,7.584196,298.6906
46,0,0,0,0
46,0,0,0,0
46,0,0,0,0
46,0,0,0,0
46,0,0,0,0
119,1,302,4.779403,48.04473
123,0,701,2.519584,125.9103
124,0,0,0,0
124,0,0,0,0
115,1,292,4.9124,48.89891
46,1,916,7.795183,158.3257
39,1,739,7.465086,136.7276
124,1,217,2.934893,41.08908
41,0,835,4.333009,162.2019
116,1,260,4.922,45.17971
41,1,743,7.660282,128.9565
125,1,268,4.9196,45.50663
117,1,339,4.749702,50.97515
47,0,595,1.88099,110.6528
120,1,701,7.289684,121.776
126,1,228,4.931602,43.80309
118,1,222,4.933403,42.15932
121,1,195,4.941502,37.05392
40,1,824,7.752783,143.6649
127,1,204,4.938802,38.88362
42,1,749,7.775285,137.4761
119,1,255,5.423498,44.11568
122,1,261,4.9217,42.2638
37,1,2683,16.45118,455.2771
128,1,239,4.928302,42.31579
120,1,210,4.937002,41.00263
123,1,231,4.930702,42.90951
129,1,238,4.928603,43.76762
42,0,1138,5.058609,211.52
43,0,0,0,0
121,1,215,4.9355,41.14482
124,1,220,4.822602,41.93941
41,1,736,7.675585,137.3018
130,1,230,4.931003,43.22757
122,1,206,4.834602,38.91971
48,1,1116,9.165233,199.2705
125,1,227,4.829503,42.39576
131,1,234,4.712402,41.37724
126,1,247,4.816302,44.33985
42,0,573,3.385392,118.3009
43,0,0,0,0
43,0,711,2.357788,147.0187
44,0,0,0,0
38,1,3378,23.87479,590.5179
127,0,151,0.969801,40.71387
128,0,0,0,0
128,0,0,0,0
128,0,0,0,0
128,0,0,0,0
40,1,4248,24.9926,766.316
128,1,236,0.8244079,45.7611
49,1,731,7.168091,135.1928
41,0,388,2.422397,86.34612
42,0,0,0,0
129,1,222,4.828599,40.99625
39,0,645,3.765585,133.7131
130,1,253,4.714503,44.26165
43,1,780,6.553988,143.6276
38,1,6600,32.40805,1094.097
50,1,646,7.806188,123.3159
131,1,212,4.936402,40.85601
28,0,7198,26.68464,1228.056
132,1,1466,10.5603,244.025
132,1,224,4.932802,42.29131
120,0,4283,20.05102,713.457
121,0,0,0,0
121,0,0,0,0
133,1,195,4.941502,36.78536
38,0,4528,21.06681,815.0999
133,1,229,4.931303,41.75454
44,0,1560,6.070651,295.4862
134,1,192,4.942402,36.75431
51,1,729,7.579487,134.795
57,0,5944,24.81029,984.8251
58,0,0,0,0
58,0,0,0,0
58,0,0,0,0
58,0,0,0,0
135,1,202,4.836402,39.1471
44,1,1008,8.449599,173.7077
134,1,434,6.260198,68.9224
136,1,245,4.926503,47.57449
123,0,2563,10.48734,429.8101
124,0,0,0,0
124,0,0,0,0
124,0,0,0,0
124,0,0,0,0
135,1,335,4.5293,47.27316
137,1,196,4.941202,38.32879
121,0,1002,1.961781,184.0802
122,0,0,0,0
122,0,0,0,0
136,1,214,4.935802,41.08249
138,1,253,4.9241,43.41288
52,1,815,7.155483,151.9392
46,1,4867,23.05717,798.7278
137,1,240,4.928002,44.35905
139,1,233,4.828302,42.98282
138,1,244,5.323198,47.85638
45,0,1121,3.94219,211.7276
46,0,0,0,0
47,1,453,6.364095,86.77027
140,1,267,4.919902,48.20981
45,0,1476,6.962882,281.6313
139,1,206,4.938202,37.76715
38,1,4131,23.2602,762.6379
124,0,1053,0.7893987,195.718
125,0,0,0,0
125,0,0,0,0
125,0,0,0,0
125,0,0,0,0
141,1,243,4.806099,41.34878
42,0,2743,15.45119,510.9331
43,0,0,0,0
39,1,1848,12.32229,340.4297
140,1,222,4.933403,41.55442
53,1,827,6.739886,141.6353
48,0,437,2.412597,91.80253
49,0,0,0,0
49,0,0,0,0
49,0,0,0,0
49,0,0,0,0
49,0,0,0,0
39,0,285,0.9430044,64.86964
40,0,0,0,0
142,1,220,4.934,41.00897
141,1,199,4.9403,40.28883
43,1,4778,27.5659,862.8087
143,1,253,4.804902,42.79958
142,1,223,4.933103,40.49882
49,0,332,-4.066332,70.59759
50,0,0,0,0
50,0,0,0,0
50,0,0,0,0
50,0,0,0,0
50,0,0,0,0
46,0,767,3.846584,160.1972
47,0,0,0,0
44,0,273,1.445401,64.13956
144,1,219,4.934302,42.8139
39,0,3092,13.88132,574.8617
40,0,0,0,0
143,1,210,4.937002,39.608
46,0,1086,2.631778,211.0217
47,0,0,0,0
47,0,0,0,0
47,0,0,0,0
40,0,3429,19.20538,645.5883
40,1,708,6.78759,133.8958
145,1,234,5.326798,44.25218
144,1,218,4.9346,40.58417
145,1,201,5.439702,40.01435
146,1,212,4.936402,41.81385
47,0,431,-2.227621,83.27367
48,0,0,0,0
48,0,0,0,0
48,0,0,0,0
54,1,1210,10.03708,220.1867
50,1,837,3.145336,152.1109
146,1,232,4.826799,42.43474
147,1,252,4.9244,43.74188
45,1,781,7.645286,141.8465
147,1,224,4.831602,43.91302
148,1,217,4.9349,40.77682
122,1,2549,13.00885,411.5958
41,0,858,1.468995,152.8026
42,0,0,0,0
51,1,477,6.356894,87.75528
149,1,214,4.935802,41.00288
148,1,278,4.916603,50.28154
48,1,697,3.57468,127.5582
123,1,315,4.905499,47.00977
47,1,1402,9.975262,265.2543
149,1,215,4.9355,39.98223
124,1,275,4.917503,49.27935
52,1,454,6.262595,84.12482
150,1,213,4.9361,40.88064
46,1,883,7.614683,162.8044
150,1,503,6.349091,88.53996
49,0,527,2.394593,105.1864
50,0,0,0,0
42,1,759,5.660298,132.6646
151,1,205,4.938502,41.06944
151,1,248,4.825603,46.39234
53,1,443,6.367095,86.32217
48,1,730,7.562982,139.0129
152,1,226,4.9316,42.25273
152,1,247,4.9259,42.89278
40,0,2284,9.543268,447.3236
41,0,0,0,0
41,0,2149,11.76236,404.4354
153,0,288,0.2907985,61.74934
154,0,0,0,0
154,0,0,0,0
154,0,0,0,0
154,0,0,0,0
153,1,323,4.677904,55.39937
154,1,212,0.7358181,40.12759
43,1,788,7.26359,147.6494
154,1,222,5.433399,42.3545
47,1,1099,8.170305,200.2672
155,1,204,4.9388,40.24325
155,1,213,4.936102,40.15443
54,1,850,5.744997,151.4596
49,0,840,4.332003,169.6329
50,0,0,0,0
156,1,211,4.9367,40.14405
156,1,226,4.932202,43.14534
157,1,211,4.936702,42.0491
157,1,204,4.9388,40.31855
55,1,465,6.155094,88.18091
43,1,4035,25.98293,743.407
158,1,235,4.929502,42.89947
44,1,880,6.623392,155.9594
125,0,2002,11.08703,362.4986
126,0,0,0,0
126,0,0,0,0
50,0,700,1.859997,141.4679
51,0,0,0,0
29,0,6505,26.67284,1145.548
41,0,1368,5.726426,272.7779
50,0,1942,9.611641,355.5262
51,0,0,0,0
159,1,263,4.9211,44.65115
48,0,984,5.095446,192.4581
56,1,516,6.229593,94.1348
158,1,595,5.821499,102.7655
42,0,277,1.444601,68.0241
45,0,512,2.253186,104.0392
46,0,0,0,0
159,1,191,4.942702,37.99486
125,1,4784,22.06438,796.205
43,0,226,0.9548029,58.29111
44,0,0,0,0
160,1,575,6.327493,102.7608
160,1,265,4.920503,49.64031
51,0,747,1.850594,148.8411
52,0,0,0,0
30,0,748,3.618587,133.5297
126,1,288,4.704599,46.98424
57,1,490,5.337398,86.93119
51,1,712,6.680989,138.7086
126,0,932,3.077577,180.9288
127,0,0,0,0
127,0,0,0,0
161,1,210,4.937002,39.12827
127,1,223,4.933103,43.99441
161,1,274,5.417802,46.68439
49,1,968,8.99583,170.734
162,1,222,4.933402,43.00491
58,1,449,5.865298,83.99622
128,1,261,4.921702,46.95863
162,1,245,4.926503,44.15449
42,1,2552,16.91327,479.5791
163,1,232,4.930402,44.43069
129,1,229,4.830702,44.61502
52,1,641,7.307691,125.2091
163,1,243,4.927103,45.07098
164,1,208,4.9376,40.82985
44,0,1853,10.6294,335.1204
45,0,0,0,0
130,1,211,4.9367,43.28845
164,1,227,4.931902,43.86942
59,1,513,6.346095,91.42348
165,1,203,4.939102,39.35429
131,1,226,4.932202,43.15401
165,1,228,4.931602,43.02215
52,1,1245,6.609685,223.0576
132,1,202,5.338802,37.55503
43,1,790,8.663017,150.7992
166,1,215,4.935502,41.07457
53,1,734,7.779786,137.7451
166,0,522,3.395591,109.2138
167,0,0,0,0
167,0,0,0,0
167,0,0,0,0
167,0,0,0,0
60,1,581,6.325695,108.4959
133,1,205,4.9385,39.90401
46,0,1890,9.421467,371.1013
55,1,5416,26.55105,977.4684
44,1,1923,11.42325,362.9452
167,1,213,0.9361101,42.55436
53,1,692,7.792387,135.5885
168,1,264,4.920802,46.3029
61,1,491,6.352693,97.10333
56,0,420,1.916,92.44948
57,0,0,0,0
134,1,637,5.8089,118.9916
169,1,202,4.939402,39.15421
54,1,779,7.165088,142.3276
167,0,912,5.317618,175.2133
168,0,0,0,0
168,0,0,0,0
47,0,781,4.483832,152.8497
48,0,0,0,0
135,1,193,4.942102,36.68414
57,0,286,0.4427986,66.62288
58,0,0,0,0
45,1,657,7.302887,128.7875
170,1,205,4.9385,40.94502
44,0,1084,6.071861,209.2594
62,1,489,6.253294,87.85651
171,1,199,4.940302,39.88856
136,1,245,4.926503,45.69396
172,1,186,4.944202,36.60296
137,1,209,4.9373,41.37589
45,0,1988,10.60242,359.9662
46,0,0,0,0
168,1,532,4.840398,97.70135
48,0,519,1.126596,107.1946
55,1,729,7.072885,139.1956
173,1,215,4.830102,40.38234
54,1,1102,8.56583,197.6024
50,1,2694,15.78332,495.0787
169,1,208,5.437598,41.15448
46,1,652,7.201991,127.0919
49,0,252,1.949599,62.37696
138,1,285,4.9145,45.83601
174,1,210,5.436998,41.82903
170,1,217,4.9349,41.07423
45,0,920,4.602228,183.6248
139,0,275,1.944999,63.20533
140,0,0,0,0
140,0,0,0,0
140,0,0,0,0
140,0,0,0,0
127,1,3364,20.28088,600.7718
171,1,234,4.811202,41.68184
63,1,1019,8.469108,173.2127
140,1,219,0.9343098,42.32847
175,0,400,0.742608,69.97469
176,0,0,0,0
176,0,0,0,0
176,0,0,0,0
176,0,0,0,0
55,1,642,6.807393,125.3791
128,1,238,4.807002,41.58413
172,1,216,4.935202,42.6222
47,1,740,7.277986,137.1876
58,1,1432,11.57049,264.5338
176,1,266,0.8016156,42.97755
56,1,946,9.216231,181.2368
129,1,230,4.831002,43.10389
141,0,346,2.430797,79.21037
142,0,0,0,0
142,0,0,0,0
142,0,0,0,0
142,0,0,0,0
40,0,9000,43.69142,1596.608
51,1,955,9.109331,178.5552
177,1,208,4.937602,42.19455
130,1,218,4.934602,41.81008
173,1,475,6.257493,83.65665
50,0,1149,6.667281,239.5459
46,0,917,4.713022,184.5283
178,1,260,4.814202,49.42812
131,1,209,4.937302,41.72952
174,1,220,4.934002,43.95455
48,1,691,6.792692,135.0674
51,0,239,1.952199,60.37191
132,1,223,4.933103,44.69876
179,1,271,4.9187,45.91187
57,1,762,6.853384,142.0084
52,1,698,7.290586,135.8857
64,1,1183,10.14516,221.7095
41,0,821,4.735204,173.1438
142,1,851,4.2447,151.3467
133,1,231,4.816899,41.83525
180,1,202,4.939402,39.8031
49,0,413,1.917397,92.23112
50,0,0,0,0
143,1,222,4.933402,43.59804
181,1,212,5.436399,42.22208
134,1,241,4.811502,43.49448
52,1,726,8.081007,135.5583
65,1,501,6.349694,92.27054
182,1,205,4.938502,40.95433
58,1,630,7.310987,123.559
144,1,271,4.381502,46.78584
135,1,259,4.608504,47.04718
31,0,5334,24.00306,976.2079
53,1,718,6.982186,133.3943
183,1,190,4.943002,37.95439
136,1,215,5.218703,40.23863
50,1,681,6.295694,134.164
145,1,307,5.4079,51.93263
56,0,1968,10.14936,367.9415
57,0,0,0,0
184,1,207,4.837902,41.42561
66,1,495,6.72929,89.29508
32,0,400,1.92,88.84305
137,1,219,4.834302,42.52439
51,0,316,0.9368048,69.96971
52,0,0,0,0
53,1,682,7.795386,129.8036
146,1,307,4.907903,55.76734
185,1,296,5.411199,58.17958
175,1,1607,13.01795,287.6678
59,1,2196,12.3227,405.3417
59,1,757,6.338083,138.0322
186,1,206,4.938202,40.69631
67,1,491,6.244894,87.97273
176,0,254,1.4492,55.95589
177,0,0,0,0
177,0,0,0,0
187,1,192,4.942402,38.75446
177,1,208,2.836393,41.09028
147,0,605,2.878988,121.6777
148,0,0,0,0
148,0,0,0,0
148,0,0,0,0
148,0,0,0,0
33,0,819,2.678578,142.0445
57,1,945,8.099093,174.261
178,1,223,5.433099,44.55445
52,1,830,6.250998,159.7661
60,1,689,6.772286,129.8773
47,0,2464,12.9729,460.9018
188,1,500,6.641589,91.06039
179,1,215,4.9355,41.58536
42,0,2224,9.055292,398.4016
61,0,323,1.4354,74.44839
62,0,0,0,0
60,1,1038,8.008183,182.5732
189,1,252,4.9244,43.47714
46,0,4332,23.32876,767.6755
47,0,0,0,0
190,1,220,4.934002,43.15395
138,0,1603,9.679422,303.3201
139,0,0,0,0
139,0,0,0,0
53,0,698,4.212414,139.8347
54,0,0,0,0
180,0,530,3.193391,109.6827
181,0,0,0,0
181,0,0,0,0
68,0,1275,6.026455,243.3022
69,0,0,0,0
69,0,0,0,0
69,0,0,0,0
191,1,211,4.9367,40.85416
58,0,1011,5.696665,206.5005
59,0,0,0,0
181,1,216,2.935193,42.25333
61,1,647,7.305887,126.8064
192,1,209,4.9373,41.05963
62,1,696,6.79119,137.0082
54,1,1868,14.33958,364.2535
69,0,294,-2.690015,61.84529
70,0,0,0,0
70,0,0,0,0
70,0,0,0,0
148,1,1352,7.594389,245.8804
182,1,221,4.933702,44.00314
59,0,4466,20.60618,784.4242
60,0,0,0,0
60,0,0,0,0
60,0,0,0,0
60,0,0,0,0
193,0,274,0.3121989,59.61865
194,0,0,0,0
194,0,0,0,0
194,0,0,0,0
194,0,0,0,0
149,1,213,4.936102,42.69819
54,1,683,6.79509,131.7563
183,1,244,4.9268,41.6058
194,1,286,0.7914169,46.5469
70,1,540,2.837982,91.92387
184,1,195,4.941502,38.32817
62,1,684,7.192991,129.1402
150,0,338,0.6970069,73.00709
151,0,0,0,0
151,0,0,0,0
151,0,0,0,0
151,0,0,0,0
55,1,671,7.198086,132.7271
195,1,214,4.935802,42.83064
185,1,205,4.938502,39.75299
59,0,979,4.700022,198.2816
60,0,0,0,0
48,0,1978,9.779829,373.3745
196,1,213,4.827103,39.44421
186,1,229,4.931303,44.15441
63,0,1018,5.296423,191.9769
64,0,0,0,0
64,0,0,0,0
64,0,0,0,0
71,1,463,5.8611,86.8643
34,0,2254,11.0492,429.1949
55,1,713,6.78609,132.2862
47,1,1676,12.4973,303.4236
151,1,513,2.733498,95.50065
187,1,294,4.911799,51.67904
43,1,2090,13.87304,391.7119
63,0,750,3.607988,143.7039
152,1,217,4.831903,42.93053
197,1,451,6.364695,85.24419
64,0,433,-0.302812,95.35543
65,0,0,0,0
65,0,0,0,0
65,0,0,0,0
188,1,231,4.930702,44.3915
60,1,734,6.658191,134.801
72,1,567,6.124496,98.12813
198,1,188,4.943602,37.43475
153,1,243,4.8097,41.61362
56,1,671,7.798687,133.2184
49,0,831,4.012806,169.0082
189,1,270,4.919,45.30249
199,1,210,4.937,41.1766
154,1,189,4.943302,37.60303
44,1,672,6.798392,130.1806
73,1,449,6.364695,86.54787
155,1,216,4.935202,42.75404
190,1,260,4.922,44.78042
64,0,696,3.531985,136.3205
65,0,704,0.8591908,143.4676
66,0,0,0,0
66,0,0,0,0
191,1,207,4.9379,40.40104
156,1,258,4.9226,44.82299
61,1,791,6.951883,138.6815
74,1,430,6.267996,83.15235
157,1,186,4.944202,37.55444
192,0,367,0.2719984,64.37457
193,0,0,0,0
193,0,0,0,0
45,1,679,7.296292,127.3762
65,1,673,7.696287,130.4669
158,1,269,4.919302,51.00967
66,1,688,5.793593,132.9078
193,1,205,2.938493,40.54402
50,0,1178,6.440466,227.8787
159,1,212,4.936402,42.2027
194,1,208,4.937602,41.8031
62,1,742,7.066585,136.7228
200,0,1358,7.228517,257.269
201,0,0,0,0
201,0,0,0,0
201,0,0,0,0
201,0,0,0,0
160,1,216,4.9352,41.37509
195,1,243,4.809099,43.34642
35,1,2288,11.8137,415.4614
66,1,673,6.689093,128.8628
67,1,681,7.795685,134.5561
196,1,271,4.9187,46.63851
46,1,920,9.724051,179.0365
63,1,662,7.801388,129.6066
197,1,210,4.937002,42.20311
56,1,3097,18.57064,601.2142
139,1,4362,31.19071,825.0114
36,1,712,7.579786,130.4978
161,1,892,9.031822,157.6783
67,1,847,8.529105,158.0679
140,1,318,4.904599,50.82449
47,1,674,7.696587,131.8734
37,0,308,0.9384044,69.53172
198,1,622,5.813399,107.3894
141,1,218,4.934602,43.95435
57,1,720,6.977389,134.774
162,1,477,6.356895,91.53151
142,0,222,0.2997985,45.76125
143,0,0,0,0
143,0,0,0,0
163,1,221,4.9337,41.30651
68,0,1261,5.02265,255.4639
69,0,0,0,0
51,0,1855,9.92839,359.2196
68,1,662,7.197787,128.9705
48,1,650,7.304986,126.4717
143,1,247,2.708492,45.99669
164,1,226,4.932202,42.35013
38,1,762,7.044381,136.9736
165,1,240,4.928002,46.67655
144,1,323,4.9031,51.4436
58,1,799,7.546485,146.8921
199,1,924,6.722789,162.8472
166,1,186,4.944202,37.95435
49,0,533,3.393391,108.8376
145,1,208,4.9376,39.95445
200,1,215,4.935502,42.72132
48,1,4525,24.43112,821.3231
69,1,694,7.388183,134.0874
167,1,254,4.9238,44.45123
146,1,185,4.944502,36.55445
201,1,186,4.944202,37.08643
52,0,933,4.602024,185.3496
57,0,4077,19.18414,798.6538
58,0,0,0,0
147,1,205,4.938502,40.55446
168,1,223,4.825299,41.25293
202,1,223,4.933103,43.99479
39,0,864,4.919395,176.4357
59,1,690,7.192989,135.0101
169,1,211,4.936702,42.0144
60,0,6093,28.28045,1085.934
61,0,0,0,0
61,0,0,0,0
61,0,0,0,0
70,1,678,7.194788,131.9493
148,1,420,5.227205,66.8567
170,1,231,4.930702,44.74878
58,0,593,1.881399,131.5242
59,0,0,0,0
203,1,465,5.340694,82.30765
171,1,212,4.836402,41.80208
149,1,265,4.9205,45.01474
53,0,870,5.223618,178.4808
60,1,643,7.307087,129.3922
204,1,268,4.919603,51.08533
172,1,204,4.938802,40.75394
150,1,255,4.9235,43.35541
205,1,198,4.940602,38.96778
173,1,221,4.9337,41.80641
40,1,1155,9.430149,213.9732
64,1,3412,19.35638,625.7076
174,1,222,4.933403,44.07044
49,0,1595,7.553558,297.5987
50,0,0,0,0
61,1,704,7.288791,132.6518
71,0,1080,4.040204,199.3172
50,1,1903,14.32129,355.8979
175,1,231,4.930702,46.00282
50,0,236,0.9528002,60.32458
51,0,0,0,0
41,0,389,2.422193,86.07303
151,1,751,7.774683,130.7332
176,1,220,4.934,41.43607
72,0,330,0.2991989,61.32652
73,0,0,0,0
152,1,238,4.826203,45.31879
65,1,697,7.684284,133.7302
42,0,422,1.915595,88.04897
62,1,662,7.691785,128.5921
177,1,403,5.379097,76.58521
206,1,1204,10.32448,206.7299
153,1,260,4.922,45.82721
51,1,759,7.070488,142.3774
59,1,1799,11.46045,347.9689
154,1,186,4.944202,37.40313
178,1,205,4.938502,41.20254
69,0,3508,15.54468,675.792
70,0,0,0,0
207,1,227,4.830102,44.35601
52,0,259,1.948199,61.65225
155,1,222,4.933402,43.41825
66,1,652,7.804388,129.398
208,1,207,4.937902,41.39845
179,1,283,4.9151,44.87149
54,1,1931,15.05405,358.6694
73,1,857,6.12789,151.9763
209,1,190,4.943002,38.35452
180,1,218,4.934602,43.55429
43,0,830,4.334004,160.6656
75,0,6361,31.72668,1209.642
76,0,0,0,0
76,0,0,0,0
76,0,0,0,0
60,1,685,6.879485,134.856
181,1,201,4.939702,40.40276
53,1,633,7.810089,122.3893
70,1,793,6.159094,143.0801
44,0,342,1.9316,75.56368
210,1,426,6.76679,81.86337
182,1,195,4.941502,38.81436
55,1,615,7.815488,122.5904
67,1,740,7.27799,139.1545
63,1,1323,10.79838,257.4094
183,1,213,4.9361,41.64216
211,1,298,4.9106,43.90209
45,0,418,1.916393,88.27696
61,1,662,6.801392,132.3139
184,1,184,4.944802,37.15434
212,1,224,4.9328,43.35778
71,0,570,2.179394,120.3804
72,0,0,0,0
56,1,653,6.804092,128.9736
213,1,223,4.933103,43.06952
68,1,690,7.692987,135.883
156,1,1496,11.55134,258.8438
61,0,3723,17.25505,667.6057
62,0,0,0,0
62,0,0,0,0
62,0,0,0,0
64,1,792,8.262403,154.5549
185,1,573,7.328084,98.56252
214,1,268,4.919602,47.67218
157,1,251,4.9247,44.42711
72,0,679,1.108402,124.1669
73,0,0,0,0
186,1,211,4.936702,42.19795
46,1,908,7.72758,173.287
158,1,211,4.936702,42.32817
74,1,1943,14.21176,375.0731
187,1,204,4.836402,39.81252
215,1,522,6.242793,88.3522
62,1,783,5.765087,148.8233
69,1,892,9.027041,172.7038
216,1,241,4.820503,47.13073
159,1,493,6.352092,92.91154
76,1,2135,11.85961,407.3518
188,1,436,5.253603,83.42485
65,1,931,8.2015,177.5031
73,1,766,5.934195,136.4803
47,1,694,7.17679,130.4001
160,1,199,4.839102,39.73919
217,1,266,4.920202,47.09779
63,1,413,6.376095,82.15005
54,0,2180,11.31835,410.7419
189,1,285,4.9145,45.15339
57,1,1462,10.62548,265.4116
218,1,205,4.9385,41.03828
161,1,271,4.9187,44.59523
77,1,477,6.252694,92.52014
70,0,691,3.738983,141.8644
71,0,0,0,0
190,1,260,4.787799,42.0428
219,1,208,4.937602,41.47886
201,1,8411,47.97921,1522.043
162,1,223,4.933103,43.35443
64,1,450,5.864997,87.79178
191,1,199,4.940302,40.00291
74,1,636,7.709188,127.6615
66,1,736,7.279188,139.0965
220,1,213,4.936102,42.99842
163,0,206,0.3191988,45.21086
164,0,0,0,0
164,0,0,0,0
75,1,1372,10.48847,259.4471
48,1,782,7.554584,139.4339
202,0,343,0.296599,77.90882
203,0,0,0,0
203,0,0,0,0
203,0,0,0,0
203,0,0,0,0
78,1,483,6.355094,91.5976
192,1,203,4.939102,40.15438
164,0,153,-1.642605,41.93663
165,0,0,0,0
165,0,0,0,0
221,1,224,4.825603,42.50677
58,1,769,7.269289,140.4872
65,1,433,5.8701,85.209
71,1,665,6.198094,129.4486
203,1,263,0.9211287,46.02288
193,1,262,4.9214,44.00463
165,1,248,2.820792,47.13483
222,1,220,4.934002,43.55458
79,1,427,6.871896,85.52053
194,1,202,4.939402,41.00311
166,1,206,4.938202,41.95446
67,1,667,7.299891,126.6041
66,1,436,6.369195,86.20399
49,1,626,7.812188,123.002
204,1,393,6.281494,73.90697
195,1,191,4.942702,38.40307
223,1,382,4.8854,65.33125
167,1,274,4.9178,46.2237
196,1,186,4.944202,37.95442
62,1,3228,21.43127,574.2811
205,1,214,4.9358,41.25497
80,1,453,5.864097,87.51393
224,1,237,4.8115,42.22656
72,1,692,7.792386,131.4206
168,1,218,4.934602,43.95449
67,1,473,5.8581,87.77682
206,1,229,4.931303,45.10302
197,1,270,4.919003,45.86795
225,1,259,4.9223,43.57336
50,0,590,1.763995,126.9452
68,1,719,8.284305,136.6106
207,1,186,4.944202,37.55426
169,0,280,0.2941986,57.90821
170,0,0,0,0
170,0,0,0,0
81,1,412,6.376395,81.95402
198,1,194,4.941802,39.42888
226,1,190,4.943002,38.21444
208,1,202,4.939402,40.50692
170,1,202,2.939393,39.95448
199,1,201,4.939702,40.55441
227,1,220,4.934,42.67039
63,0,754,3.214982,154.5878
64,0,0,0,0
68,1,590,5.822997,111.318
209,1,188,4.943602,38.2288
171,1,214,4.935802,42.64006
200,1,207,4.9379,41.12416
82,1,471,5.8587,88.6506
228,1,180,4.946002,36.75584
51,1,678,6.693592,129.7563
210,1,213,4.936102,42.55441
69,1,695,7.171088,130.6292
172,1,236,4.929202,42.64716
75,1,2159,14.85229,414.5278
229,1,204,5.438798,40.86946
201,1,266,5.420198,50.43677
69,1,434,6.369795,87.55569
76,1,2133,16.5462,396.1974
211,1,209,5.437298,40.67482
83,1,398,6.380595,79.15405
230,1,191,4.942702,38.95454
202,1,198,4.840002,39.17248
173,1,252,4.9244,44.5393
64,1,662,6.194795,129.3198
212,1,209,5.437303,40.72816
203,1,189,4.943302,38.55428
174,1,186,4.944202,37.55443
231,1,254,4.9238,45.17821
213,1,213,4.9361,41.2063
175,1,205,4.938502,41.35444
70,1,495,6.351494,97.80097
70,1,665,7.696287,132.3591
84,1,466,6.360195,92.19126
232,1,234,4.8076,40.72859
76,1,702,7.789392,130.6192
59,1,2573,16.82201,472.0951
214,1,218,4.934602,43.32773
176,1,233,4.9301,43.03392
51,1,7297,40.31103,1336.107
233,1,235,4.929503,45.17642
55,1,3604,23.69795,685.1425
77,1,819,7.254287,145.1896
204,1,575,6.123893,104.3742
215,1,259,4.8217,45.28588
71,1,427,6.171895,85.36488
177,1,223,4.831903,43.3104
85,1,434,6.869791,85.95361
234,1,221,4.933702,43.75452
205,1,202,4.939402,40.354
216,1,220,4.934002,44.0393
178,1,186,4.944202,37.9544
71,1,700,7.789986,138.3063
77,1,663,7.691487,127.6882
235,1,220,4.934002,43.00311
206,1,235,4.929502,46.45623
179,1,213,4.9361,41.45578
72,1,437,6.168295,88.46632
56,0,577,2.680993,118.4214
217,0,265,1.447,65.75544
218,0,0,0,0
218,0,0,0,0
218,0,0,0,0
218,0,0,0,0
86,1,472,6.358394,90.04164
207,1,194,4.941802,39.40956
236,1,243,4.927102,47.77944
180,1,185,5.444502,37.75465
78,1,720,7.783985,132.7695
60,0,965,4.806993,203.9706
237,1,200,4.94,40.46931
57,0,309,1.4382,72.82564
208,1,216,4.935202,43.55422
181,1,204,4.834602,40.7122
73,1,446,6.155994,86.17682
218,1,437,1.868902,83.02641
72,1,633,7.310087,126.8059
182,1,200,5.440002,40.60309
238,1,260,4.922,46.39494
65,1,1808,12.75229,322.9868
219,1,249,4.925302,48.30071
183,1,190,4.843002,39.11808
239,1,251,4.9247,44.45497
74,1,410,6.376995,81.98489
87,1,780,7.297591,136.0634
61,1,699,7.181887,135.3678
78,1,1043,8.187101,193.2874
58,0,591,2.781791,121.7971
220,1,236,4.8094,41.89494
240,1,186,4.944202,37.55457
209,1,721,7.283689,125.399
184,1,313,5.406102,63.84896
73,1,747,6.547089,136.6748
241,1,230,4.931002,44.63478
210,1,216,4.9352,41.24923
185,1,212,4.836402,42.75444
88,1,433,6.370095,85.56042
75,1,456,5.7602,86.00951
52,0,2977,12.40451,539.9432
186,0,177,0.3303991,44.90922
187,0,0,0,0
187,0,0,0,0
242,1,214,4.935802,42.60305
211,1,253,4.9241,44.61459
79,1,681,7.795688,134.8304
62,1,688,7.293587,134.7608
187,0,177,-1.667205,44.01169
188,0,0,0,0
188,0,0,0,0
243,1,216,4.935202,43.80308
76,0,441,0.7530066,86.99329
77,0,0,0,0
77,0,0,0,0
77,0,0,0,0
77,0,0,0,0
77,0,0,0,0
89,1,481,6.750295,87.99608
188,1,231,2.822893,43.76901
221,1,928,6.721589,168.2398
244,1,206,4.938202,41.80307
212,1,461,6.861691,86.15673
222,1,203,4.9391,40.51537
189,1,261,4.9217,45.07038
77,1,423,0.8731589,83.0827
90,1,421,6.373695,84.62168
213,1,266,5.420202,44.93646
223,1,212,4.936402,42.60266
80,1,704,7.788788,137.0181
190,1,212,4.936402,42.35445
214,1,206,4.9382,41.04626
245,0,582,2.643986,121.9673
246,0,0,0,0
246,0,0,0,0
224,1,220,4.934002,43.4026
191,1,207,4.9379,40.78799
78,1,492,6.043995,91.38923
225,1,251,4.9247,43.75922
215,1,310,5.299798,58.22226
79,1,2642,16.29594,512.7589
192,1,273,4.804299,45.16704
59,0,1945,10.78875,381.2178
74,1,1665,11.68447,308.2553
53,1,1527,11.04201,276.7776
216,1,195,4.941502,39.75447
226,1,222,4.9334,42.75686
193,1,224,4.932802,45.03522
81,1,768,7.769588,140.6272
217,1,189,4.842102,37.65321
246,0,698,1.520795,138.8725
247,0,0,0,0
247,0,0,0,0
227,1,201,4.939702,40.95434
75,0,390,1.695598,80.01573
76,0,0,0,0
194,1,269,4.711503,46.32957
91,1,1180,9.146025,220.3304
52,0,4036,22.15443,782.2203
53,0,0,0,0
228,1,214,4.935802,43.77138
195,1,185,4.944502,37.62222
54,1,621,7.313688,122.955
80,1,785,8.264502,154.2358
229,1,212,4.834,41.36073
79,0,990,3.083978,205.152
80,0,0,0,0
80,0,0,0,0
80,0,0,0,0
196,1,223,4.933103,43.76918
92,1,417,6.374895,82.80226
230,1,199,4.839102,39.5208
247,0,647,1.122596,130.3868
248,0,0,0,0
248,0,0,0,0
218,1,706,6.686989,130.2535
197,1,224,4.8268,42.44626
231,1,184,4.944802,37.26944
219,1,220,5.333398,44.23935
76,1,836,7.249187,156.9229
198,1,199,5.440302,40.40536
80,1,499,2.745483,89.99689
93,1,431,6.159894,82.47095
55,1,673,8.298084,133.1399
232,1,255,4.9235,45.25509
66,1,3636,26.40867,677.9934
81,1,694,7.082785,133.0486
248,1,503,4.741298,96.09375
220,1,266,4.800402,45.32695
199,1,222,4.823803,40.59184
56,0,2174,9.5653,431.2438
81,0,295,0.2899985,58.09038
82,0,0,0,0
82,0,0,0,0
82,0,0,0,0
233,1,227,4.931902,44.42215
249,1,255,4.9235,46.72554
82,0,173,-3.180813,38.14801
83,0,0,0,0
83,0,0,0,0
83,0,0,0,0
60,0,1786,9.268457,318.5305
234,1,208,4.9376,41.05744
221,1,403,4.8791,81.17088
250,1,228,4.826202,44.50666
56,0,588,3.282393,128.2411
235,1,217,4.934902,43.35395
94,1,699,6.29029,120.8977
222,1,226,4.932202,44.60271
82,1,707,6.678292,133.5903
83,1,418,2.874586,82.05235
82,1,1982,13.90542,375.6639
251,1,261,4.9217,43.02526
236,1,192,4.942402,39.15446
57,0,371,1.9258,86.93604
252,1,202,4.9394,40.60154
77,1,1172,6.933387,231.4338
237,1,307,4.774299,49.12763
95,1,483,6.355094,93.61166
223,1,445,6.366495,83.03613
253,1,248,4.925602,48.98396
83,1,629,7.311287,124.4538
224,1,237,4.812699,41.76961
254,1,252,4.823203,49.20708
58,1,623,7.208291,123.9263
96,1,466,6.360195,90.79996
225,1,223,4.933102,44.90405
238,0,522,2.895596,109.0167
239,0,0,0,0
239,0,0,0,0
239,0,0,0,0
239,0,0,0,0
255,1,206,4.938202,41.4031
78,1,695,7.080085,136.639
226,1,229,4.931302,44.76754
84,1,1117,6.6649,212.4996
83,1,1106,10.06648,215.8597
256,1,209,4.831303,40.24553
97,1,424,6.372795,83.5555
84,1,662,7.199587,127.7086
53,0,2937,13.97516,559.1455
54,0,0,0,0
257,1,215,4.834902,43.54641
59,1,727,6.680092,131.649
200,0,2207,12.34093,407.3651
201,0,0,0,0
201,0,0,0,0
85,1,428,6.371594,85.15546
61,0,1933,9.652235,354.6309
258,1,225,4.730103,45.22789
79,1,715,6.785492,134.7207
98,1,518,6.239192,97.41341
84,1,660,7.693586,129.1328
259,1,214,4.8334,41.81533
67,0,2591,10.3566,504.5804
68,0,0,0,0
239,1,990,5.203,170.9305
227,1,812,8.256407,151.5659
60,0,455,1.908994,103.4053
86,1,418,6.273995,82.62793
260,1,189,4.943302,38.15453
54,0,722,2.208781,145.9871
55,0,0,0,0
228,1,213,4.824102,40.95011
240,1,233,5.430102,47.33787
99,1,435,6.264095,85.20768
100,0,85,0.4829997,27.47615
101,0,0,0,0
101,0,0,0,0
101,0,0,0,0
101,0,0,0,0
241,1,217,4.934903,41.91156
229,1,228,4.931602,44.16732
80,1,665,7.300492,125.255
261,1,403,5.879099,75.94466
87,1,424,5.872799,84.78696
85,1,684,6.874987,131.7619
230,1,262,4.792599,41.85993
262,1,218,4.9346,41.23127
61,1,712,7.676787,136.7728
101,1,412,1.876411,81.82439
263,1,183,4.945102,36.67151
231,1,235,4.929502,47.44042
88,1,433,6.269494,85.30949
242,1,550,4.835,104.8416
81,1,668,7.087585,129.3583
264,1,215,4.935502,43.60313
86,0,598,2.880392,130.6075
87,0,0,0,0
243,1,209,4.8337,40.52654
232,1,282,4.9154,48.52868
62,0,1692,9.349068,333.9216
102,1,555,7.333491,107.4268
85,1,2003,14.3991,380.1163
244,1,234,4.929802,46.36847
89,1,502,6.230794,93.43767
233,1,251,4.711502,44.39567
82,0,376,1.4248,78.89029
83,0,0,0,0
62,1,729,6.781291,136.282
265,1,484,5.832595,91.95576
245,1,193,4.942102,38.80295
234,1,209,4.937303,37.17076
87,0,541,0.7702023,113.4029
88,0,0,0,0
201,0,2091,9.945158,396.1945
202,0,0,0,0
202,0,0,0,0
103,1,402,6.379395,80.52789
266,1,188,5.443598,37.55448
83,0,331,0.9338014,77.61544
84,0,0,0,0
90,1,434,5.8698,85.43621
235,1,211,4.936702,42.80262
246,1,276,4.9172,46.57006
202,0,290,-0.5580034,69.80725
203,0,0,0,0
203,0,0,0,0
247,1,189,4.943302,37.75434
236,1,206,4.9382,40.84156
63,1,7418,37.46547,1370.159
84,0,319,0.4362,73.35708
85,0,0,0,0
63,1,685,7.082485,131.4933
55,0,2112,9.821147,405.1082
56,0,0,0,0
104,1,492,6.744596,94.61242
248,1,189,5.443298,38.00314
91,1,440,6.262595,86.35193
237,1,224,4.932802,45.91529
267,1,543,6.837097,101.4396
88,1,733,6.280095,137.3265
64,0,356,1.428799,78.82207
268,1,218,4.934602,42.39842
238,1,241,4.822903,45.4755
203,1,559,4.6131,102.9823
249,1,364,5.390797,69.98735
63,0,1337,8.023682,257.4482
64,1,662,7.801388,130.5892
269,1,226,4.729802,44.42512
85,1,685,6.79449,133.2328
204,1,255,4.923502,46.91217
105,1,583,6.214893,108.787
250,1,216,4.9352,41.51606
92,1,570,5.828995,102.2829
57,1,5506,28.01202,1033.054
205,1,186,4.944202,37.95507
239,1,535,5.8395,104.6739
251,1,242,4.808199,40.99244
89,1,657,6.802893,127.8519
206,1,205,4.9385,40.5582
106,1,461,5.756896,90.09408
270,1,538,5.629001,100.304
65,0,561,2.887793,120.9193
240,1,227,4.931902,46.22724
252,1,262,4.9214,47.7197
93,1,507,6.245491,94.72978
207,1,192,4.942402,38.60304
271,1,228,4.931603,44.51602
241,1,227,5.431897,40.63467
86,1,2273,12.86535,425.6438
58,1,634,7.709787,124.8804
208,1,229,4.931303,45.60307
65,1,1154,8.444814,213.6376
272,1,208,4.9376,40.62445
90,1,646,7.001387,129.2328
107,1,449,6.365294,85.96394
59,0,181,0.8320039,44.31926
209,1,205,4.938502,41.35443
253,1,531,5.8407,99.4675
94,1,565,6.830492,101.4662
273,1,209,4.834903,41.50749
66,1,671,7.298689,131.5157
56,0,1786,8.642891,356.6087
210,1,237,4.816899,41.73283
242,1,555,6.333494,103.3235
86,1,1336,11.59929,262.1143
108,1,452,6.364394,86.91559
274,1,282,4.686602,47.24621
211,1,227,4.831903,44.25622
95,1,387,6.383895,78.36908
91,1,644,7.691185,123.4751
243,1,308,4.8004,61.2435
87,0,763,4.347393,161.6008
88,0,0,0,0
66,1,720,7.672583,135.2278
74,0,3863,22.22689,715.6398
254,1,621,5.813696,116.8334
212,1,206,4.9382,40.02224
60,1,722,7.565985,139.0383
64,0,1935,11.5093,374.0254
244,1,225,4.932502,44.18795
109,1,427,6.371895,85.94913
255,1,194,4.941802,39.55445
213,1,181,4.945702,36.95446
275,1,491,4.852699,89.8158
245,1,184,4.944802,37.55442
87,1,674,6.797791,132.9872
214,1,185,4.944502,37.75447
276,1,181,4.945702,36.95443
256,1,251,5.424699,48.97163
246,1,204,4.938802,40.99431
110,1,416,6.375195,82.75343
215,1,192,4.942402,39.0031
277,1,253,4.704299,44.6799
257,1,225,4.932502,44.55439
88,1,779,6.508076,139.6055
247,1,214,4.8328,40.71412
216,1,212,4.936402,42.60306
65,0,690,3.551786,137.2229
258,1,230,4.931,41.7376
217,1,182,4.945402,36.75445
248,1,252,4.9244,43.05608
88,1,681,7.591487,133.5552
111,1,496,6.250594,93.16329
61,1,1019,8.694315,198.2179
259,1,185,4.944502,37.75441
218,1,195,4.9415,39.75449
67,1,1357,9.592948,266.038
260,1,207,4.937902,41.35409
89,1,656,7.990588,128.743
278,1,704,7.469584,130.5397
67,1,1911,13.72554,362.8286
219,1,226,4.932202,45.55444
249,1,459,6.362295,83.84097
66,1,672,7.798388,126.7826
261,1,210,4.937002,42.35399
279,1,228,4.931602,44.54885
220,1,214,4.935802,43.15458
250,1,204,5.438798,40.60256
112,1,616,7.113391,122.0279
89,1,687,7.086084,128.2476
92,1,1830,12.4511,332.4595
262,1,216,4.820802,39.83175
62,1,679,7.189088,131.7533
280,1,192,4.942402,39.0031
221,1,222,4.9334,41.50387
251,1,212,4.9364,40.64135
281,1,209,4.7361,40.51807
90,1,654,7.803788,128.8797
263,1,313,4.9061,62.72861
222,1,224,4.9328,41.31181
252,1,214,4.828603,40.93969
113,1,446,5.866199,85.92804
282,1,208,4.9376,41.45972
264,1,200,4.940002,40.60325
223,1,203,4.939102,40.95444
253,1,200,4.94,40.23905
90,1,680,7.795987,132.8906
63,1,704,7.28879,133.6269
265,1,220,4.934,42.69214
224,1,245,4.926502,44.81404
93,1,805,6.758492,153.4565
254,1,295,4.806103,52.90544
266,1,218,4.726799,40.62817
68,1,1505,12.4396,271.9786
68,1,1385,11.48461,248.0679
225,0,331,0.2857986,66.00187
226,0,0,0,0
226,0,0,0,0
255,1,300,4.910002,52.82252
267,1,232,4.816002,42.02992
283,1,789,7.763284,136.6301
91,1,647,8.305888,128.9862
226,1,211,2.936693,41.22627
256,1,203,4.939102,40.95442
64,1,654,7.303787,128.5298
114,1,1018,9.089239,196.4396
284,1,222,4.7262,40.47821
94,1,742,8.777418,138.1316
257,1,238,4.9286,42.10908
285,1,215,4.9355,41.70636
69,1,673,7.798089,126.6801
227,1,409,6.377294,79.35438
258,1,222,4.831002,44.46013
67,0,2081,12.58366,410.838
286,1,225,4.822302,42.95073
268,1,766,7.770186,138.5713
259,1,185,5.344502,37.60291
92,1,721,7.156689,134.5891
69,1,1017,8.483509,190.3561
269,1,196,4.941202,39.28354
95,1,630,7.706188,125.8534
287,1,254,4.923802,47.11306
228,1,522,6.724194,99.15757
260,0,286,1.442801,68.68966
261,0,0,0,0
261,0,0,0,0
261,0,0,0,0
261,0,0,0,0
91,1,2013,11.25005,381.6687
270,1,218,4.934602,43.55598
288,1,196,4.941202,39.80544
70,1,661,7.801688,131.7493
229,1,211,5.436698,42.80307
261,1,200,0.9400096,40.45996
289,0,232,0.9536031,59.75143
290,0,0,0,0
290,0,0,0,0
271,1,254,4.9238,43.60286
93,1,641,8.307704,127.1085
230,1,211,4.936702,42.55447
262,1,211,5.330102,41.27922
70,1,662,7.801386,131.2759
290,1,206,2.938193,40.69715
96,1,723,7.651881,134.3706
231,1,243,4.816903,44.46036
263,1,250,4.925,41.99491
272,1,327,4.9019,49.55553
71,1,675,7.693886,134.1932
92,0,791,3.22438,164.3723
93,0,0,0,0
232,1,206,4.9382,40.50327
273,1,187,4.943902,38.15411
264,1,197,4.9409,40.00532
97,0,262,-0.05239993,62.87242
274,1,186,4.944202,37.80284
94,1,670,7.495986,130.8615
233,1,218,4.934602,43.72817
265,1,227,4.831903,42.62753
71,1,660,6.697192,127.4469
291,1,655,6.303494,125.7173
68,0,1672,10.0608,337.439
275,1,219,4.8199,40.69125
234,1,200,4.94,40.60457
266,1,205,4.9385,41.72183
292,1,203,4.9391,40.54403
72,1,655,7.198688,130.6716
93,1,660,6.301993,127.69
235,1,191,4.942702,38.95446
276,1,209,4.937302,42.55424
267,1,228,4.814799,41.75943
57,1,6051,33.43612,1123.924
236,1,203,4.939102,41.2461
268,1,212,4.936402,40.84035
277,1,302,4.761401,48.2985
75,1,5885,38.23426,1090.258
237,1,234,4.929802,43.06151
269,1,194,4.941802,39.15432
278,1,201,4.9397,39.94972
293,1,648,6.80559,121.0158
69,1,863,8.1357,165.4895
238,1,201,4.839102,41.13977
73,1,666,7.598387,131.8355
270,1,195,4.941502,39.35397
69,0,752,3.349589,157.4006
70,0,0,0,0
279,1,232,4.930403,45.19645
239,1,202,4.9394,39.95446
271,1,186,4.944202,37.95417
95,1,1276,8.493215,240.8048
294,1,282,5.415399,50.15299
280,1,195,5.441502,39.75443
76,1,624,7.312787,125.3816
295,1,189,4.943302,38.34975
240,1,220,4.934002,43.80307
272,1,222,4.720799,40.89614
281,1,203,4.939102,40.80272
241,1,188,4.943602,38.35448
296,1,205,4.9385,40.94363
273,1,203,4.835502,40.25092
282,1,199,4.9403,40.0826
74,0,740,4.250202,159.4981
75,0,0,0,0
297,1,189,4.943302,38.30188
77,0,488,2.402393,100.8314
78,0,0,0,0
274,1,211,4.936702,42.9541
58,1,1419,11.8708,269.985
98,1,2152,12.64379,411.4981
298,1,206,5.336998,41.95421
275,1,198,5.440602,40.05381
299,1,205,4.8355,40.1167
276,1,214,4.832202,41.49237
283,0,653,3.869387,130.208
284,0,0,0,0
284,0,0,0,0
284,0,0,0,0
284,0,0,0,0
75,1,650,6.59959,126.7223
277,1,190,4.943002,38.60294
96,1,1308,10.49627,256.3806
59,1,747,7.675885,139.9644
99,1,712,6.977987,136.3602
300,1,440,5.367998,84.29897
284,0,348,-3.069595,73.45219
285,0,0,0,0
285,0,0,0,0
285,0,0,0,0
285,0,0,0,0
301,1,189,4.943302,37.58245
285,1,257,0.9229077,44.08905
76,1,648,7.200187,128.2536
302,1,203,4.9391,40.58287
286,1,204,4.938802,41.55444
97,1,693,7.690285,132.7983
303,1,220,4.934002,43.65905
94,1,2967,18.60966,565.6229
287,1,189,4.843302,38.43485
100,1,724,7.180987,140.5368
304,1,195,4.9415,39.7543
60,1,838,7.48738,150.0635
78,1,1781,13.46572,348.128
288,1,251,4.9247,47.88365
305,1,211,4.936702,42.81431
95,0,457,2.172588,95.66396
306,1,218,4.8238,42.02608
289,1,298,5.410599,59.83692
115,1,5881,34.63343,1064.677
98,1,725,7.078887,135.906
278,1,1581,11.52582,283.2492
101,1,694,7.791786,136.8769
307,1,195,4.941502,39.75443
290,1,241,4.807899,41.58994
96,0,387,2.316596,89.55848
65,0,6274,29.22316,1193.289
72,1,4287,22.71331,812.5355
308,1,212,4.733402,42.70686
291,1,199,4.940302,40.55425
279,1,318,5.404601,58.93601
116,1,444,6.266794,89.46434
309,1,205,4.833702,41.37391
292,1,195,4.941502,39.2029
70,1,3473,17.85184,674.431
77,0,1552,8.689665,313.0309
78,0,0,0,0
117,0,340,1.432,75.72334
118,0,0,0,0
118,0,0,0,0
118,0,0,0,0
118,0,0,0,0
118,0,0,0,0
310,1,186,4.944202,37.42236
99,1,751,8.069906,147.0537
293,1,218,4.832202,42.89309
97,1,683,7.689086,133.836
311,1,184,4.944802,37.40313
79,1,1352,11.5945,258.1859
294,1,211,4.936703,41.58818
312,1,219,5.434298,43.75444
295,1,180,5.445998,36.75415
118,1,456,1.149435,85.98994
71,1,643,7.807087,128.7294
313,1,193,4.942102,39.35442
100,1,656,6.895988,130.0668
102,1,1296,11.61131,257.0852
296,1,215,4.835502,43.39589
242,1,3754,24.87323,696.81
314,1,206,4.938202,41.00303
98,1,702,6.789392,134.1827
119,1,419,5.8743,83.79757
243,1,214,4.8322,41.01857
80,1,659,7.697487,130.4938
61,1,2139,16.15343,421.1517
297,1,314,4.797999,61.95065
66,0,1436,6.133747,272.3986
315,1,220,4.7238,40.76307
78,0,1122,5.775634,230.3873
73,1,1436,9.453654,279.591
316,0,95,-0.01899998,28.78718
317,0,0,0,0
317,0,0,0,0
298,0,146,-0.02919997,42.47799
299,0,0,0,0
299,0,0,0,0
299,0,0,0,0
299,0,0,0,0
280,1,1529,12.04139,275.6658
72,1,687,7.793887,133.7683
103,1,636,7.809187,127.4054
317,1,201,2.939693,40.18799
120,1,463,5.754497,90.52752
101,1,712,7.579785,139.4901
299,1,253,0.924125,42.44854
281,1,243,4.927102,45.51678
99,0,656,3.02798,136.3064
100,0,0,0,0
318,1,201,4.8385,40.42715
62,1,633,7.810087,127.045
300,1,208,4.937602,41.15392
81,0,680,3.138182,144.8277
82,0,0,0,0
74,1,610,7.816988,123.7033
282,1,241,4.827702,47.05163
319,1,196,4.941202,39.95445
301,1,202,4.8376,40.35516
73,1,661,7.597489,131.3827
283,1,199,5.440302,40.21734
320,1,239,4.9283,42.69294
302,1,215,4.935502,42.93373
284,1,205,4.938502,41.75394
102,1,718,7.164789,135.2905
321,1,206,4.9382,41.43605
100,1,672,6.094798,127.7974
303,1,207,4.836702,42.16934
82,1,644,6.589386,125.2868
285,1,269,4.919302,49.92268
75,1,703,7.189089,135.3147
322,1,195,4.941502,39.60317
304,1,218,4.834002,42.35929
286,1,218,5.434597,42.65432
323,1,200,4.940002,40.35437
74,1,730,6.65339,134.8652
104,1,1358,10.99269,257.0339
305,1,232,4.930403,44.05576
103,0,651,1.603794,130.77
104,0,0,0,0
244,1,1882,15.27592,349.3985
287,1,216,4.935202,43.76704
324,1,213,4.936103,37.92432
67,1,1840,13.64148,360.2144
306,1,202,4.9394,42.90131
245,1,202,4.9394,40.17842
325,1,204,4.9388,40.41339
83,1,736,7.779185,145.5357
101,1,789,7.618279,145.3483
76,1,664,7.19719,130.1756
307,1,191,4.942702,38.59826
246,1,203,4.9391,41.01325
326,1,203,4.939102,40.27538
79,1,2155,16.75161,421.1866
308,1,206,4.9382,41.06899
75,1,732,7.632976,137.2528
105,1,665,7.19569,131.2038
121,0,2030,10.78202,401.2075
122,0,0,0,0
122,0,0,0,0
122,0,0,0,0
122,0,0,0,0
122,0,0,0,0
247,1,238,4.706999,42.62619
327,1,298,4.9106,61.1313
309,1,228,4.931602,45.48263
104,1,751,5.542301,135.9178
68,1,671,7.081883,129.9398
77,0,512,3.39759,116.3005
122,0,177,-4.665956,43.97319
123,0,0,0,0
123,0,0,0,0
123,0,0,0,0
248,1,231,4.816902,43.76033
102,1,700,6.878586,137.7159
328,1,216,4.935202,43.55443
310,1,274,4.770999,41.58506
288,0,1028,5.974069,210.8187
289,0,0,0,0
289,0,0,0,0
289,0,0,0,0
289,0,0,0,0
249,1,217,4.9349,41.2597
84,1,947,8.61592,176.85
76,1,720,7.669582,138.6996
329,0,353,1.282598,76.11761
330,0,0,0,0
330,0,0,0,0
250,1,204,4.938802,41.15443
311,1,425,5.963494,82.73635
78,1,659,7.802288,130.6891
69,1,700,6.565389,131.5836
289,1,446,1.762001,87.04221
105,1,766,7.270184,143.1153
251,1,208,4.937602,42.14996
103,1,656,6.698991,129.417
123,0,822,1.735584,172.7142
124,0,0,0,0
124,0,0,0,0
124,0,0,0,0
124,0,0,0,0
124,0,0,0,0
312,1,183,5.445098,37.35419
330,1,331,3.900695,64.18256
290,1,210,4.937002,42.75428
252,1,238,4.928602,48.11228
124,0,172,-4.664958,43.50859
125,0,0,0,0
125,0,0,0,0
125,0,0,0,0
85,1,624,7.312791,124.8215
331,1,208,4.937602,42.35433
291,1,218,4.934602,43.55404
313,1,312,5.406401,54.04961
253,1,212,5.436402,41.56168
77,1,716,7.681585,140.7082
106,0,499,2.400192,112.7188
107,0,0,0,0
332,1,191,4.942702,38.95454
292,1,209,4.8319,40.56255
314,1,201,4.9397,40.02899
70,1,678,7.653379,125.0775
254,1,211,4.9367,41.18341
104,1,669,7.095688,133.4125
333,0,270,1.445998,65.6003
334,0,0,0,0
334,0,0,0,0
293,1,191,4.942702,38.49848
315,1,221,4.933702,44.80305
107,0,380,0.9240001,88.83945
108,0,0,0,0
79,0,971,4.127266,186.3961
255,1,237,4.928902,43.95927
80,0,1990,10.60199,396.4777
105,0,217,0.9566016,53.01786
106,0,0,0,0
294,1,262,4.9214,47.93498
316,1,233,4.930102,44.36805
78,1,686,7.29419,132.5022
86,1,894,7.864579,163.6137
63,0,3933,22.65705,734.3102
64,0,0,0,0
256,1,454,6.363792,86.39893
295,1,319,4.729898,48.66471
317,1,319,5.404299,64.3181
125,0,1168,3.063379,235.7988
126,0,0,0,0
126,0,0,0,0
126,0,0,0,0
126,0,0,0,0
126,0,0,0,0
106,1,2458,17.49645,448.8442
334,1,778,6.766587,148.0996
257,1,209,4.8319,41.48669
80,1,688,7.08639,129.1191
296,1,206,5.438202,41.40321
318,1,202,4.9394,40.24323
106,1,730,6.073195,138.6287
108,0,819,3.836186,170.3584
109,0,0,0,0
335,1,199,5.440302,40.15044
258,1,205,4.9385,42.59231
79,1,690,7.677984,135.5428
319,1,340,4.724201,47.26977
336,1,213,4.936102,42.95458
259,1,202,4.939402,41.11675
87,1,937,9.096734,180.7707
320,0,217,0.9566027,57.40979
321,0,0,0,0
321,0,0,0,0
321,0,0,0,0
321,0,0,0,0
126,0,729,-1.250574,154.86
127,0,0,0,0
127,0,0,0,0
127,0,0,0,0
127,0,0,0,0
127,0,0,0,0
260,1,203,4.939102,40.15445
337,1,207,4.9379,41.2254
107,1,676,6.991188,133.83
297,1,613,6.816092,111.3202
81,1,709,7.185486,140.9424
64,0,1073,6.785465,220.1112
65,0,0,0,0
321,1,198,0.9406097,39.8163
261,1,200,4.94,40.35049
338,1,210,4.937002,42.75438
298,1,193,4.840902,38.1755
107,1,743,6.777089,135.4436
322,1,201,4.8385,40.01154
65,0,274,0.9452002,66.17214
299,1,226,4.932202,44.75004
109,0,948,5.208631,200.4105
110,0,0,0,0
323,1,186,4.944202,37.5544
71,1,2155,17.00359,412.3099
108,0,377,1.324596,87.87576
300,1,196,4.941202,39.40315
262,1,451,6.152094,88.12778
127,0,717,-1.358962,150.476
128,0,0,0,0
128,0,0,0,0
128,0,0,0,0
128,0,0,0,0
128,0,0,0,0
324,1,211,5.436697,41.3249
263,1,191,4.942702,38.75943
71,0,986,4.600398,196.295
301,1,245,4.926502,47.41206
81,0,2164,11.56717,424.5887
325,1,200,4.94,39.97771
128,0,290,-4.162139,68.44479
129,0,0,0,0
129,0,0,0,0
129,0,0,0,0
129,0,0,0,0
129,0,0,0,0
66,1,683,8.295114,132.3311
302,1,197,4.9409,39.86943
110,1,650,6.804989,128.8605
326,1,211,4.8349,41.37934
88,1,1261,10.62178,247.0622
80,1,1554,10.93331,304.1534
264,1,421,5.867094,83.38605
72,1,661,7.301687,131.3844
109,1,675,7.297487,131.6517
303,1,249,5.425302,47.77308
327,1,263,4.686299,43.12311
129,1,456,1.86324,87.27308
265,1,256,4.792001,42.84567
304,1,218,4.9346,43.82665
111,1,626,7.312187,125.5556
266,1,232,4.930402,46.16772
89,1,616,6.815193,122.8434
72,1,988,9.100618,191.0398
305,1,289,4.279101,46.30516
328,1,405,4.7719,73.02792
73,1,654,7.803788,129.522
267,1,216,4.830402,42.7505
67,0,894,4.719398,183.1863
68,0,0,0,0
110,1,688,7.591787,139.1391
81,1,774,7.267789,142.0043
329,1,233,4.808499,41.08995
306,1,260,4.9214,47.4282
73,0,307,1.4386,73.46581
268,1,236,4.929202,45.43826
330,1,193,4.942102,39.35423
97,0,8689,51.12442,1640.651
98,0,0,0,0
98,0,0,0,0
98,0,0,0,0
307,1,208,4.9376,41.0253
82,0,318,1.436399,76.05379
83,0,0,0,0
82,0,2275,9.564612,437.1057
269,1,200,4.94,40.21127
339,1,2210,17.33687,413.679
112,1,750,7.943785,140.0894
308,1,206,4.938202,41.5342
331,1,295,4.9115,60.93934
83,0,284,0.4431988,69.11156
84,0,0,0,0
340,1,199,4.9403,40.26822
270,1,218,4.934602,44.93055
111,1,673,8.298105,133.4022
74,1,781,8.03388,143.3027
309,1,209,4.937302,41.54921
90,1,913,8.905133,174.696
98,1,462,3.361389,88.05273
332,1,222,4.816599,40.39388
341,1,198,4.940602,39.60075
74,1,680,7.795987,135.4464
271,1,212,4.936402,42.35442
82,1,1939,13.91834,367.412
310,1,232,4.930402,42.4242
333,1,202,4.9394,40.6684
342,1,210,4.937002,42.23913
272,1,197,4.9409,39.88985
113,1,656,8.201387,126.7841
311,1,195,4.9415,39.75431
99,1,441,5.867697,87.84718
273,1,198,4.9406,40.08359
343,1,279,5.301303,48.74008
112,1,679,7.692088,133.5728
130,1,1903,13.20937,367.9291
312,1,222,4.716602,40.08723
75,1,678,7.091189,133.0485
274,1,204,4.938802,41.40309
344,1,200,4.94,39.88235
334,1,531,4.723299,100.7634
313,1,203,4.939102,41.20483
75,1,770,7.565985,149.3323
275,1,183,4.945102,37.20308
100,1,466,6.360194,92.634
84,1,1081,9.675728,210.0703
345,1,206,4.9382,41.06111
335,1,209,4.828301,40.07299
83,1,939,8.718319,180.6884
276,1,199,4.940302,40.4144
114,1,668,7.198387,131.5786
131,1,479,6.739491,93.14413
346,1,192,4.838202,38.65404
336,1,206,4.9382,40.49401
76,0,554,2.280194,117.6165
314,1,425,6.270094,85.21599
113,1,726,8.176808,137.9388
101,1,439,6.165895,85.0337
347,1,249,4.925303,49.87926
315,1,199,4.9403,40.22868
337,1,308,4.9076,51.58407
277,1,463,6.259893,88.11989
68,0,2331,9.517672,450.7565
69,0,0,0,0
348,1,214,4.8256,40.3948
316,1,196,4.941202,39.26953
85,1,748,6.551589,139.4196
115,0,676,3.240184,142.3605
116,0,0,0,0
102,1,402,6.879391,80.95898
278,1,234,5.429799,46.83774
338,1,266,4.920202,47.77506
349,1,212,4.936402,43.23864
317,1,203,4.838502,41.62797
77,0,719,3.216581,149.567
279,1,201,5.835498,39.99354
339,1,236,4.929202,43.40003
114,1,712,7.786385,138.6126
350,1,221,4.9337,40.60669
318,1,199,5.440298,39.50687
91,1,2098,14.94834,408.4722
103,1,428,6.266795,84.80215
76,1,1351,11.37981,263.3788
280,1,241,4.927702,47.09867
340,1,207,4.8379,40.6194
351,1,228,4.931602,45.71071
319,1,239,4.928303,48.18921
69,0,746,2.346595,160.535
70,0,0,0,0
132,1,1271,9.400748,244.4129
341,1,197,4.9409,39.8695
352,1,211,4.936702,42.95279
320,1,267,5.419899,46.68238
78,1,696,7.061185,131.1115
104,1,441,6.262895,86.81149
342,1,245,4.801899,41.4209
353,1,197,4.9409,40.02206
115,1,684,7.794783,136.4176
84,1,1763,14.86505,338.6866
92,1,710,7.075588,131.0405
321,1,232,4.813601,42.34509
343,1,188,4.943602,38.35442
354,1,224,4.8238,41.53583
77,1,798,9.260623,155.2765
322,1,220,4.934002,44.11047
344,1,205,4.9385,40.55815
355,1,198,4.940602,40.3545
105,1,514,6.616992,93.3976
86,1,1459,10.742,274.6621
323,1,200,4.94,40.04179
106,0,94,-0.01879998,29.04558
107,0,0,0,0
107,0,0,0,0
107,0,0,0,0
107,0,0,0,0
345,1,206,4.938202,41.5979
356,1,201,4.637902,41.20588
79,1,718,7.04918,134.0566
133,0,995,5.301033,204.3901
134,0,0,0,0
134,0,0,0,0
134,0,0,0,0
134,0,0,0,0
134,0,0,0,0
324,1,201,4.839102,41.11192
116,1,718,7.682185,138.2781
346,1,197,4.9409,39.94973
93,1,667,7.076488,127.4833
357,1,292,5.912395,52.34044
325,1,201,4.9397,40.15031
347,1,188,4.943602,38.16754
107,1,454,1.763809,89.46246
78,1,721,7.174085,141.4673
70,1,1509,10.9474,290.076
87,1,695,7.791486,133.142
348,1,205,4.825902,39.38875
134,1,533,1.840135,98.27124
326,1,318,4.904603,54.68183
80,1,731,7.280687,140.8196
358,1,483,6.254492,91.036
108,1,425,5.667698,84.10307
94,1,678,7.796587,130.6028
327,1,205,5.330103,39.9985
117,1,707,6.981887,137.0552
349,1,390,4.883,80.36067
328,1,228,4.931602,45.03346
135,1,494,6.351794,93.59492
79,1,670,7.298991,128.044
85,0,1635,7.637782,323.1679
350,1,224,4.816599,42.19844
88,1,686,7.193591,131.9357
329,1,191,5.442702,38.34582
359,1,519,6.844293,98.61378
351,1,184,4.944802,37.40281
330,1,215,4.9355,41.4456
81,1,708,6.561192,133.7934
360,1,193,4.942102,39.35443
136,1,431,5.7707,85.36443
118,1,694,7.185189,135.6667
281,1,2671,17.74198,466.217
352,1,241,4.812102,43.63712
331,1,218,4.934602,43.27042
361,1,199,4.9403,40.2534
282,1,233,4.8139,42.53935
353,1,238,4.8076,41.52187
332,1,210,4.837002,41.88572
89,1,675,7.297486,132.3256
362,1,213,4.936102,42.55444
137,1,433,6.370095,87.38074
109,1,1147,9.655952,226.7564
283,1,202,4.9394,41.02804
354,1,206,4.938202,41.66922
116,1,3587,23.0917,686.0577
333,1,204,4.938803,40.59758
363,1,209,5.330099,40.63749
119,1,624,7.812788,125.5577
355,1,200,4.940002,41.09053
284,1,260,4.922,46.14022
334,1,199,4.9403,40.15036
364,1,223,4.933103,39.04181
82,1,894,8.73182,172.4885
120,0,258,1.4484,64.91767
121,0,0,0,0
356,1,202,4.737602,40.54707
138,1,509,6.347296,96.00408
285,1,195,4.9415,39.75448
335,1,203,4.839102,41.75874
86,1,1387,12.08398,276.41
117,0,570,2.27159,122.9536
365,1,288,4.9136,45.93556
95,1,1800,14.25277,351.3101
71,1,2124,15.75784,397.5197
286,1,211,4.9367,42.69181
357,0,275,1.944995,67.19245
358,0,0,0,0
358,0,0,0,0
358,0,0,0,0
358,0,0,0,0
90,1,906,8.519806,175.5508
287,1,202,4.9394,40.2797
139,1,428,6.270994,84.71272
358,1,207,0.9379098,43.12632
336,1,423,6.268294,82.46011
110,1,1027,9.130783,191.1882
80,0,1957,10.60859,378.5005
83,1,676,6.886988,132.6186
288,1,209,4.937302,42.15445
366,1,459,6.156294,87.70963
121,1,684,6.79479,138.6077
337,1,189,4.943302,38.55407
359,1,207,4.937902,42.09764
72,1,651,7.704087,130.6387
360,1,193,5.237898,38.66582
338,1,212,4.936402,41.991
118,1,724,7.479786,147.7132
289,1,243,4.927103,42.79925
367,1,268,5.4196,50.64455
108,1,9411,53.0738,1740.595
111,1,444,5.866799,87.35744
91,1,653,6.804092,129.0597
339,1,200,4.8388,39.99696
290,1,208,4.833402,42.40966
361,1,238,5.428599,47.19807
368,1,192,4.942402,39.15454
140,1,702,7.289388,131.0147
291,1,217,4.934903,43.49417
362,1,211,4.936702,42.55462
369,1,210,4.937002,42.6031
122,1,666,6.698391,132.9515
112,1,503,6.202884,89.2995
73,1,656,7.500787,131.4721
363,1,202,4.9394,40.47724
292,1,212,4.9364,41.60344
370,1,221,4.833102,44.36245
141,1,442,6.367394,87.99181
109,1,658,7.197789,129.6346
119,1,783,8.163303,149.8679
364,1,206,4.938202,41.83858
293,1,254,4.9238,48.40578
371,1,241,4.799499,41.66516
81,1,1202,10.03767,229.1992
123,0,632,3.873588,138.6126
124,0,0,0,0
365,1,240,4.927999,42.1473
372,1,195,4.839702,39.90253
294,1,226,4.932202,46.59753
142,1,435,6.168295,87.52911
366,1,200,5.440002,40.15504
295,1,186,4.742402,38.09576
110,1,658,6.697192,130.4537
367,1,220,4.934,40.75591
296,1,192,4.942402,39.15446
120,1,742,6.667789,137.9429
143,1,419,5.8743,84.19785
368,1,200,4.94,40.05495
82,1,805,8.657919,159.1002
124,1,685,6.794489,135.3623
113,1,1165,9.550546,228.4273
369,1,200,4.94,40.3297
297,1,414,5.173998,80.77342
144,1,428,6.371594,85.55383
84,0,2331,10.53385,466.9623
370,1,196,4.9412,39.80306
298,1,196,4.941202,39.95455
121,1,683,7.19389,132.8524
371,1,205,4.938502,41.60308
299,1,201,4.837902,40.78027
74,1,1811,12.643,358.8336
340,1,2254,15.05483,399.918
125,1,697,5.867496,133.9098
122,0,281,1.443801,68.30779
123,0,0,0,0
372,0,228,1.954399,59.88864
373,0,0,0,0
373,0,0,0,0
373,0,0,0,0
373,0,0,0,0
83,1,829,8.043499,159.2327
300,1,258,4.9226,47.56248
145,1,628,7.711591,123.9053
341,1,203,4.9391,40.6817
373,1,198,0.9406097,39.90773
114,1,978,8.206602,186.0191
85,1,714,7.285789,134.9917
342,1,205,4.938502,41.75404
301,1,307,5.907896,59.97366
146,1,404,6.378795,81.5552
374,1,317,4.737098,47.60933
302,1,201,4.9397,40.43701
343,1,230,4.829803,41.54084
126,1,654,7.698987,129.2431
115,1,489,5.748499,91.25484
96,1,3949,26.31474,770.1592
375,1,218,4.934602,43.95403
303,1,214,4.935802,43.15443
344,1,237,4.928903,47.70294
147,1,422,6.373395,85.15369
304,1,201,4.8361,40.38847
376,1,238,4.928603,47.37973
345,1,204,4.9388,40.56078
123,1,1047,7.776283,192.7495
116,1,423,5.873098,84.25366
377,1,202,4.838799,40.65609
305,1,218,4.820199,40.57463
346,1,220,4.934002,44.0537
127,1,756,6.535392,134.7701
148,1,440,6.267994,87.93933
378,1,190,4.943002,38.35431
306,1,183,4.945102,37.35445
75,0,1509,8.373094,303.1822
347,1,205,4.8379,40.16965
379,1,180,4.946002,36.6029
307,1,211,4.936702,44.35119
117,1,456,6.258393,87.74654
348,1,208,4.937602,41.95398
124,1,692,7.19179,131.6521
86,1,1505,9.219759,286.7972
380,1,230,4.819002,42.66353
149,1,425,6.372494,84.23573
308,1,208,4.832802,42.18683
349,1,244,4.926802,43.53401
128,1,645,7.306491,127.5613
309,1,211,5.436698,42.83492
84,0,1571,6.719327,308.0069
350,1,206,4.9382,42.20971
381,1,416,6.069195,79.97424
310,1,205,4.838502,42.22001
150,1,462,5.437995,88.1244
85,0,335,0.2957989,68.34835
311,1,203,4.939102,41.35439
382,1,278,4.7142,49.68866
312,1,192,4.942402,38.75446
351,1,528,5.8416,102.3197
151,1,422,5.8734,84.0667
383,1,200,4.940002,40.20301
313,1,199,4.9403,39.7545
352,1,196,4.941202,39.80305
87,0,1082,6.283652,217.2716
384,1,207,4.937902,41.6027
125,1,1211,10.53198,227.0186
118,0,1365,7.727119,263.6218
119,0,0,0,0
119,0,0,0,0
119,0,0,0,0
314,1,202,4.837002,40.88639
353,1,226,4.932203,45.7685
385,1,182,4.945402,36.75405
152,1,404,6.378796,80.44654
129,1,1186,9.531044,233.2358
386,1,189,4.943302,38.55443
315,1,254,4.799801,45.41475
354,1,211,4.825902,39.89608
387,1,185,4.944502,36.74952
355,1,191,4.942702,38.95432
316,1,209,4.9373,42.11597
153,1,446,5.866197,88.33505
126,1,618,7.814588,124.1495
88,0,721,4.355799,156.2532
89,0,0,0,0
356,1,201,4.9397,40.37823
388,1,217,5.319299,41.16152
317,1,210,4.937002,42.35445
111,1,4877,30.35383,939.4417
130,1,651,7.30469,127.3144
357,1,197,4.9409,39.86936
389,1,206,4.9382,40.66439
318,1,214,5.435799,43.15446
154,1,529,7.225688,101.9556
390,1,201,4.939702,40.44932
358,1,217,4.8307,41.89131
319,1,231,4.930702,44.44564
391,1,202,4.939402,41.154
89,1,734,7.279786,138.8723
359,1,252,4.9244,45.59415
112,1,617,8.314888,123.7462
320,0,232,1.853599,60.49856
321,0,0,0,0
321,0,0,0,0
392,1,177,4.946902,36.15576
127,1,912,8.122803,176.6037
360,1,200,4.940002,40.75385
131,1,773,6.24709,140.9285
321,1,261,2.797692,46.31517
393,1,193,4.842102,39.67022
76,1,3238,23.21498,626.33
361,1,181,4.945702,37.81359
155,1,688,7.584585,132.6419
394,1,199,5.440299,40.55444
322,1,253,5.924099,48.612
362,1,217,4.826502,41.09576
90,1,644,7.806788,128.3274
132,0,355,0.2701984,66.67739
395,1,195,5.441498,39.58234
323,1,182,4.945402,37.00311
87,1,8405,51.87448,1526.527
128,1,639,7.808288,128.1561
363,1,205,4.833703,41.33175
84,1,5107,31.46697,965.4822
156,1,464,5.860796,90.42314
396,1,197,4.9409,39.92815
113,1,885,8.618912,167.9187
324,1,204,4.938802,41.15446
97,1,4548,28.63491,877.1135
364,1,214,5.323799,39.97697
86,0,2955,13.94644,578.1202
397,1,218,4.9346,40.86901
325,1,206,4.938202,41.95444
365,1,204,4.9388,40.45872
133,1,680,6.889989,135.2492
398,1,199,4.9403,40.00536
326,1,202,5.439402,40.39127
91,1,791,8.262706,151.7859
88,1,655,7.702887,131.2884
366,1,205,4.836702,41.59901
129,1,667,6.689692,130.8362
327,1,207,4.937902,41.60305
399,1,300,5.305799,52.06767
98,0,729,4.254197,157.0783
99,0,0,0,0
328,1,192,4.942402,39.15448
114,1,857,6.761288,147.4401
400,1,191,4.842702,38.6745
367,1,445,6.366494,86.5546
87,0,829,2.934582,160.9668
329,1,205,4.9385,40.79087
373,1,7720,51.18716,1431.303
401,1,208,4.937602,41.80306
368,1,198,4.9406,40.10186
157,1,1214,9.713068,232.7007
130,1,688,7.693587,137.1002
119,1,3489,18.13568,644.7648
92,1,727,7.281889,139.5177
330,1,210,4.937002,42.75443
369,1,203,4.9391,40.93324
402,1,249,4.925302,45.68009
331,1,190,4.943002,38.50184
374,0,466,2.906793,101.841
375,0,0,0,0
375,0,0,0,0
370,1,185,4.944502,37.28261
403,1,189,4.943302,38.55441
92,1,9181,47.74883,1758.746
115,1,768,7.657584,140.405
120,1,413,6.376096,83.15436
158,1,453,5.753897,86.09344
332,1,203,5.439098,41.35444
371,1,201,5.439702,40.16926
404,1,220,4.832802,43.54285
375,1,252,2.924392,48.07486
93,1,624,7.812788,124.6033
333,1,204,4.9388,40.7309
134,1,1483,10.14979,276.132
372,1,210,4.835202,42.26442
405,1,201,4.9397,40.45813
376,0,241,2.451797,61.32661
377,0,0,0,0
377,0,0,0,0
334,1,187,4.943902,38.15439
85,1,2126,16.25731,417.5034
159,1,455,6.363495,88.45535
406,1,229,4.826503,43.63549
121,0,584,3.88319,127.7193
122,0,0,0,0
122,0,0,0,0
122,0,0,0,0
122,0,0,0,0
122,0,0,0,0
377,1,205,2.938493,41.16419
93,1,676,6.694792,132.7599
116,1,672,8.298409,131.7758
335,0,328,0.2905987,66.5121
336,0,0,0,0
336,0,0,0,0
407,1,210,4.835802,42.88884
378,1,207,4.937902,41.36091
94,1,641,7.598688,126.7759
88,0,1525,6.909953,295.234
160,1,422,7.373391,84.75361
135,1,641,7.307687,125.8088
336,1,210,2.936993,40.87632
379,1,201,4.9397,40.55257
408,1,226,4.932202,44.14658
131,0,1490,7.880533,305.2531
337,1,211,4.9367,42.12438
380,1,185,4.944502,37.75442
86,0,818,4.523823,172.8725
409,1,218,4.934602,43.99811
94,1,656,7.803186,131.5287
161,1,440,5.867997,87.80582
117,0,665,2.429781,137.9529
118,0,0,0,0
118,0,0,0,0
373,1,1024,9.192837,184.316
381,1,202,4.9394,40.05382
89,1,2551,16.53038,498.7808
410,1,192,4.942402,39.15444
99,0,2280,10.83794,437.5277
100,0,0,0,0
338,1,339,5.898297,66.61636
95,1,658,7.302588,131.9282
136,0,632,2.873589,139.9708
137,0,0,0,0
374,1,186,4.944202,37.95426
77,1,3778,25.86613,712.5283
382,1,199,4.9403,40.15031
411,1,203,4.9391,40.22936
339,1,219,4.934302,43.37463
162,1,400,5.879999,80.7541
375,1,218,4.9346,43.08112
137,0,229,-0.04580108,59.33994
138,0,0,0,0
412,1,207,4.837299,41.50515
383,1,266,4.920202,51.1855
340,1,184,4.944802,37.55442
95,1,673,6.693892,131.0163
376,1,204,4.938802,41.55443
138,0,230,0.9540002,60.74617
139,0,0,0,0
118,1,675,5.586696,134.0932
413,1,214,4.828,40.46646
384,1,200,4.8394,40.34903
341,1,200,4.940002,40.75445
377,1,223,5.218703,40.36488
163,1,494,6.750592,91.93058
96,1,708,6.982784,134.8143
385,1,200,4.940002,40.35443
342,1,186,5.444198,37.54124
78,1,729,7.281287,138.7966
414,1,271,4.806103,48.90384
378,1,208,4.937602,41.554
386,1,197,4.9409,39.75429
343,1,198,4.9406,40.06973
415,1,195,4.9415,39.75441
122,1,1922,10.81874,375.5391
96,1,672,6.798391,133.5164
379,1,252,4.924403,50.2709
344,1,201,4.939702,40.95447
139,1,687,6.793894,133.4498
387,1,235,4.929502,42.0302
119,1,692,6.271987,133.4282
87,0,1502,8.981692,303.2482
416,1,253,4.9241,47.15947
123,0,332,1.933599,78.16708
124,0,0,0,0
124,0,0,0,0
124,0,0,0,0
124,0,0,0,0
124,0,0,0,0
380,1,199,4.940302,39.94273
388,1,211,4.7283,40.42787
345,1,234,5.3136,43.16162
90,0,1520,8.696114,297.0961
417,1,212,4.936402,42.86953
79,1,721,7.28369,134.0107
381,1,210,4.937002,42.06908
346,1,197,5.440902,40.15437
389,1,223,4.9331,41.32408
382,1,223,4.933102,44.31151
97,1,672,7.08279,129.7678
347,1,205,4.9385,41.28366
140,1,637,7.308887,127.2755
390,1,201,4.9397,40.3426
100,0,1970,10.40299,387.738
101,0,0,0,0
120,1,707,7.787885,135.7518
383,1,184,4.944802,37.91774
348,1,202,4.9394,40.10203
98,0,271,1.8434,65.20503
391,1,255,4.9235,47.3464
384,1,197,4.8397,39.80008
349,1,203,4.9391,40.62936
80,1,696,7.791186,138.226
418,1,784,6.761185,141.7139
392,1,200,4.940002,40.35439
124,1,941,4.090744,173.2091
99,0,273,1.4454,68.19115
100,0,0,0,0
97,1,1677,10.66579,318.7777
385,1,258,4.9226,46.59057
393,1,200,4.94,40.1227
419,1,245,4.801299,41.4551
141,1,712,6.676191,132.3565
100,0,210,-0.6815972,49.41282
101,0,0,0,0
121,1,660,7.801987,130.0907
386,0,211,0.9578017,52.95855
387,0,0,0,0
387,0,0,0,0
387,0,0,0,0
387,0,0,0,0
101,0,748,2.238391,156.3625
102,0,0,0,0
420,1,208,4.9376,41.17287
394,1,297,4.9109,60.31359
350,1,577,4.8269,109.7383
125,1,524,5.572597,87.21514
421,1,239,4.823503,47.19394
395,1,208,4.832802,41.51727
88,1,1821,14.42731,353.2451
351,1,255,4.923502,43.25182
89,1,3743,21.77654,705.8668
422,1,199,4.940302,39.95934
101,1,653,6.80409,128.4203
396,1,222,4.9334,41.62753
142,1,712,8.286411,132.71
122,1,682,6.689993,136.0551
352,1,203,4.9391,40.32817
164,1,2603,16.43864,487.8364
126,1,519,5.723894,95.87094
423,1,199,4.835503,39.71508
102,0,733,2.447992,155.7472
103,0,0,0,0
397,1,219,4.934302,43.99681
353,1,204,4.9388,40.47726
81,1,1294,12.11192,255.9449
424,1,387,5.883899,75.68813
398,1,332,5.400396,67.67918
89,1,721,8.283702,141.6122
98,1,1375,11.86783,261.7449
127,1,451,5.750897,86.46317
387,1,1189,5.643292,218.0877
102,1,704,6.171389,135.7951
425,1,215,4.821102,39.8451
399,1,215,5.334902,40.79441
123,1,738,8.676806,139.1771
388,1,190,4.943002,38.75417
143,1,839,7.644682,162.4316
426,1,198,4.838202,40.45182
400,1,183,4.945102,37.47147
389,1,237,4.718699,41.65667
128,1,479,5.856296,93.33034
401,1,213,4.936102,42.55445
354,1,939,8.218285,178.2216
427,1,251,4.9247,45.98948
103,0,1058,4.686612,212.061
104,0,0,0,0
390,1,210,4.937,41.57281
165,1,1128,9.249649,211.692
90,1,688,7.567182,130.5151
99,0,732,3.248185,149.2644
166,0,87,-0.01739999,28.82381
167,0,0,0,0
167,0,0,0,0
167,0,0,0,0
167,0,0,0,0
103,1,700,6.671391,131.843
355,1,203,4.9391,41.05907
428,1,206,4.938202,41.2149
402,1,260,4.922,45.55341
391,0,255,0.3153989,59.58566
392,0,0,0,0
392,0,0,0,0
392,0,0,0,0
392,0,0,0,0
124,1,718,7.667185,135.5878
129,1,478,5.624799,86.8828
144,1,696,7.791187,134.739
429,1,200,4.8388,40.38297
356,1,219,4.825302,41.74105
403,1,193,4.942102,39.054
392,1,219,0.7223164,40.86483
90,1,1824,10.6278,344.1592
430,1,214,4.9358,41.20247
167,1,481,1.855709,87.89687
404,1,207,4.937902,41.84243
357,1,234,4.811802,42.85463
104,0,698,2.757392,151.407
105,0,0,0,0
431,1,181,4.945702,36.95435
393,1,278,4.9166,48.02452
405,1,204,4.9388,40.81353
104,1,691,7.192086,133.2639
125,1,684,7.794787,130.4125
432,1,227,5.314504,42.27042
406,1,215,4.8259,41.51733
394,1,319,5.904297,61.4016
145,1,760,7.666587,142.7002
433,1,187,4.943902,37.75447
91,1,716,7.78519,134.2357
407,1,208,4.937602,41.79482
358,1,632,7.31039,121.0508
100,1,1198,7.814187,228.1953
434,1,221,4.933702,44.15399
91,1,4410,29.57504,845.766
408,1,195,4.837302,39.22857
91,1,1413,12.47319,274.4749
395,1,360,4.892,63.80383
359,1,217,4.831302,44.29411
409,1,183,4.945102,37.20324
396,1,205,4.9385,40.861
360,1,199,4.836102,40.39611
126,1,736,6.650392,132.6092
435,1,324,4.7908,47.90801
105,0,1032,4.384009,206.9316
106,0,0,0,0
92,0,536,3.290391,120.1988
92,0,332,1.933599,76.70537
146,1,654,7.803787,131.5298
410,1,201,4.939702,40.95439
397,1,250,4.703402,43.90407
436,1,187,4.943902,37.60291
361,1,266,5.420197,51.3025
411,1,186,4.944202,37.59847
398,1,185,5.443902,37.60316
362,1,188,4.943602,38.35442
412,1,212,4.936402,42.35051
105,0,1467,6.578506,289.6127
106,0,0,0,0
399,1,278,4.797999,45.36277
93,1,633,7.708888,126.6433
93,1,632,7.205587,124.7345
413,1,210,4.937002,42.20312
127,1,781,8.265704,154.9863
82,1,3441,20.86668,646.8246
147,1,765,6.410492,135.2548
437,1,617,6.814891,117.689
400,1,200,4.834602,39.46947
363,1,471,6.358693,87.67966
401,0,93,0.4813997,28.94683
402,0,0,0,0
402,0,0,0,0
402,0,0,0,0
402,0,0,0,0
414,1,254,4.9238,45.43191
106,1,983,8.705124,194.4601
438,1,263,4.9211,46.79197
402,1,204,0.9388173,40.87702
148,0,341,1.4318,76.18817
415,1,262,4.787799,41.42918
439,1,244,4.725603,47.53009
94,1,669,7.195087,132.7389
403,1,254,4.799199,42.09027
364,1,533,5.8401,100.493
416,1,218,4.834602,43.96265
107,0,456,2.065587,100.6433
108,0,0,0,0
440,1,231,4.829502,46.26262
128,1,826,6.628191,154.9034
92,1,1869,15.62783,365.4291
365,1,186,4.839402,37.93252
404,1,211,4.9367,40.89693
417,1,255,4.9235,45.90895
441,1,234,4.8154,43.37442
366,1,218,4.934602,44.35445
149,1,723,5.94829,136.3674
418,1,194,5.441802,38.61448
442,1,196,4.836402,39.57788
367,1,182,4.945402,37.15443
95,1,707,6.553086,131.9685
405,1,426,6.268595,81.40111
108,1,685,6.56809,130.29
94,1,1524,12.53751,298.6757
368,1,207,5.437902,41.19088
443,1,262,4.921403,50.70554
129,1,663,6.683692,126.4719
406,1,242,4.927402,42.20351
419,1,483,6.355097,83.20777
444,1,183,4.945102,37.35426
407,1,199,4.9403,40.20789
150,1,666,7.696587,127.5107
420,1,215,4.935502,43.20314
408,1,200,4.8376,40.39524
93,1,1195,11.03981,238.6038
421,1,420,4.677998,53.17902
94,0,324,0.2883986,63.39476
422,1,184,4.944802,37.5544
151,1,668,7.799587,133.6008
409,1,654,7.803786,125.0155
96,0,1324,8.632896,272.448
423,1,190,4.841802,39.01574
410,1,193,5.442098,38.80298
424,1,269,4.919302,50.35163
411,1,232,4.818402,44.10107
425,1,210,4.937002,41.80305
152,1,672,7.798388,133.6743
412,1,187,4.840902,37.86237
426,1,202,4.939402,41.00313
97,1,694,7.691788,133.2558
95,0,1921,11.90617,393.0465
96,0,0,0,0
413,1,205,4.9385,40.62927
95,1,1113,9.543945,204.1517
369,1,2047,15.46965,391.764
427,1,206,4.938202,40.22261
98,0,261,2.447796,62.44254
414,1,188,4.843602,38.7382
83,0,3550,22.12111,671.6976
84,0,0,0,0
428,1,206,5.438202,40.74493
370,1,254,4.9238,44.73026
96,0,290,0.9420031,68.07276
153,1,659,6.994491,128.092
415,1,217,4.934902,43.35409
429,1,185,4.843902,37.60292
99,0,390,2.921996,90.51247
371,1,213,4.936102,43.35441
101,1,5166,34.44928,995.2877
109,1,2584,18.51627,506.7615
416,1,204,4.9388,40.9171
430,1,227,4.931902,44.57887
417,1,185,4.944502,37.6032
96,0,983,4.803415,206.3992
97,0,0,0,0
431,0,286,1.942801,67.28461
432,0,0,0,0
432,0,0,0,0
418,1,224,4.932803,41.95478
110,0,507,2.398595,111.8795
111,0,0,0,0
419,1,208,4.9376,41.16159
168,0,6609,43.18005,1255.585
169,0,0,0,0
169,0,0,0,0
169,0,0,0,0
97,1,1049,9.082348,198.0848
372,1,849,7.745284,154.4894
432,0,513,1.397396,115.5289
433,0,0,0,0
433,0,0,0,0
84,0,1316,6.372087,252.6763
85,0,0,0,0
133,1,2271,15.27716,430.4644
373,1,200,5.440002,40.66824
111,1,666,6.194793,132.6928
433,1,303,2.90909,63.30825
98,0,490,2.901992,108.1077
374,1,298,5.410598,59.16873
420,1,692,7.792386,128.2219
106,0,5495,24.25061,1036.871
107,0,0,0,0
97,0,1047,4.482211,218.4132
98,0,0,0,0
445,0,3718,22.31479,693.1317
446,0,0,0,0
446,0,0,0,0
446,0,0,0,0
446,0,0,0,0
421,1,206,5.438198,41.69957
375,1,235,4.929503,46.92897
446,1,182,0.9454099,38.49816
134,1,635,7.707088,125.8688
112,0,496,1.259999,104.92
113,0,0,0,0
434,1,487,6.353895,88.84432
422,1,210,4.937002,42.75433
376,1,211,4.936702,42.95435
154,1,1999,13.39318,380.2479
447,1,227,4.931902,43.53016
102,1,1937,13.2034,376.0285
423,1,181,4.945702,36.95431
435,1,255,4.923502,47.24511
377,1,267,4.9199,48.00301
448,1,224,4.932803,39.95933
100,0,2108,9.267744,404.282
424,1,208,4.8304,40.55378
449,1,197,4.9409,39.90188
135,1,642,7.807387,127.4456
378,1,208,4.937602,42.35444
436,1,287,4.913902,51.80626
425,0,232,1.453599,60.47307
426,0,0,0,0
426,0,0,0,0
426,0,0,0,0
426,0,0,0,0
155,1,629,7.210687,126.4956
450,1,210,4.937002,42.21402
379,1,210,4.937,40.56562
437,1,207,4.837902,42.39597
426,1,205,0.9385095,40.63965
380,1,183,4.945102,37.35442
438,1,207,4.937902,41.12777
113,1,1019,7.694284,191.8866
451,1,250,4.925,44.95684
427,1,191,5.942698,38.95438
103,1,896,8.231206,175.3932
452,1,216,4.7298,40.71029
136,1,697,7.690881,132.3347
381,1,296,5.411202,60.39158
428,1,243,4.712702,44.01836
453,1,186,4.944202,37.95443
382,1,202,4.939402,41.83802
429,1,183,4.945102,37.35452
454,1,217,4.934902,43.35395
130,1,5809,41.25807,1107.913
383,1,198,4.837002,40.18197
114,1,705,7.579484,137.6139
430,1,223,5.433099,44.80269
98,0,2073,10.06564,413.9046
99,0,0,0,0
104,1,713,6.945883,131.545
384,1,213,5.436098,38.8857
131,0,240,1.452,61.71112
132,0,0,0,0
132,0,0,0,0
455,0,271,1.4458,67.87266
456,0,0,0,0
456,0,0,0,0
456,0,0,0,0
456,0,0,0,0
137,1,655,8.085505,127.1171
431,1,178,4.946602,36.06942
439,1,1076,11.57611,208.465
432,1,223,4.933102,44.55402
85,1,2963,21.18377,555.7345
440,1,227,4.827703,45.39016
433,1,207,4.8337,39.984
441,1,226,5.315999,41.17725
132,1,674,5.583993,130.3367
434,1,219,4.834302,44.39107
138,1,654,7.198387,128.7604
107,0,2945,12.9527,573.3629
108,0,0,0,0
108,0,94,-1.018803,29.19872
442,1,226,4.815402,40.71011
435,1,208,4.937602,42.20259
86,1,745,7.776485,144.4083
443,1,259,4.821102,45.45551
436,0,274,0.100799,62.2088
437,0,0,0,0
437,0,0,0,0
437,0,0,0,0
437,0,0,0,0
156,1,2405,18.77827,471.9974
456,0,1278,2.7444,252.3401
457,0,0,0,0
457,0,0,0,0
457,0,0,0,0
457,0,0,0,0
133,1,646,6.700791,127.4831
444,1,199,4.940302,40.55459
139,1,670,7.298991,130.0648
437,1,206,0.938218,40.89207
115,1,1649,13.00535,307.9202
99,1,3766,23.13989,732.9001
445,1,190,4.943002,38.20304
438,1,295,4.9115,59.35899
446,1,208,4.937602,42.35447
457,1,523,2.843099,102.7053
105,1,1886,12.93429,364.3246
439,1,244,4.926803,46.66454
447,1,205,4.9385,40.8794
157,1,701,7.18909,131.7594
458,1,182,4.945402,37.00304
140,1,695,6.791491,131.2395
440,1,205,4.838502,41.96447
100,1,620,7.313992,123.0429
134,1,822,7.280777,144.5723
448,1,216,4.935202,41.78577
459,1,188,4.943602,37.65393
99,0,2325,13.12347,466.1937
100,0,0,0,0
158,0,280,1.444,68.50758
449,1,206,4.938202,41.95444
441,1,256,4.9232,47.40432
460,1,206,5.438198,41.00281
101,1,4014,22.65814,769.8897
442,1,190,4.943002,38.75451
106,1,710,6.685792,136.975
450,1,219,4.934302,43.35444
461,1,213,4.936102,43.20271
451,1,189,4.943302,38.00323
462,1,181,5.445702,36.95435
452,1,186,5.444198,37.95453
159,1,737,7.778885,143.4341
87,0,1926,11.70693,386.1448
88,0,0,0,0
443,1,467,6.759891,88.3837
101,0,1013,5.172849,206.2864
453,1,233,4.930102,44.66065
102,1,686,8.093001,132.8265
444,1,201,5.439702,40.44327
107,1,661,7.197489,130.2896
463,1,438,6.164395,85.80135
454,1,230,4.931003,46.75443
464,1,198,4.9406,40.22211
141,1,1430,10.57108,275.6638
445,1,259,4.922302,45.62101
160,1,615,7.213691,123.451
455,1,196,4.941202,39.80308
465,1,212,4.9364,40.88075
446,1,203,4.9391,40.64146
456,1,214,4.9358,42.09776
466,1,187,4.943902,38.00307
103,1,634,7.809788,126.6895
100,0,1630,8.050119,327.8436
108,1,672,7.497186,133.4395
142,0,450,1.309995,101.3226
143,0,0,0,0
88,0,927,4.314593,192.159
89,0,0,0,0
102,1,797,8.157902,154.2186
161,0,398,1.920394,84.06113
457,1,209,4.826502,40.24864
467,1,319,5.803096,62.05372
104,0,362,2.427597,84.96934
458,1,209,4.9373,40.4108
468,1,221,4.822302,42.09752
459,1,188,4.843002,38.31663
103,1,614,7.703786,120.0777
469,1,205,4.938502,40.89151
89,1,714,6.785789,139.2685
460,1,300,5.410001,52.60897
135,1,2643,19.09192,516.1818
470,1,216,4.935202,43.47495
143,1,892,7.012588,165.0999
461,1,194,4.941802,39.40313
162,0,935,5.313019,184.1292
471,1,220,4.934002,42.6011
462,1,249,4.9253,45.52807
472,1,197,4.940902,39.60285
109,1,1480,12.74768,287.8248
463,1,233,4.930102,43.32059
473,1,198,5.336998,40.20373
90,0,759,4.142804,160.9734
91,0,0,0,0
136,1,682,7.295391,132.9243
144,1,731,7.780686,141.3345
474,1,195,4.9415,39.7544
464,1,199,4.940302,40.00313
465,1,213,4.936102,43.35448
475,1,239,4.928302,42.32884
466,1,201,4.939702,40.29357
110,1,672,7.29839,132.2363
137,0,598,2.75519,125.955
476,1,257,4.922902,48.56801
91,0,734,3.145387,158.2113
92,0,0,0,0
145,1,645,7.306488,129.7581
101,0,2341,12.69151,468.7172
102,0,0,0,0
467,1,222,4.933402,45.15537
163,1,1446,11.36092,265.8581
468,1,202,4.939402,41.1544
146,0,259,0.319399,59.83112
147,0,0,0,0
469,1,192,4.942402,38.75456
477,1,546,4.8362,102.9802
138,1,661,7.801686,126.5564
105,0,2523,14.78496,508.9796
104,1,2190,13.23052,417.5388
470,1,197,5.440902,39.75427
478,1,199,4.9403,40.1544
385,0,6907,43.62033,1322.178
386,0,0,0,0
386,0,0,0,0
92,0,764,3.139386,160.7531
93,0,0,0,0
116,0,5458,33.69901,1073.29
117,0,0,0,0
102,0,739,3.149189,159.8091
103,0,0,0,0
111,1,900,8.629412,174.2291
471,1,196,4.9412,39.8051
479,1,189,4.943302,38.55428
164,1,762,7.670785,149.0105
472,1,218,4.819599,40.63998
480,0,259,1.0482,63.15025
481,0,0,0,0
481,0,0,0,0
481,0,0,0,0
481,0,0,0,0
139,1,671,6.798691,134.7114
147,0,1034,3.054175,205.3613
148,0,0,0,0
481,1,215,0.9355096,41.77613
473,1,279,4.916303,53.22778
482,0,88,-0.01759999,29.67129
483,0,0,0,0
483,0,0,0,0
483,0,0,0,0
483,0,0,0,0
93,1,706,6.78819,132.7582
109,0,6787,32.77231,1311.438
110,0,0,0,0
112,1,734,7.264785,137.3279
110,0,90,-1.018003,28.63707
474,1,215,4.824702,41.76765
165,1,705,7.678883,137.4132
483,1,285,0.7629062,46.17088
475,1,199,4.9403,39.94966
140,1,627,7.711287,125.1549
484,1,189,4.943302,38.1545
476,1,203,4.8367,40.38856
148,1,751,6.157895,132.4411
485,1,204,5.438802,40.76756
477,1,192,4.841202,38.7077
111,0,722,3.135185,151.28
112,0,0,0,0
486,1,226,4.932199,41.42145
166,1,664,7.800787,132.1119
478,1,202,4.9394,40.42911
106,1,1839,15.24284,361.0525
487,1,200,4.940002,41.02468
105,1,1985,13.50152,389.3247
141,1,747,7.775884,147.7813
479,1,276,4.917203,44.55496
488,1,193,4.942102,39.35436
149,1,686,7.691785,133.7455
480,1,227,4.809702,40.13981
489,1,200,4.94,40.28258
112,0,730,2.008982,150.8775
113,0,0,0,0
167,1,673,6.589693,131.0082
481,1,187,4.943902,38.15453
107,1,678,8.093003,134.0223
106,1,688,7.182189,130.2592
482,1,201,4.9397,40.21744
94,1,1904,11.92473,364.0213
490,1,664,7.300786,126.7527
113,1,660,6.200795,126.7836
168,1,679,7.182489,132.4067
491,1,194,5.441798,39.15422
108,1,726,6.641983,132.1702
150,0,1189,5.762215,246.7405
151,0,0,0,0
492,1,219,4.934302,44.27299
493,1,230,4.8094,40.87236
109,0,491,2.162788,106.0336
169,1,689,6.965688,133.6464
151,0,456,1.908799,104.7101
152,0,0,0,0
494,1,193,4.942102,38.87891
495,1,187,4.943902,38.15444
113,1,3135,22.05915,604.5482
496,1,204,5.438798,40.88194
483,1,1595,11.31503,293.9363
110,1,650,7.702588,127.0162
107,1,1719,12.4844,336.2981
170,0,639,1.731394,134.8412
171,0,0,0,0
484,1,202,4.9394,40.17836
114,1,1396,11.48132,268.8563
447,0,7556,46.9922,1453.413
448,0,0,0,0
448,0,0,0,0
448,0,0,0,0
448,0,0,0,0
497,1,299,5.410298,59.48199
152,0,724,3.355191,158.4988
153,0,0,0,0
485,1,229,4.9313,42.91542
103,0,4516,25.88531,897.2297
104,0,0,0,0
114,0,701,4.254995,150.8688
498,0,268,1.3464,66.19088
499,0,0,0,0
499,0,0,0,0
499,0,0,0,0
499,0,0,0,0
153,0,460,0.9080024,104.9578
154,0,0,0,0
111,1,668,7.195389,132.0864
171,1,696,5.680995,135.5248
115,1,675,7.585487,131.7743
499,0,371,-2.324604,80.66315
500,0,0,0,0
500,0,0,0,0
500,0,0,0,0
500,0,0,0,0
95,1,2431,14.85688,459.7439
500,0,270,-3.053993,66.144
501,0,0,0,0
501,0,0,0,0
501,0,0,0,0
501,0,0,0,0
154,0,469,0.9062029,106.3917
155,0,0,0,0
115,0,830,4.526197,179.7506
501,1,227,0.931909,43.28157
112,1,700,7.569584,130.382
172,1,666,7.695388,131.5269
116,1,683,7.693888,132.0073
502,1,276,4.917203,53.83963
116,0,348,2.430397,82.29516
155,0,656,1.868794,139.432
156,0,0,0,0
503,1,200,4.94,40.20407
448,1,1683,7.495077,320.5548
96,0,1098,4.679224,220.1541
97,0,0,0,0
108,1,1927,15.11529,371.4448
449,1,227,4.931902,45.83645
504,1,261,4.9217,46.85509
113,1,692,6.792391,135.2829
117,1,677,7.192689,133.082
505,1,195,4.941502,39.20276
450,1,241,4.723503,42.98696
506,1,262,4.921402,46.82063
451,1,244,4.926802,45.7106
118,0,499,2.678593,106.4618
119,0,0,0,0
97,0,756,2.54459,153.062
98,0,0,0,0
114,1,653,6.604092,129.4657
452,0,312,0.1991989,64.5834
453,0,0,0,0
453,0,0,0,0
453,0,0,0,0
453,0,0,0,0
386,1,7145,45.35807,1356.181
453,1,199,0.8397161,40.01369
387,1,198,4.9406,39.99842
454,1,213,4.936102,42.78672
156,0,1522,7.195669,308.89
157,0,0,0,0
388,1,219,4.9343,41.47379
119,1,699,6.684288,135.1101
115,1,659,7.30229,130.4315
117,0,1813,12.53254,370.0711
507,1,917,8.2249,171.043
455,1,208,4.937602,42.35391
389,1,301,4.9097,60.71192
456,1,205,4.938502,41.16705
508,1,321,4.659299,50.50273
120,0,439,2.912194,100.8259
121,0,0,0,0
117,0,7992,44.75149,1545.228
118,0,0,0,0
390,1,196,4.941202,39.95441
116,0,541,2.391794,118.318
457,1,284,4.697999,47.97235
509,1,216,4.935202,44.00685
486,1,3638,22.40822,678.7716
98,1,1320,10.39568,261.9797
391,1,185,4.944502,37.75447
510,1,185,4.944502,37.75448
392,1,190,5.442998,38.75445
118,0,830,5.425621,175.6083
487,1,257,4.807302,42.61429
109,0,2358,14.02825,470.5419
511,1,192,4.942402,39.15434
488,1,200,4.940002,40.2032
104,0,4108,22.44784,799.0643
105,0,0,0,0
393,1,251,4.924703,49.866
117,0,579,2.384194,120.6398
110,0,270,1.945999,66.11519
99,1,624,6.711593,122.943
489,1,200,4.94,40.17814
394,1,204,5.438798,41.55445
111,0,272,1.4456,66.57839
490,1,237,4.807302,42.14404
458,1,948,8.715611,177.0113
395,0,268,0.3049987,59.39495
396,0,0,0,0
396,0,0,0,0
121,0,1172,6.265669,240.7721
122,0,0,0,0
491,1,193,4.942102,39.35434
459,1,194,4.941802,39.55436
396,1,211,2.827693,41.06374
118,0,668,3.366392,139.1229
460,1,182,4.945402,36.60296
492,1,212,5.436402,41.01832
397,1,205,4.938502,40.74632
112,0,513,2.897392,110.2831
461,1,201,4.939702,40.80265
493,1,226,4.818999,41.00326
398,1,210,4.937,41.85014
512,1,1316,9.692072,233.172
462,1,180,4.946002,36.75447
118,1,1844,13.34682,362.7242
494,1,208,4.937602,41.38405
119,0,574,2.385193,120.6324
399,1,219,4.821702,41.22917
513,1,195,4.9415,39.75444
463,1,244,4.926802,48.34519
495,1,200,4.8394,40.14821
157,0,2695,13.46089,526.7221
158,0,0,0,0
400,1,242,4.927402,44.33107
514,1,225,4.932502,42.86948
464,1,222,4.933403,41.13132
401,1,193,4.942102,39.35447
105,0,1793,9.412647,358.6292
465,1,206,4.938202,41.23514
119,1,684,7.578584,132.0543
515,1,295,5.411498,58.60555
402,1,224,4.818399,41.46041
120,1,750,8.775006,146.715
158,0,528,1.394398,109.6239
159,0,0,0,0
466,1,205,5.438502,40.77103
113,0,1171,7.26588,230.0357
516,1,225,4.932502,44.80234
467,1,200,4.94,40.27868
517,1,191,4.942702,38.80305
468,1,248,4.9256,44.73261
518,1,256,4.7208,45.79383
159,0,525,1.394998,110.0638
160,0,0,0,0
120,1,711,7.786686,140.554
469,1,196,4.941202,39.38204
519,1,198,4.9406,40.06939
114,0,780,4.844009,157.8065
470,1,221,4.933702,44.2595
119,0,3241,21.54113,651.1071
520,1,252,4.9244,44.60979
160,0,461,1.907799,103.7235
161,0,0,0,0
121,1,1017,9.487154,194.7137
471,1,211,4.9367,41.23615
521,1,201,4.9397,40.08266
121,1,652,7.704387,130.655
472,1,197,4.9409,39.90167
522,1,202,4.9394,40.42926
100,0,3302,19.49113,639.97
101,0,0,0,0
106,0,1710,9.52262,340.32
473,1,198,4.9406,40.06952
122,0,3156,19.36842,624.4573
123,0,0,0,0
161,0,655,2.868993,135.9999
162,0,0,0,0
523,1,311,4.9067,48.90936
474,1,208,4.9376,41.14881
122,1,741,8.665714,144.0958
143,1,622,7.813387,124.9398
120,0,830,5.230416,177.481
122,1,648,7.704383,128.384
475,1,187,4.943902,38.15457
524,1,207,4.836102,42.07169
525,1,247,4.9259,42.6551
162,0,663,1.867398,138.3865
163,0,0,0,0
101,0,889,4.011993,183.3286
526,1,189,4.943302,38.55434
123,1,638,7.20319,126.0424
476,1,505,5.543695,89.66746
144,1,731,8.060905,138.2197
123,1,684,7.794785,135.4059
527,1,250,4.925,45.02512
121,0,824,5.835227,176.1858
477,1,227,4.931902,44.48225
115,1,1871,14.43873,366.9269
478,1,197,4.9409,40.08573
528,1,404,5.878798,76.54632
479,1,186,4.944202,37.95456
163,0,787,3.842589,161.2793
164,0,0,0,0
145,1,643,7.807087,129.2044
529,1,238,4.822003,44.94034
122,0,702,4.859601,150.7657
403,1,3472,25.95785,655.0126
530,1,220,4.934002,44.15389
124,0,1070,7.786081,211.5905
124,1,923,9.72315,178.8654
480,1,579,5.826293,105.7853
404,1,215,4.834902,42.89016
164,0,532,1.393598,110.208
165,0,0,0,0
531,1,252,4.9244,44.45501
481,1,213,4.936103,39.71059
146,1,665,6.800493,127.263
405,1,220,4.934,42.56838
532,1,208,4.937602,41.95444
107,0,2495,14.99239,502.2458
108,0,0,0,0
482,1,208,4.937602,42.35395
123,0,696,4.759001,150.1149
406,1,189,5.443302,38.55442
533,1,184,4.944802,37.40284
483,1,213,4.7307,40.14847
407,1,182,4.945402,37.15444
534,1,184,4.944802,37.28335
408,1,201,5.334302,40.86353
496,0,5023,30.95068,950.6476
497,0,0,0,0
497,0,0,0,0
484,1,217,4.934902,44.15432
535,1,224,4.932802,44.203
409,1,196,4.8394,39.84101
485,1,199,4.9403,39.75421
536,1,194,4.841802,39.38482
124,0,699,4.755401,149.5968
108,0,780,3.23919,163.5668
109,0,0,0,0
486,1,189,4.943302,38.40306
410,1,245,5.426499,44.08739
537,1,217,4.825302,41.26942
487,1,220,5.433998,44.35442
411,1,221,4.816902,39.88863
125,1,1649,12.00541,312.2979
102,0,2818,14.08938,548.8286
103,0,0,0,0
538,1,228,4.931602,44.27567
116,1,2508,16.80537,470.666
488,1,210,4.937002,42.75399
412,1,232,4.930403,43.25891
125,1,652,8.204409,130.005
413,1,186,4.844202,37.76259
489,1,248,4.825603,48.44819
165,0,1901,9.61978,378.5384
166,0,0,0,0
147,0,1837,8.276901,366.0263
148,0,0,0,0
148,0,0,0,0
490,1,200,4.940002,40.75405
414,1,252,4.9244,43.73161
539,1,613,7.816087,119.5712
126,1,692,7.087587,134.5649
491,1,193,4.942102,38.8325
497,0,1497,5.843107,289.9775
498,0,0,0,0
498,0,0,0,0
415,1,243,4.927102,45.02233
126,0,690,3.252987,146.2063
492,1,230,4.931003,46.1312
416,1,193,4.842102,39.41837
493,1,211,4.936702,42.80262
417,1,232,4.930403,39.92353
125,0,2993,19.6986,590.7698
123,0,4950,28.50919,973.6943
124,0,0,0,0
494,1,267,4.9199,47.18396
418,1,197,4.940902,40.1544
127,0,571,2.385795,119.6093
103,0,1491,7.087476,293.6862
104,0,0,0,0
495,1,190,4.943002,37.85048
419,1,193,4.942102,38.95449
126,0,406,2.418796,91.98705
117,0,1761,9.437065,354.0083
496,1,198,4.940602,40.35431
127,0,265,1.947,65.02974
420,0,332,1.4336,71.90723
421,0,0,0,0
421,0,0,0,0
166,0,1647,8.170677,325.4889
167,0,0,0,0
124,0,739,3.352192,159.2102
125,0,0,0,0
127,1,1552,11.01773,290.7814
128,0,268,1.9464,66.32459
421,0,257,-0.5514049,62.91367
422,0,0,0,0
422,0,0,0,0
128,1,786,7.040188,143.0162
497,0,501,4.399807,111.685
498,0,0,0,0
498,0,0,0,0
498,0,0,0,0
498,0,0,0,0
125,0,250,0.4499994,64.23708
422,1,203,2.939093,41.24081
129,0,267,1.4466,65.26012
498,1,202,0.9394095,41.08353
118,0,767,4.741817,166.7151
423,1,292,4.9124,45.24881
499,1,210,4.937002,42.72852
130,0,271,1.445802,65.59771
167,0,798,4.3404,162.3295
168,0,0,0,0
500,1,201,4.9397,40.62674
424,1,224,4.932803,44.8111
131,0,263,1.9474,64.95004
501,1,205,4.9385,40.83784
425,1,219,4.934302,42.99041
129,1,929,9.221332,176.9068
132,0,270,1.946,66.07234
502,1,185,4.944502,37.75439
426,1,228,4.931602,46.52414
498,1,2661,18.07994,503.4985
109,1,3898,25.51329,758.0763
427,1,210,4.937,40.20679
503,0,308,0.308999,62.37388
504,0,0,0,0
504,0,0,0,0
504,0,0,0,0
504,0,0,0,0
499,1,248,4.9256,42.84983
133,0,398,2.920396,91.41817
148,1,3239,16.3909,631.1905
130,1,606,7.818188,121.9539
504,1,200,0.940017,40.17823
500,1,227,4.9319,41.65767
168,1,1104,9.068835,210.2733
134,0,269,1.9462,66.14359
428,1,428,6.358995,84.65871
110,0,590,2.381992,123.9596
505,1,247,4.9259,43.05479
501,0,249,0.3231991,59.34973
502,0,0,0,0
502,0,0,0,0
429,1,188,4.943602,38.2054
149,0,520,2.182791,115.8765
506,1,261,4.810299,43.5868
502,1,202,2.939393,40.45607
119,0,1845,8.525131,375.4863
131,1,674,6.797793,129.3698
503,1,214,4.835202,42.84773
507,1,247,4.9259,42.61526
111,0,551,2.389794,122.3252
169,1,711,7.183689,133.6677
430,1,411,6.267096,82.20229
112,0,140,-0.1592002,38.64966
508,1,191,4.842102,39.35587
504,1,242,4.927402,44.36037
431,1,186,4.944202,37.95444
150,0,584,2.454386,127.6522
509,1,214,4.935802,42.10704
432,1,186,4.843602,37.87414
505,1,222,4.9334,42.41255
132,1,656,7.20139,129.9366
506,1,209,4.832502,40.92873
433,1,239,4.928303,45.42935
170,1,666,7.300193,126.2522
113,0,572,2.885593,121.1598
507,1,242,4.927402,44.58018
434,1,251,4.9247,45.05497
151,1,678,7.695387,134.9036
508,1,210,4.937002,42.58974
435,1,200,4.94,40.40791
436,1,180,4.946002,36.75443
510,1,912,8.101196,176.5857
126,0,3527,21.79411,698.1422
127,0,0,0,0
509,1,239,4.928302,45.11029
114,0,623,2.267594,126.8229
120,0,1544,7.983497,311.4068
133,1,843,7.133286,144.8349
171,1,666,7.300187,128.903
437,1,193,5.442099,39.35453
511,1,245,4.9265,42.53861
152,1,668,7.687588,131.9993
510,1,250,4.925,42.655
438,1,212,4.936402,42.60307
511,1,186,4.944202,37.95439
512,1,237,4.814502,43.25114
153,0,291,0.3153991,63.08566
154,0,0,0,0
115,0,551,2.286194,118.4588
439,1,209,4.937303,41.73775
513,1,217,4.934902,43.60254
172,1,654,7.303787,131.1194
512,1,254,5.423802,45.05488
514,1,187,4.943902,38.15425
134,1,923,9.623155,180.5082
513,0,320,0.2915987,65.35671
514,0,0,0,0
514,0,0,0,0
440,1,482,6.855391,90.34029
515,1,186,4.944202,37.80308
116,0,552,2.389594,121.7837
154,1,677,6.296892,129.8175
441,1,201,4.939702,40.95446
514,1,249,2.925292,44.2145
442,1,189,4.943302,38.55447
515,1,225,4.822302,42.19961
516,1,504,6.348791,93.20612
135,1,693,7.083686,137.1269
117,0,546,2.890794,121.7475
516,1,197,4.9409,39.86951
443,1,246,4.9262,42.81474
517,1,198,4.9406,39.97734
118,0,156,-0.1744002,40.16032
135,0,3855,24.52659,761.2454
517,1,204,4.938802,41.40298
518,1,245,4.9265,42.95516
155,1,900,8.015605,173.8447
518,1,260,4.922,44.8469
519,1,197,4.940902,39.75439
136,1,683,7.189686,132.7901
119,0,553,2.389394,125.4745
519,1,230,4.625603,44.62611
121,1,2374,19.08402,468.1375
520,1,249,4.925303,48.8303
520,1,211,4.936702,42.55434
521,1,187,5.443898,38.1545
521,1,291,4.912704,54.78195
128,1,6633,35.50903,1253.169
522,1,270,4.7154,46.47626
120,0,549,2.390194,120.4513
127,0,3087,17.88227,608.8247
128,0,0,0,0
522,1,283,4.793499,43.41561
523,1,320,4.904,47.71884
523,1,240,4.928002,47.43167
524,1,188,4.943602,38.20277
136,0,1623,10.07426,332.9208
137,0,1277,6.090718,265.716
525,1,203,4.837902,41.1605
121,1,697,7.290889,135.6427
524,1,218,5.434598,44.35452
129,1,731,7.077689,139.0357
173,1,3058,23.58225,604.9042
525,1,195,4.941502,39.75441
526,1,220,4.816599,40.40306
156,1,1976,15.79394,386.3542
526,1,551,6.834689,105.1392
527,1,197,4.940902,40.00315
128,0,1241,6.251851,248.4815
129,0,0,0,0
130,1,775,7.16749,138.2158
157,0,314,0.2885986,61.05933
158,0,0,0,0
528,1,198,4.940602,40.35427
174,1,712,7.286389,139.5718
527,1,409,6.46889,79.03423
529,1,281,4.9157,49.70031
528,1,180,4.946002,36.75441
104,1,9228,55.80009,1779.544
530,1,195,4.941502,39.60302
122,1,2512,17.24624,481.4913
138,1,1334,10.39387,261.3117
529,1,207,4.828902,39.60221
122,0,1346,8.120697,275.6697
129,0,677,3.364594,145.1836
531,1,197,5.440902,40.01425
175,1,649,7.805288,130.3554
158,1,715,6.183692,134.9119
131,1,845,9.64355,166.0858
530,1,296,4.9112,45.21415
137,0,1868,13.52634,376.9371
532,1,284,4.9148,44.52015
531,1,219,4.834302,43.80061
533,1,189,4.943302,38.403
176,0,558,2.388393,122.1543
177,0,0,0,0
532,1,218,4.934602,41.97652
534,1,197,4.940902,40.15438
159,1,699,6.575293,128.7435
533,1,251,4.9247,43.31968
535,1,194,4.941802,39.40317
132,1,736,7.044382,139.2027
138,0,660,3.867989,139.8365
139,1,1116,9.359251,216.3586
123,1,1219,10.63438,241.2162
536,1,182,4.945402,37.15456
130,0,1177,7.264688,239.5423
131,0,0,0,0
177,0,564,1.178798,122.1424
178,0,0,0,0
139,0,272,1.9456,66.08588
537,1,215,4.935502,43.20303
534,1,434,5.869798,85.78331
123,1,1501,10.90719,275.235
160,1,702,8.289389,133.1613
538,1,204,4.9388,40.69125
535,1,190,5.442998,38.60307
140,0,268,1.9464,65.22372
124,0,544,3.891192,115.3749
140,1,631,7.206491,126.1953
536,1,187,5.340298,37.65248
539,0,249,0.316599,59.86261
540,0,0,0,0
540,0,0,0,0
125,0,245,1.950999,61.32346
537,1,215,4.935502,42.11446
141,0,348,1.930399,78.49174
540,1,248,2.925592,43.05581
126,0,234,1.453199,59.77758
178,0,939,2.712186,198.8054
179,0,0,0,0
131,0,1047,5.290626,212.4738
132,0,0,0,0
538,1,244,4.9268,42.20382
161,1,717,7.784887,136.1641
541,1,218,4.834602,44.33295
539,1,228,5.328002,46.59578
542,1,214,5.435799,43.40318
127,0,482,2.903592,106.4597
540,1,213,4.936102,43.20275
543,1,246,4.9262,43.74841
142,1,712,7.286387,135.8275
141,0,1264,7.647321,259.0721
179,0,752,1.739396,150.6325
180,0,0,0,0
541,1,294,4.9118,46.41719
544,1,253,4.9241,44.65503
180,0,142,-1.151204,37.08531
542,1,200,4.940002,40.75402
124,0,1700,6.004324,334.0387
181,0,151,-0.1620002,37.84062
142,0,404,3.419196,92.32035
182,0,143,-0.1562002,37.50167
543,1,223,4.822902,42.6295
132,0,1302,8.239686,264.0831
133,0,0,0,0
143,1,770,8.065984,148.3807
544,1,197,4.840902,40.07158
545,1,657,5.672303,105.8963
545,1,211,4.936703,41.80656
162,1,1561,11.10065,292.9615
546,1,215,4.935502,43.41285
125,1,730,6.551592,131.2447
183,0,566,2.271194,120.0752
184,0,0,0,0
546,1,212,5.436399,43.0027
547,1,185,4.944502,37.75444
547,1,248,4.9256,42.60649
144,1,758,6.532386,134.0116
548,1,226,4.813601,40.38297
163,0,547,3.285792,119.783
164,0,0,0,0
128,1,1816,15.024,340.0136
143,0,1265,8.142298,260.8548
549,1,237,4.9289,44.73428
548,1,283,4.9151,46.25721
184,1,652,6.304395,130.4749
550,1,208,4.937602,42.06955
549,1,208,4.937602,42.35389
126,1,891,9.732758,174.4561
551,1,193,4.942102,39.35451
550,1,188,4.943602,38.35429
551,1,205,4.9385,40.91604
552,1,251,4.9247,45.44028
185,1,633,7.810088,126.2317
144,0,803,5.339415,169.7221
552,1,236,4.929202,44.32674
553,1,206,4.938202,41.95435
127,1,624,7.708587,124.2495
186,0,287,1.9426,67.99342
187,0,0,0,0
553,1,204,4.938802,41.40265
145,0,268,1.9464,65.66797
554,1,227,4.9319,44.03389
145,1,1405,10.37679,276.0529
541,0,6075,36.78535,1147.773
542,0,0,0,0
542,0,0,0,0
542,0,0,0,0
542,0,0,0,0
187,0,248,0.4503989,62.32761
188,0,0,0,0
554,1,206,4.9382,40.97738
146,0,265,1.947,65.12309
555,1,247,4.9259,41.8549
188,0,231,-0.04620105,59.42018
189,0,0,0,0
555,1,238,4.805199,42.10926
128,1,634,7.809787,125.5914
556,1,197,4.940902,40.00299
189,0,241,0.4517987,60.74732
190,0,0,0,0
556,1,430,5.460795,81.11955
146,1,664,7.676182,124.1021
147,0,541,3.891791,119.0055
557,1,252,4.9244,44.25394
105,1,6699,38.76753,1217.966
557,1,239,4.1139,46.95397
190,0,382,2.423595,90.78092
191,0,0,0,0
558,1,208,4.8364,40.97258
191,0,250,0.4499985,61.91576
192,0,0,0,0
558,1,459,5.6437,88.34312
129,1,990,8.601219,179.0406
147,1,728,8.281604,145.6425
559,1,197,4.940902,38.91538
106,1,724,6.561792,131.2592
192,0,380,1.923995,89.66901
193,0,0,0,0
148,0,934,8.313255,192.7479
164,1,2993,21.78741,586.7165
560,1,217,5.434898,42.0461
559,0,765,5.847034,164.6505
560,0,0,0,0
560,0,0,0,0
560,0,0,0,0
560,0,0,0,0
193,0,249,0.9502,62.1605
194,0,0,0,0
561,1,229,4.8097,40.04524
560,1,199,0.9403096,39.87027
129,1,3235,21.79255,612.5814
194,0,231,0.4537985,59.44147
195,0,0,0,0
148,1,697,7.190287,140.788
107,1,617,7.814888,123.8055
561,1,189,5.342098,38.68185
562,1,208,4.937602,42.35458
195,0,241,0.9517999,60.83126
196,0,0,0,0
562,1,182,4.945402,38.87902
563,1,186,4.944202,37.80309
196,0,236,-0.04720079,60.83536
197,0,0,0,0
564,1,194,4.941802,39.55437
563,1,217,4.722302,41.00265
565,1,184,5.444798,37.40324
130,1,722,6.783392,132.0526
197,0,234,-0.04680107,59.75765
198,0,0,0,0
564,1,205,4.938502,40.64082
149,1,703,7.083087,135.116
108,0,837,3.478572,167.3851
198,0,235,-0.04700107,59.8939
199,0,0,0,0
565,1,254,4.9238,43.62112
566,1,334,4.899799,51.19894
199,0,240,0.4519986,60.67654
200,0,0,0,0
133,1,7914,44.86165,1524.578
567,1,185,4.944502,37.60307
566,0,240,1.451999,61.28651
567,0,0,0,0
567,0,0,0,0
567,0,0,0,0
567,0,0,0,0
568,1,212,4.936402,43.15444
200,0,231,-0.04620102,59.22948
201,0,0,0,0
567,1,209,0.937309,41.30284
150,1,670,7.19659,131.9056
568,1,187,4.943902,38.15448
130,0,2281,13.04366,452.3287
569,1,239,4.805501,42.2243
201,0,242,0.4515985,61.94679
202,0,0,0,0
569,1,184,4.944802,37.40297
149,0,2298,14.33427,464.0625
570,1,295,4.780899,47.77113
570,1,187,4.943902,37.75444
202,0,479,2.404197,106.6695
571,1,256,5.423202,43.37296
150,0,373,1.925399,86.88581
133,0,6557,40.18963,1295.465
571,0,464,2.907195,98.80563
572,0,0,0,0
572,0,0,0,0
572,0,226,1.454799,58.35731
573,0,0,0,0
573,0,0,0,0
573,0,0,0,0
573,0,0,0,0
572,0,243,-1.048608,61.57325
573,0,0,0,0
573,0,0,0,0
573,0,252,-2.550392,62.75679
574,0,0,0,0
574,0,0,0,0
574,0,0,0,0
574,0,0,0,0
574,1,202,0.9394093,40.84784
131,1,1495,11.55163,278.3418
151,1,1771,14.9687,353.4031
575,1,415,6.270095,80.80929
109,1,2429,15.62861,467.501
203,0,1406,7.312947,278.2417
576,1,249,5.322902,42.82745
573,1,997,7.200876,198.4992
577,1,187,4.943902,38.15462
204,0,239,1.952199,60.41954
205,0,0,0,0
132,1,693,8.292105,130.9203
152,1,629,8.311285,126.5547
134,0,1486,8.702897,302.8196
135,0,0,0,0
574,1,199,4.9403,39.92796
578,1,189,5.443298,38.5544
205,0,242,0.4515986,60.69109
575,1,192,4.942402,39.00312
110,0,693,2.677372,134.3095
111,0,0,0,0
151,0,1802,12.13957,368.8011
579,1,185,4.944502,37.75446
131,1,3453,22.64933,668.3978
206,0,230,1.453999,59.42413
207,0,0,0,0
576,1,243,4.927102,43.87835
580,1,206,4.938202,41.80243
133,1,669,8.299286,129.1512
577,1,188,4.943602,37.95441
207,0,239,0.4521987,61.03261
208,0,0,0,0
581,1,196,4.9412,39.80288
153,1,742,6.667191,137.0212
208,0,233,-0.04660105,59.59229
209,0,0,0,0
578,1,253,4.9241,44.05502
111,1,695,6.554889,130.659
152,0,669,4.366198,142.089
582,1,257,4.9229,42.99063
132,1,671,7.694485,131.6506
135,0,990,5.802042,205.3648
136,0,0,0,0
209,0,242,0.9516,61.14239
210,0,0,0,0
579,1,248,4.9256,44.57621
583,1,192,4.942402,39.15452
134,1,667,7.681883,129.4347
210,0,234,0.9531997,59.70668
211,0,0,0,0
584,1,213,5.436099,42.95394
580,0,244,1.9512,61.49507
581,0,0,0,0
581,0,0,0,0
585,1,215,4.935502,43.35402
581,1,217,2.934893,42.16016
112,1,753,6.545889,135.2147
133,1,681,7.190887,133.747
582,1,215,4.935502,43.75448
135,0,676,3.364786,146.6209
154,1,1238,10.4023,234.8813
583,1,203,4.939102,41.20293
211,1,784,7.164789,157.1244
153,0,1262,7.445898,261.2943
584,1,275,4.798899,45.09685
113,1,720,7.078589,135.5992
586,1,814,9.255838,159.0448
585,1,189,5.341502,38.32224
154,0,402,3.419595,92.26095
587,1,187,4.943902,38.15436
586,1,251,4.804302,43.68402
588,1,186,4.944202,37.80294
212,1,656,7.803188,128.0599
587,1,196,4.941202,39.80323
155,0,400,2.919996,92.34646
134,1,1396,11.95969,263.9413
588,1,208,5.437598,41.56721
589,1,221,4.933702,44.00304
213,1,630,7.710387,126.4075
590,1,193,4.942102,39.35441
589,0,836,5.332835,180.0145
590,0,0,0,0
590,0,0,0,0
590,0,0,0,0
590,0,0,0,0
136,0,2652,15.96939,521.1979
137,0,0,0,0
591,1,191,4.942702,38.80313
590,0,256,-2.551192,63.74728
591,0,0,0,0
591,0,0,0,0
591,0,0,0,0
591,0,0,0,0
114,0,1492,6.311749,277.5322
115,0,0,0,0
592,1,223,4.9331,42.13553
135,0,9015,50.2013,1660.321
136,0,0,0,0
136,0,0,0,0
136,0,0,0,0
214,1,624,7.812788,125.4028
593,1,184,4.944802,37.55466
594,1,234,4.8076,39.82429
136,1,2472,18.25821,470.9016
595,1,201,4.9397,40.31585
215,1,714,6.877987,138.7747
156,0,1802,10.03896,366.6875
596,1,238,4.823802,46.96238
135,1,1861,11.11363,355.9985
597,1,222,4.933403,44.25966
137,1,668,7.090587,131.3864
157,0,402,3.419596,92.12524
598,1,193,4.942102,39.35439
599,1,205,5.438502,40.33472
136,1,716,7.785186,137.687
600,1,208,4.937603,41.2602
158,0,534,2.893196,117.9003
601,1,185,4.944502,37.75446
159,0,268,1.9464,65.39835
137,0,2354,13.02907,474.4294
138,0,0,0,0
602,1,313,4.9061,47.74807
160,0,261,1.4478,65.0186
603,1,206,4.9382,41.05891
137,1,716,7.680986,141.8134
591,1,2706,15.18814,533.1644
604,1,254,4.820199,44.36706
592,1,200,4.940002,40.20315
161,0,545,2.890992,120.9853
605,1,188,4.943602,38.35441
134,0,9566,48.90877,1798.089
135,0,0,0,0
593,1,211,5.436698,42.80266
138,1,752,7.173789,138.7292
162,0,392,2.921596,90.69734
594,1,225,4.932502,41.64817
606,1,420,5.666795,83.42817
595,1,190,4.943002,38.60306
607,1,189,4.943302,38.15446
596,1,243,4.9271,42.65796
608,1,241,4.9277,44.04472
139,1,664,7.800787,133.5465
609,1,224,4.932802,43.87887
597,1,242,4.9274,42.18859
610,1,185,4.944502,37.75446
216,1,3306,22.00785,629.4265
598,1,230,4.8256,41.09229
611,1,205,4.938502,41.60322
599,1,243,4.9271,42.54133
140,1,634,7.707988,127.2904
612,1,250,4.925,43.241
613,1,195,4.941502,39.75439
600,1,419,5.769494,79.76889
614,1,192,4.942402,39.00304
601,1,192,4.942402,38.70978
602,1,214,4.935802,42.81845
603,1,210,4.937002,42.75414
138,0,4381,24.13184,826.6418
604,1,185,4.944502,37.35426
605,1,197,4.835503,39.08824
135,0,2969,15.25069,562.818
136,0,0,0,0
139,0,411,1.4178,87.4643
606,1,201,4.9397,39.67062
607,1,216,4.935202,43.00259
615,1,1434,10.46809,260.6923
608,1,256,4.9232,45.25512
616,1,208,4.937602,42.20302
217,1,2586,16.72405,490.2444
138,0,4699,25.55944,919.2746
163,0,3543,22.88729,709.7703
617,1,192,4.836402,38.94611
609,0,512,2.397593,110.5446
610,0,0,0,0
610,0,0,0,0
610,0,0,0,0
610,0,0,0,0
618,1,263,5.421103,45.40228
610,1,205,0.9385092,40.92707
619,1,231,4.930702,42.16432
218,1,668,7.299591,125.9245
164,0,666,4.3668,143.4339
611,1,249,4.8139,42.02736
620,1,236,4.929202,44.2222
612,1,266,4.920202,46.68564
621,1,250,4.825,43.95562
165,0,398,2.420401,92.08189
613,1,208,4.937602,41.95395
622,1,199,4.9403,40.03407
219,1,679,7.692086,133.1698
623,1,211,4.936702,42.95447
614,1,282,4.9154,43.61431
141,1,3776,26.64631,730.6842
624,1,211,4.936702,42.80302
615,1,216,4.935202,43.01839
625,1,186,5.444202,37.95451
156,0,541,2.891796,111.8171
616,1,257,4.922904,47.94034
626,1,204,4.938802,41.55439
220,1,765,7.145288,136.7105
617,1,203,4.9391,40.82087
627,1,197,4.9409,40.15459
618,1,193,4.942102,38.59829
166,1,7321,49.80637,1422.598
628,1,251,4.9247,43.1122
619,1,232,5.430398,45.12715
166,0,1471,12.20576,298.2763
629,1,189,4.943302,38.55439
620,1,193,4.942102,39.3542
221,1,757,7.567484,141.4996
630,1,195,4.838502,39.30664
621,1,211,4.9367,40.47952
631,1,379,4.8863,78.96332
222,1,695,7.683089,130.5875
632,1,400,5.880001,80.48444
633,0,276,0.9448043,67.48721
634,0,0,0,0
634,0,0,0,0
622,1,1021,8.693753,187.9872
142,0,2695,16.46069,541.705
623,1,218,4.832202,43.38248
223,1,690,6.792992,131.0039
139,0,4390,26.12125,862.866
140,0,0,0,0
624,1,243,4.9271,42.69175
634,0,616,1.376795,133.7033
635,0,0,0,0
635,0,0,0,0
140,0,433,0.4133988,99.31316
141,0,0,0,0
143,1,660,8.301988,129.9657
635,1,322,2.903389,65.35369
224,1,691,8.792705,138.8034
636,1,238,5.428603,41.65371
637,1,259,4.9223,43.839
167,0,2805,15.93867,558.9675
141,0,558,1.888397,118.9266
142,0,0,0,0
157,0,3652,14.46209,711.8487
144,1,690,7.688187,137.1562
638,1,250,4.925,43.98052
116,1,2576,14.29534,448.585
225,1,915,8.408714,175.3083
639,0,310,0.2977988,60.62221
640,0,0,0,0
640,0,0,0,0
640,1,264,2.808192,43.026
168,0,801,5.339854,167.9624
641,1,187,4.943902,38.15453
226,1,657,7.802886,127.4053
117,1,751,6.229694,128.7613
642,1,323,5.403099,63.29626
118,0,244,1.451199,61.88223
119,0,0,0,0
643,1,246,4.926203,46.44602
145,1,1536,12.31352,292.8269
227,1,665,7.800487,131.2348
644,1,303,4.9091,59.79471
169,0,1067,6.786685,218.3914
645,1,211,4.828899,39.94691
544,1,3953,22.81362,733.0046
170,0,267,1.446601,65.26508
119,1,849,7.74529,163.9975
646,1,187,4.943902,38.15442
146,1,629,7.210688,125.9631
545,1,264,4.809999,42.8387
171,0,266,1.9468,64.8502
647,1,228,4.831602,45.83481
228,1,707,7.684288,136.3688
546,1,234,4.9298,44.36415
648,1,212,4.826799,39.78361
547,1,195,4.941502,39.60303
649,1,223,4.823502,43.10942
548,1,186,4.944202,37.95448
120,1,780,7.265987,139.0182
147,1,714,7.285789,135.0472
172,0,665,4.366997,141.6264
229,1,622,7.313387,125.1563
650,1,205,4.938502,42.54088
549,1,252,5.424402,43.45512
651,1,195,4.941502,39.6031
121,0,322,1.435599,76.38742
122,0,0,0,0
550,1,219,4.934302,43.41067
173,0,408,2.918396,93.7478
652,1,187,4.943902,38.15434
148,1,643,7.807088,128.5735
653,1,213,4.936102,42.80301
551,1,307,4.9079,48.85316
174,0,263,1.447401,65.44088
122,0,456,0.9088017,99.95367
123,0,0,0,0
625,1,4749,29.07452,893.4036
654,1,205,4.938502,41.75441
552,1,246,4.9262,41.45512
626,1,203,4.939102,41.28757
142,0,4021,23.19522,776.551
143,0,0,0,0
655,1,249,4.9253,43.05491
553,1,213,4.936102,43.35396
627,0,285,1.943001,67.2393
628,0,0,0,0
628,0,0,0,0
628,0,0,0,0
628,0,0,0,0
149,1,650,7.698987,126.9198
554,1,188,5.443602,38.20308
656,1,260,4.922,41.6325
230,1,1390,11.0831,258.4879
628,0,236,-2.047192,60.17559
629,0,0,0,0
629,0,0,0,0
629,0,0,0,0
629,0,0,0,0
123,0,799,3.840184,166.7298
124,0,0,0,0
657,1,244,4.9268,42.40807
629,0,232,-2.046391,59.98094
630,0,0,0,0
630,0,0,0,0
630,0,0,0,0
630,0,0,0,0
231,1,617,7.214288,124.2137
175,0,1605,10.17894,325.2499
658,1,904,6.72878,167.7162
232,0,477,2.167388,102.3465
233,0,0,0,0
124,0,1005,1.298994,210.2967
125,0,0,0,0
150,1,1352,10.38008,259.79
659,1,187,4.943902,38.15433
630,0,986,0.3027905,211.9147
631,0,0,0,0
631,0,0,0,0
631,0,0,0,0
631,0,0,0,0
660,1,244,4.9268,42.48204
555,1,1652,10.69251,292.6311
631,1,335,1.899505,67.43057
556,1,205,4.938502,41.60267
661,1,235,4.929503,45.92646
151,0,665,4.366996,145.9765
632,1,250,4.925,42.78046
233,0,767,3.109982,154.3664
557,1,214,4.935802,43.15395
662,1,204,4.9388,40.73489
125,0,986,2.802786,207.0222
126,0,0,0,0
633,1,245,4.9265,41.78041
558,1,197,4.940902,40.15409
634,1,218,4.934603,38.94185
559,1,206,4.838202,41.96646
635,1,246,4.9262,42.05491
234,1,720,6.767188,138.8421
560,1,245,4.9265,42.17937
561,1,216,4.832202,43.42001
143,0,3463,16.80712,686.8602
144,0,0,0,0
562,1,212,4.936402,42.75409
563,1,196,4.941202,39.95425
235,1,674,7.297791,128.4566
126,1,1269,9.619349,249.2417
564,1,242,4.8166,42.86135
565,1,246,4.9262,42.23697
176,0,2912,17.01002,574.9963
566,1,247,4.9259,41.65508
567,1,208,4.8352,41.03185
236,0,992,5.301622,209.5062
237,0,0,0,0
568,1,190,4.943002,38.60312
177,0,622,3.875594,134.0374
663,1,2486,13.7542,446.2092
569,1,207,4.937902,43.06364
127,1,1324,10.9897,251.388
237,0,573,2.885395,124.7
238,0,0,0,0
152,0,3095,16.16994,618.6979
570,1,490,6.251792,92.64105
238,0,281,0.9438,68.32834
239,0,0,0,0
571,1,206,4.938202,41.95415
144,0,2411,12.51769,487.4543
145,0,0,0,0
664,1,989,11.20339,189.6222
178,0,1069,6.786284,223.1631
128,0,784,4.843217,165.5609
572,1,278,5.311203,50.65257
153,0,685,4.259397,147.9699
665,1,234,5.429799,44.43908
573,1,248,4.9256,42.65508
179,0,399,2.920196,91.74778
574,1,189,4.943302,38.39492
180,0,271,1.9458,65.18825
666,1,465,6.360494,86.13757
575,1,193,4.839702,39.13771
129,0,861,4.707412,172.5515
667,1,221,4.933702,44.39625
576,1,208,5.437598,42.35443
181,0,269,1.446201,64.9775
145,0,992,5.801633,206.2932
146,0,0,0,0
141,1,7221,43.29924,1396.43
577,1,210,4.937002,42.7541
668,1,246,4.926202,44.95131
578,1,204,4.938802,41.55411
159,0,1188,6.262465,247.1078
669,1,211,4.936702,42.80299
670,1,187,4.943902,37.86948
579,1,244,4.9268,41.99667
239,0,2057,14.08847,419.7548
240,0,0,0,0
142,1,679,7.181292,125.0343
580,1,211,4.936702,42.15394
182,0,926,5.211833,192.057
581,1,219,4.8217,39.7713
671,0,518,2.896392,109.9957
672,0,0,0,0
672,0,0,0,0
582,1,211,4.936702,42.55118
154,1,2130,14.2454,418.3403
143,1,682,7.592987,135.8293
583,1,246,4.9262,41.65506
240,0,798,4.34042,167.3148
241,0,0,0,0
183,1,740,7.673186,139.6906
584,1,220,4.829203,43.11105
160,0,1410,6.01086,283.5812
144,0,390,1.921997,88.77361
585,1,201,4.839702,41.32186
155,1,638,6.703193,126.113
586,1,234,4.815402,42.81882
156,0,253,2.449396,62.64197
184,1,749,6.550096,141.8029
587,1,247,4.9259,41.65505
145,1,658,7.802588,129.608
588,1,248,4.9256,42.65265
146,0,2723,17.45512,543.6708
147,0,0,0,0
130,0,2846,17.2269,544.1588
589,1,227,4.931902,43.93251
590,1,197,4.940902,39.70994
185,1,728,7.17379,136.0339
591,1,284,4.914802,51.59719
131,0,818,4.735218,167.2087
592,1,287,4.913902,57.64939
157,1,1524,10.02251,294.1903
593,1,288,5.413602,52.61071
146,0,1948,11.00793,382.2661
158,0,759,4.247017,160.6246
147,0,2222,7.555839,440.6631
148,0,0,0,0
672,1,3848,17.34525,693.2867
138,0,7924,42.91815,1452.173
139,0,0,0,0
139,0,0,0,0
139,0,0,0,0
132,1,1536,13.32843,295.9745
673,1,197,4.940902,40.00299
159,0,779,5.242422,164.4384
147,1,813,8.756113,163.218
674,1,219,4.821102,40.72297
148,0,560,2.388,121.6626
149,0,0,0,0
133,1,664,7.471383,125.4633
160,1,659,6.993286,130.18
148,1,702,6.678593,130.2924
637,1,211,4.936703,39.9375
149,0,359,1.428199,79.02217
241,0,4844,26.53033,962.9842
242,0,0,0,0
675,1,1041,8.687724,187.5143
134,1,721,6.681294,130.8651
161,1,651,7.702888,130.3819
638,1,253,4.9241,42.26672
676,1,247,5.425902,41.65513
150,0,322,1.435599,72.9195
639,1,207,4.937902,42.00242
677,1,202,4.939402,40.60304
242,0,518,3.396394,115.7639
243,0,0,0,0
678,1,197,4.8397,40.00543
640,1,251,4.9247,42.05533
135,1,714,7.679185,133.111
679,1,254,4.9238,44.84525
186,1,4297,22.45285,815.439
149,0,1918,9.116511,379.2794
162,0,885,4.609827,185.1199
151,1,885,9.132737,168.0547
680,1,285,4.197702,46.01325
681,1,213,4.935502,42.803
136,0,822,4.022396,169.3449
137,0,0,0,0
187,1,653,7.201091,127.644
682,1,285,4.914502,51.56065
683,1,246,4.9262,42.05462
163,0,852,3.891787,176.5576
641,1,1285,9.114545,245.8993
150,0,1109,5.778245,229.9324
151,0,0,0,0
684,1,237,4.928902,47.0841
642,1,248,4.9256,42.41475
188,1,706,7.186389,133.8903
685,1,249,5.425302,42.45513
643,1,209,4.937302,42.55424
243,0,1945,10.11107,383.978
244,0,0,0,0
137,0,846,2.70798,177.2936
138,0,0,0,0
164,1,648,6.290587,122.8826
644,1,190,4.943002,38.60307
686,1,210,4.828,39.56804
244,0,267,0.9466,66.31392
245,0,0,0,0
152,0,1577,9.465436,305.8627
645,1,231,5.430698,46.32434
687,1,228,4.931602,43.47502
646,1,206,4.938202,42.27767
688,1,238,4.928603,43.66929
189,1,724,7.282789,136.4497
245,0,431,1.9138,95.32587
246,0,0,0,0
165,1,641,7.807689,125.6837
151,0,1113,6.277454,229.6428
152,0,0,0,0
647,1,204,4.837602,41.04223
138,0,839,3.726181,179.4654
139,0,0,0,0
648,1,188,4.943602,38.16745
246,0,429,1.9142,94.44353
247,0,0,0,0
689,1,484,6.854791,91.23571
649,1,257,5.422902,41.43399
690,1,245,4.9265,41.60413
166,1,652,7.804388,130.1947
161,0,8534,31.24508,1611.501
650,1,258,4.7154,43.18485
190,0,885,5.823044,189.0701
691,1,228,5.329202,42.701
139,0,795,3.534384,166.6004
140,0,0,0,0
651,1,249,4.9253,41.55445
692,1,195,4.941502,39.75439
152,0,1112,6.777655,227.941
652,1,189,4.943302,38.55438
162,0,536,2.892796,111.3733
693,1,245,4.9265,42.82336
653,1,194,5.441798,39.40299
191,1,655,7.803487,128.5805
153,1,1880,14.47005,349.8623
694,1,249,4.9253,42.85506
654,1,227,5.431899,44.12814
695,1,214,4.935802,43.40296
140,0,865,3.919189,181.1767
141,0,0,0,0
655,1,253,4.9241,42.35945
167,1,1223,11.6332,228.5213
192,1,609,7.317291,122.5549
656,1,208,4.937602,42.20253
657,1,211,4.936702,42.80255
153,0,1178,6.264469,239.6746
154,0,0,0,0
658,1,200,4.940002,40.75392
247,0,2113,13.57726,423.521
248,0,0,0,0
659,1,188,4.943602,38.35441
193,1,653,7.304088,130.9358
696,1,1008,8.197596,175.8524
660,1,246,4.9262,41.45471
697,1,275,4.917503,53.07938
168,1,1183,10.34035,218.758
661,1,260,4.922002,46.72697
698,1,249,5.425302,43.23691
662,1,262,4.807603,45.19541
663,1,188,4.943602,38.35448
163,1,2377,14.35394,453.3077
699,0,515,2.396994,109.8733
700,0,0,0,0
700,0,0,0,0
194,0,1139,3.640373,230.6173
664,1,234,4.929803,42.56138
665,1,187,4.943902,38.15442
164,1,621,7.313688,124.8047
666,1,224,4.932802,45.68885
139,1,9055,50.78702,1655.346
667,1,204,4.938802,41.40243
169,1,1392,12.26987,272.4572
195,1,679,7.090888,131.7275
141,1,2779,18.54989,535.6456
668,1,246,4.9262,41.65507
139,0,1477,7.596933,289.5724
140,0,0,0,0
165,1,700,7.45998,132.0447
140,1,534,6.339793,97.61745
700,1,1241,8.127716,243.9777
196,1,688,7.592387,134.4885
170,1,721,7.283689,133.7989
701,1,212,4.936402,42.60301
669,1,627,6.311893,118.3547
141,1,441,6.267694,87.7553
248,0,2937,20.91222,586.842
249,0,0,0,0
702,1,217,4.822899,39.95482
197,0,464,2.174789,104.5917
166,1,758,7.27259,136.7455
703,1,246,4.9262,42.23687
140,0,1060,3.62857,206.7986
141,0,0,0,0
142,1,481,6.255094,91.45266
704,1,251,4.9247,41.65502
142,1,1530,12.23571,298.969
198,1,653,7.701089,128.2578
143,1,478,5.856599,87.26337
154,1,4950,33.09729,942.7025
705,1,637,6.308894,118.0467
154,0,4329,24.6336,852.4366
155,0,0,0,0
706,1,200,4.940002,40.7543
144,1,482,5.8554,87.04306
167,1,1153,9.55115,219.7292
199,1,628,7.311588,126.3581
707,1,195,4.9415,39.61971
155,1,693,6.886087,137.2813
143,1,1038,8.947842,193.2157
708,1,210,4.937002,41.80303
145,1,484,5.854797,89.38814
709,1,231,4.819302,43.21675
168,1,728,7.680385,141.6723
710,1,192,4.734602,38.54824
200,1,695,6.791492,133.4382
711,1,209,4.836102,42.50136
595,1,3601,20.41928,623.7433
144,0,837,3.832581,178.5552
146,0,657,1.987585,127.7543
147,0,0,0,0
147,0,0,0,0
147,0,0,0,0
147,0,0,0,0
147,0,0,0,0
712,1,189,4.742102,38.72224
155,0,1486,8.702913,306.5039
156,0,0,0,0
596,1,207,4.937902,42.00268
713,1,188,4.943602,38.35437
169,1,637,7.708887,128.4035
201,1,736,7.279189,136.139
597,1,247,4.9259,41.65507
714,1,244,4.926802,45.23376
170,0,1985,11.60297,376.7568
171,0,0,0,0
171,0,0,0,0
171,0,0,0,0
598,1,231,4.930703,39.89218
145,0,869,4.326206,181.707
599,1,233,5.314499,42.22067
170,1,648,7.305592,125.5298
600,1,215,4.935502,42.40259
156,0,990,5.302037,205.6252
157,0,0,0,0
601,1,199,4.8361,39.75595
715,0,917,5.816625,191.1614
716,0,0,0,0
716,0,0,0,0
156,0,2335,15.32741,469.1386
602,1,247,4.8229,41.6982
171,0,658,3.368392,132.9782
147,0,1647,3.132799,320.6661
148,0,0,0,0
148,0,0,0,0
148,0,0,0,0
148,0,0,0,0
148,0,0,0,0
146,0,894,4.32121,183.9562
603,1,221,4.933702,43.06322
157,0,350,2.325193,81.91186
716,0,394,0.9211953,90.75871
717,0,0,0,0
717,0,0,0,0
604,1,185,4.944502,37.60295
717,1,207,2.937893,41.12657
670,1,4660,26.1013,842.3539
671,1,196,4.8388,39.88214
172,1,670,7.298991,126.3588
202,0,1909,10.41409,382.7409
148,1,748,3.144422,137.2695
672,1,208,4.937602,42.35385
673,1,217,4.834302,43.51847
718,1,790,7.262985,135.9501
149,1,466,5.860198,85.25512
171,0,5663,33.61332,1104.818
605,1,971,7.708678,174.0806
674,1,311,5.406703,46.99026
147,0,1231,5.702689,219.6987
148,0,0,0,0
719,1,187,4.842102,38.30579
203,0,759,4.245799,152.9384
249,0,5667,36.86707,1107.869
250,0,0,0,0
606,1,210,4.937002,42.20256
720,1,253,4.9241,43.50192
607,1,189,4.943302,38.40297
150,1,446,6.263795,81.36221
250,0,287,0.9425998,67.95582
251,0,0,0,0
675,1,452,7.364392,89.87521
721,1,218,4.8178,39.56948
608,1,219,4.934302,43.59471
148,0,613,2.877392,135.1906
149,0,0,0,0
676,1,215,4.935502,43.35404
722,1,211,4.936702,42.95438
251,0,283,0.9433999,67.1782
252,0,0,0,0
151,1,440,5.867997,88.73824
609,1,246,4.9262,41.65502
204,1,714,7.28579,131.4947
677,1,211,4.936702,42.80268
723,1,246,4.9262,41.65498
610,1,201,4.827702,39.35162
152,0,228,1.454399,59.01972
153,0,0,0,0
153,0,0,0,0
153,0,0,0,0
678,1,219,4.834302,43.95729
724,1,251,4.800699,41.57664
141,0,6299,30.01503,1227.964
142,0,0,0,0
172,0,1287,7.641511,258.3509
611,1,204,4.938802,41.55436
679,1,209,4.937302,42.40286
149,1,716,6.559992,134.7976
252,0,714,3.85719,146.7899
253,0,0,0,0
205,1,628,6.904388,125.0327
612,1,248,4.9256,41.45507
725,1,295,4.9115,47.67687
680,1,207,4.937902,41.75107
153,0,510,0.8979905,111.4006
154,0,0,0,0
154,0,0,0,0
154,0,0,0,0
173,0,458,2.908395,103.602
726,1,207,4.937902,42.00307
613,1,236,4.929203,46.4421
681,1,214,4.935802,42.62049
253,0,435,2.412995,96.93626
254,0,0,0,0
614,1,191,4.942702,38.95435
727,1,206,4.938202,41.95439
682,1,251,4.9247,42.2848
154,1,442,3.367391,85.67503
158,0,3272,18.72365,601.7391
615,1,227,5.431902,42.8964
728,0,266,1.9468,65.40926
729,0,0,0,0
729,0,0,0,0
174,0,645,3.870986,142.1208
616,1,214,4.935802,42.75417
155,1,452,6.158995,88.82674
729,0,544,0.8911983,120.511
730,0,0,0,0
730,0,0,0,0
683,1,767,7.269884,132.533
159,0,734,4.8484,155.3607
160,0,0,0,0
156,1,481,5.855698,88.65588
684,1,192,4.942402,39.00298
617,1,730,7.280986,129.5387
685,1,253,4.9241,43.85514
175,0,910,4.913245,192.6929
618,1,247,4.9259,42.45509
686,1,188,4.943602,38.35436
157,1,487,5.853897,89.88203
619,1,209,4.937302,42.55436
730,1,884,7.734779,172.44
206,1,2213,13.12056,398.4965
620,1,254,4.9238,42.58912
731,1,189,4.943302,38.55442
687,1,434,6.267394,80.36098
621,1,204,4.8334,40.11017
254,0,2153,13.56929,430.1863
255,0,0,0,0
732,1,262,4.921403,45.28656
688,1,287,4.810302,57.53671
622,1,217,4.8325,42.73836
733,1,211,4.936702,42.80303
689,1,247,4.9259,41.43882
623,1,233,4.930102,44.33595
734,1,251,4.9247,43.25507
690,1,193,4.838502,38.76682
150,0,3211,16.44611,634.7824
151,0,0,0,0
624,1,185,4.944502,37.75447
207,0,1032,6.79365,212.1004
176,0,1468,8.589625,299.3839
691,1,206,4.938202,41.80264
142,0,3564,17.84599,690.601
143,0,0,0,0
735,1,260,4.8154,42.49815
158,1,1417,10.97079,256.8535
625,1,217,4.934902,44.00293
736,1,190,4.943002,38.60306
692,1,246,4.9262,41.655
626,1,190,4.943002,38.62905
627,1,207,4.937902,42.15411
737,1,286,5.414203,43.54464
693,1,254,4.8184,42.32773
208,1,707,6.787891,131.1653
628,1,194,4.941802,39.40292
738,1,189,4.943302,38.40303
255,0,1414,8.717259,285.5229
256,0,0,0,0
694,1,247,4.9259,41.45502
450,1,7889,53.13743,1460.03
177,0,923,5.815448,197.2263
739,1,201,5.337298,40.75865
629,1,250,4.925,42.45502
451,1,187,4.943902,38.15445
695,1,271,4.9187,42.1588
173,0,6531,39.19466,1227.962
160,0,3100,16.86472,585.3198
452,1,241,4.9277,42.10131
630,1,258,5.422599,44.79725
159,1,1132,9.160426,225.0835
696,1,246,4.9262,41.65504
209,0,685,4.262996,149.875
631,1,199,4.9403,39.88271
453,1,235,4.929503,46.23067
632,1,247,4.9259,41.65507
454,1,233,4.805499,41.19877
160,1,511,5.729897,90.10272
256,0,1110,6.778065,232.7077
257,0,0,0,0
455,1,186,4.944202,37.95452
633,1,260,4.922,44.46686
178,0,1093,6.374882,220.5442
210,1,666,6.991787,131.1732
456,1,247,4.9259,41.45511
634,1,219,4.934302,44.00298
161,1,501,6.246693,97.59781
457,1,191,4.942702,38.95446
635,1,209,4.937302,42.15381
458,1,220,4.934002,42.99686
636,0,272,0.3377995,58.35314
637,0,0,0,0
637,0,0,0,0
637,0,0,0,0
637,0,0,0,0
211,1,610,7.816988,122.7548
162,1,428,6.871591,86.00574
459,1,245,4.9265,41.45515
637,1,260,0.8148248,42.63428
151,0,3095,15.33396,595.5527
152,0,0,0,0
179,0,945,5.592444,195.9644
460,1,204,4.938802,41.55445
638,1,183,4.945102,36.80277
163,1,408,6.377595,82.35541
461,1,310,4.907,47.67809
639,1,248,4.9256,42.2551
462,1,190,5.443002,38.75444
640,1,229,4.830102,45.92816
152,1,627,6.311894,126.5441
174,0,2479,14.00397,479.0978
164,1,490,5.852997,89.85583
641,1,246,5.426202,42.45507
175,0,307,1.938599,72.31023
740,1,2971,17.90184,541.9337
642,1,209,4.937302,42.00272
165,1,450,6.364995,90.2248
741,1,197,4.836102,39.95758
153,1,694,7.573788,133.3226
643,1,249,4.9253,42.83845
180,0,1332,8.130078,266.1093
742,1,207,4.9379,41.00469
166,1,445,5.866497,86.61839
644,1,247,4.9259,41.45507
743,1,210,4.937002,42.75432
212,1,2064,12.3448,368.8575
744,1,209,4.937302,42.55443
645,1,247,4.9259,41.65508
154,1,649,7.575882,125.3255
745,1,240,4.928002,47.44055
646,1,233,4.930102,46.12585
746,1,227,4.806702,41.16203
647,1,204,4.938802,41.55412
257,0,3419,22.81563,686.6779
258,0,0,0,0
213,1,627,7.811889,126.1509
747,1,189,4.840902,38.477
648,1,249,4.9253,41.5303
155,0,707,5.858638,151.5159
156,0,0,0,0
649,1,191,4.842702,38.8291
748,1,258,4.814199,41.29772
161,0,4506,25.86687,866.4146
749,1,186,4.944202,37.80306
156,0,240,0.952,60.30965
157,0,0,0,0
650,1,234,4.813602,42.89352
750,1,193,4.942102,39.44639
651,1,248,4.9256,41.45509
751,0,276,0.3351994,57.72123
752,0,0,0,0
752,0,0,0,0
652,1,264,4.9208,42.74724
167,1,2013,16.39598,376.2904
752,1,271,2.805491,43.9684
653,1,193,4.842102,39.35441
258,0,1321,8.235878,274.0508
259,0,0,0,0
463,0,3096,13.88061,580.7811
464,0,0,0,0
464,0,0,0,0
181,0,2363,15.21043,480.1724
753,1,190,4.943002,38.47084
654,1,188,5.443598,38.20301
655,1,200,4.940002,40.60302
157,0,1130,6.774085,235.9954
158,0,0,0,0
162,0,1290,7.641512,262.9836
168,0,546,4.390798,120.2581
169,0,0,0,0
169,0,0,0,0
169,0,0,0,0
656,1,208,4.828,40.47068
754,0,433,2.913392,96.94922
755,0,0,0,0
755,0,0,0,0
214,1,1895,12.81655,363.4956
182,1,663,7.801086,130.6787
657,1,271,4.704299,42.58972
169,0,406,-0.08120719,92.57924
170,0,0,0,0
170,0,0,0,0
170,0,0,0,0
755,0,289,-1.05781,67.65394
756,0,0,0,0
756,0,0,0,0
215,0,356,1.428798,80.67101
658,1,250,4.925,43.03701
464,1,1166,7.150184,210.7002
756,1,423,4.873093,79.1525
659,1,248,4.9256,41.4551
465,1,201,5.439698,39.65464
170,0,549,0.8901899,117.517
171,0,0,0,0
171,0,0,0,0
171,0,0,0,0
757,1,206,4.938202,41.95439
466,1,189,4.943302,38.3064
660,1,249,4.9253,41.65731
183,1,875,8.737518,167.3912
216,1,644,8.306787,127.9218
758,1,198,4.839402,40.5101
467,1,213,4.936102,43.35435
661,1,249,4.9253,41.45504
759,1,203,4.939102,41.67654
468,1,228,4.822002,42.8751
163,0,1704,10.45081,342.8758
760,1,256,4.9232,43.25983
469,1,314,4.766199,45.91814
761,1,208,4.937602,42.20293
217,1,759,7.272288,141.4859
697,1,7718,47.68705,1430.571
470,1,191,4.942702,38.95442
698,1,208,4.937602,41.80261
762,1,273,4.9181,43.12095
471,1,195,4.9415,39.72184
184,1,1236,12.02869,242.9485
662,1,1008,8.593415,178.0559
699,1,247,4.9259,41.45501
472,1,207,4.937902,42.00309
763,1,251,4.9247,41.60372
218,1,619,7.211888,124.0315
176,0,5791,34.34127,1113.375
663,1,245,4.8151,42.10999
473,1,207,4.937902,41.75445
764,1,208,4.837602,42.22934
259,0,3180,23.86356,635.7817
260,0,0,0,0
700,1,293,4.752099,42.66693
171,0,1782,10.6436,353.3747
172,0,0,0,0
172,0,0,0,0
172,0,0,0,0
765,1,187,4.943902,38.00303
474,1,263,4.921103,48.32528
701,1,294,4.8046,43.62742
185,1,698,6.687593,130.1943
664,1,435,6.255094,78.67645
177,0,454,2.909194,99.239
766,1,257,4.793501,43.20947
164,0,1469,8.49786,291.4063
475,1,248,4.8256,41.88291
702,1,188,4.843602,38.19844
219,1,650,7.304987,130.3361
665,1,187,5.443898,38.15429
767,1,249,4.8229,42.01464
476,1,249,4.9253,42.9806
703,1,215,4.831903,42.52626
172,0,690,2.361985,142.8588
173,0,0,0,0
173,0,0,0,0
173,0,0,0,0
666,1,189,5.443298,38.40303
158,1,3547,30.43533,689.1067
768,1,207,4.937902,42.15445
477,1,187,4.943902,38.04702
704,1,225,4.932502,41.97683
667,1,254,4.9238,42.88335
186,1,677,7.189693,126.3597
769,1,240,4.706401,43.06359
478,1,249,4.9253,42.05511
705,1,212,4.936402,41.71296
668,1,194,5.340602,39.24586
220,1,692,7.482787,135.5559
260,0,1260,9.74806,261.3709
261,0,0,0,0
178,0,900,7.320047,187.4953
770,1,248,4.9256,43.25481
706,1,214,4.935802,43.40256
159,1,638,7.707388,127.6016
669,0,246,1.4508,61.37109
670,0,0,0,0
670,0,0,0,0
670,0,0,0,0
670,0,0,0,0
479,1,312,4.772199,43.5488
771,1,196,4.9412,39.87498
158,0,7810,50.94143,1511.782
159,0,0,0,0
707,1,194,4.941802,39.403
173,1,854,8.243782,168.9749
480,1,187,4.943902,38.15448
772,1,192,4.942402,38.16666
708,1,213,5.436099,43.20272
165,0,1349,7.527918,271.5332
481,1,250,4.925,42.25508
773,1,213,4.936102,42.95438
174,1,416,6.375194,83.72878
187,0,1009,5.185034,206.2646
709,1,354,6.393797,70.68592
670,0,691,1.361799,143.0979
671,0,0,0,0
671,0,0,0,0
671,0,0,0,0
671,0,0,0,0
482,1,247,4.803102,42.02537
774,1,209,4.837302,42.55444
160,1,780,7.059985,141.5924
710,1,208,4.937602,42.35391
775,1,188,5.443602,38.20306
483,1,252,4.9244,43.65516
175,1,450,6.263194,88.97423
776,1,192,4.942402,39.00311
484,1,203,4.939102,41.35443
172,0,9605,53.08427,1765.782
173,0,0,0,0
173,0,0,0,0
173,0,0,0,0
188,1,702,7.188787,138.2051
221,1,1565,12.42519,289.2631
485,1,236,4.812402,42.23412
176,1,428,6.266196,84.38428
161,1,772,6.663593,144.2062
486,1,196,4.9412,39.95102
166,0,1327,7.53053,266.823
487,1,213,4.936103,41.39383
177,1,418,6.374595,84.96045
222,1,679,7.694488,131.2268
488,1,252,5.424402,43.25511
162,1,670,7.095392,124.9759
489,1,247,4.9259,42.25514
178,1,478,5.856597,90.57945
671,1,1664,9.896674,306.6817
672,1,188,4.943602,38.20311
490,1,250,4.795599,39.86551
777,1,1505,12.04862,263.6435
491,1,202,4.939402,41.15451
261,0,2938,18.91208,577.2157
262,0,0,0,0
163,1,604,7.818789,121.5511
673,1,292,4.912402,57.91397
778,1,248,4.9256,42.25521
492,1,251,4.9247,42.8551
779,1,206,4.938202,40.95453
711,1,2277,15.6132,415.3489
262,0,417,1.4166,94.48417
263,0,0,0,0
780,1,238,4.928602,44.88119
164,0,493,3.401393,109.8013
165,0,0,0,0
712,1,208,5.437598,41.80248
189,1,2073,14.87808,397.314
167,0,1768,9.93862,350.638
263,0,288,0.9424,67.10834
264,0,0,0,0
781,1,237,4.928903,46.55985
713,1,201,4.834902,40.46322
782,1,191,5.442698,38.80302
714,1,187,4.943902,38.15421
674,0,960,5.064266,191.1091
675,0,0,0,0
675,0,0,0,0
675,0,0,0,0
675,0,0,0,0
165,0,500,1.899994,111.1732
166,0,0,0,0
783,1,217,4.9349,40.58325
715,1,243,4.9271,42.10772
784,1,212,4.936402,43.00309
716,0,231,1.953799,59.43235
717,0,0,0,0
717,0,0,0,0
717,0,0,0,0
717,0,0,0,0
675,0,553,-1.843001,116.8737
676,0,0,0,0
676,0,0,0,0
676,0,0,0,0
676,0,0,0,0
785,1,253,4.9241,44.8127
166,0,652,3.869589,139.5602
167,0,0,0,0
183,1,648,7.203188,126.5726
786,1,246,4.9262,42.47565
168,0,1280,7.744117,264.0875
493,1,1797,13.46092,320.6216
717,1,600,4.320007,117.9474
494,1,208,5.437598,42.35444
718,1,205,5.335498,40.58318
787,1,542,6.135587,100.7264
676,0,860,0.3746032,174.6774
677,0,0,0,0
677,0,0,0,0
677,0,0,0,0
677,0,0,0,0
495,1,222,4.933403,44.21753
184,1,718,7.18399,137.707
719,1,237,4.809102,42.62637
788,1,190,5.942998,38.75439
496,0,241,1.951799,61.33047
497,0,0,0,0
497,0,0,0,0
720,1,206,4.938202,41.9539
169,0,850,4.413188,174.9318
170,0,0,0,0
789,1,248,4.9256,42.65509
497,1,206,2.938193,40.84461
721,1,222,4.933402,44.40451
677,0,583,-1.586803,112.8721
678,0,0,0,0
678,0,0,0,0
678,0,0,0,0
678,0,0,0,0
790,1,193,4.839702,39.24498
190,0,2443,11.15498,473.3469
498,1,183,4.945102,37.35447
722,1,248,4.9256,42.18707
678,1,179,0.9463103,37.45247
167,1,1606,13.01824,311.4243
499,1,202,4.9394,41.31006
791,1,249,5.425302,44.25506
723,1,203,4.939102,41.35382
679,1,214,4.935802,41.0319
223,1,4218,26.56665,799.847
792,1,198,4.9406,40.04175
500,1,238,4.810602,42.24286
724,1,224,4.932803,44.77289
680,1,251,4.9247,43.35475
793,1,203,4.939102,41.35438
501,1,188,4.943602,38.35446
224,0,319,1.936199,74.46204
725,1,212,4.936402,43.43289
185,1,1362,10.8891,264.8398
794,1,194,4.941802,39.403
681,1,246,4.9262,42.70759
502,1,224,4.932802,44.07406
264,0,3315,25.83653,665.0164
265,0,0,0,0
726,1,208,4.937602,42.35425
168,1,775,7.563884,150.041
795,1,210,4.937002,42.60304
682,1,189,4.943302,38.00306
503,1,205,4.938502,41.75445
727,1,235,4.8271,42.21774
796,1,197,4.940902,40.00323
683,0,229,0.9542029,59.31733
684,0,0,0,0
684,0,0,0,0
684,0,0,0,0
684,0,0,0,0
504,1,187,4.943902,38.15446
225,1,658,7.302588,132.1658
169,0,412,1.4176,87.13019
170,0,0,0,0
797,1,207,4.937902,42.94276
186,1,673,6.695091,134.3784
728,1,248,4.925602,43.32155
684,1,204,0.9388092,40.76207
798,1,192,4.942402,39.00306
729,1,202,4.939402,41.00261
685,1,191,4.942702,38.95446
799,1,210,4.937002,42.60305
686,1,213,4.936102,43.04957
730,1,246,4.9262,42.25969
226,1,609,7.71489,123.7906
505,1,743,7.277085,131.0815
687,1,187,4.943902,38.1545
170,1,653,6.203493,122.4793
800,1,247,4.9259,43.25999
731,1,199,4.9403,40.56623
179,0,8124,50.87893,1545.365
187,1,671,7.193887,131.9333
170,0,2480,12.78417,478.3104
688,1,189,4.943302,38.55448
506,1,251,4.9247,43.85125
801,1,206,4.938202,41.95436
732,1,214,4.822,40.02846
180,0,300,1.939999,70.61267
159,0,8162,53.87218,1606.408
507,1,204,4.838802,42.02355
733,1,206,4.938202,41.95392
802,1,303,4.7995,45.88668
508,1,211,4.833102,42.79136
734,0,183,0.3339991,43.67164
735,0,0,0,0
735,0,0,0,0
735,0,0,0,0
735,0,0,0,0
188,1,631,7.209487,126.682
689,1,536,6.839191,106.4933
803,1,192,4.942402,39.00306
265,0,1919,14.61615,391.8118
266,0,0,0,0
181,0,454,2.909195,101.1287
735,1,205,0.7349079,40.55888
509,1,250,4.925,43.65516
804,1,216,4.729802,43.68004
690,1,245,5.426502,42.4293
191,1,3102,20.22771,594.5544
510,1,186,4.944202,37.95448
266,0,270,0.9459999,65.46317
267,0,0,0,0
171,0,1023,5.988258,207.484
172,0,0,0,0
805,1,247,4.9259,44.03951
691,1,259,5.422302,49.66455
511,1,251,4.8235,44.17422
189,1,690,7.691786,136.6722
806,1,204,4.9388,40.08011
692,1,272,4.8046,42.24805
192,0,472,2.905592,106.4228
512,1,251,4.9247,44.43702
807,1,250,4.925,44.04192
267,0,571,3.88579,124.3647
268,0,0,0,0
182,0,903,6.819458,188.2253
736,1,875,8.237518,158.7779
693,1,256,4.616603,48.62679
513,1,266,4.8088,43.3294
808,1,187,4.943902,38.15444
694,1,249,4.9253,43.45512
737,1,294,4.9118,47.49956
227,1,2114,11.94196,394.6036
514,1,228,4.931602,44.14467
190,1,672,7.594187,132.0746
809,1,242,4.9274,42.9659
738,1,191,4.942702,38.80298
695,1,304,4.9088,47.77584
810,1,243,4.927102,44.23349
739,1,204,4.938802,41.55413
696,1,188,4.943602,38.35443
811,1,235,4.929502,43.04655
740,1,201,4.839102,41.04133
191,1,642,7.807387,125.0714
697,1,205,4.8313,40.11446
172,0,1521,6.773672,301.3742
228,1,671,7.19449,133.2196
741,1,207,4.937902,41.60253
698,1,216,4.935202,44.01898
742,1,236,4.929203,46.94435
699,1,260,4.922,42.83795
192,0,522,2.895592,114.6907
743,1,248,4.9256,43.05498
229,1,717,7.554281,131.385
700,1,289,4.795899,43.72004
744,1,240,4.928002,44.45245
701,0,232,1.453601,59.61483
702,0,0,0,0
702,0,0,0,0
702,0,0,0,0
702,0,0,0,0
745,1,210,4.937002,42.75391
268,0,2214,13.55707,441.2841
269,0,0,0,0
702,1,207,0.9379091,41.16301
193,1,722,7.783385,139.9044
746,1,187,4.943902,38.15446
230,1,689,7.293291,126.2455
703,1,229,4.628302,46.14677
704,1,190,5.442998,38.59475
173,0,1808,9.924013,352.3822
705,1,200,4.94,40.15054
269,0,711,3.357789,148.7336
270,0,0,0,0
194,1,715,7.662082,140.9619
706,1,217,4.934902,43.05666
231,1,641,7.807687,127.8836
707,1,189,4.943302,38.40312
747,1,1149,11.1554,229.3127
708,1,184,5.444798,37.55441
748,1,189,4.943302,38.5544
709,1,201,5.339702,40.01442
749,1,243,4.495304,47.07778
710,1,263,4.921102,46.97442
750,1,196,4.9412,39.83286
174,0,1236,6.190744,224.707
175,0,0,0,0
711,1,250,4.925003,49.18417
751,1,210,4.937002,42.75401
712,1,260,4.922002,46.19532
752,1,254,4.820199,43.03457
713,1,239,4.812702,43.29915
753,1,212,4.936402,42.99418
714,1,210,4.937002,42.18203
195,1,1944,14.79517,370.0386
232,1,1897,13.93093,349.5636
754,1,260,4.922,43.64643
715,1,251,4.8223,41.82791
755,1,252,4.9244,44.655
716,1,184,4.944802,37.55444
756,1,210,4.937002,42.35387
270,0,2573,14.98527,513.7385
271,0,0,0,0
717,1,197,4.9409,39.87517
757,1,288,4.913602,58.26641
718,1,244,4.9268,41.38735
271,0,286,-0.05720113,66.36227
272,0,0,0,0
233,1,874,6.499762,148.5657
719,1,190,4.943002,38.60297
196,1,1049,8.290494,186.5582
175,0,2042,9.255148,377.2364
176,0,0,0,0
720,1,194,5.441798,39.40304
721,1,271,4.815102,50.19548
722,1,247,4.9259,42.05429
272,0,881,3.823786,184.5405
273,0,0,0,0
197,1,690,6.689992,131.2119
758,1,957,6.07724,147.7665
723,1,211,4.8259,39.61413
759,1,231,5.324099,44.63163
724,1,249,4.9253,42.45506
760,1,186,4.944202,37.95446
812,1,6265,30.11938,1127.279
234,1,1389,10.47736,266.3058
725,1,256,4.9232,43.54549
813,1,248,4.9256,42.25496
176,0,1288,6.742485,265.9689
761,1,310,4.907002,54.97338
726,1,250,4.925,43.58784
762,1,216,5.323203,39.59264
727,1,192,4.942402,38.79839
763,1,270,4.919,45.43102
183,0,7897,43.92306,1498.92
235,1,805,6.998488,133.2123
764,1,214,4.935802,43.34616
814,0,787,4.842606,166.4018
815,0,0,0,0
815,0,0,0,0
145,0,8950,38.10031,1761.021
146,0,0,0,0
765,1,218,4.830402,44.44571
766,1,227,4.931902,44.66957
236,1,626,7.812187,125.2288
198,1,2031,10.48265,318.318
767,1,192,4.942402,39.00289
815,1,753,5.774092,146.5339
768,1,232,4.816602,42.39798
816,1,246,5.426202,42.08126
769,1,226,4.822602,42.62933
515,1,8896,41.8327,1523.299
161,0,641,3.371793,140.4763
162,0,0,0,0
770,1,191,4.942702,38.80295
199,1,764,7.653987,137.3962
516,1,210,4.937002,42.60324
771,1,254,4.8184,43.6481
517,1,244,4.9268,42.25986
772,1,248,4.9256,42.65501
518,1,191,4.942702,38.74975
237,1,1455,8.390636,219.6639
200,1,695,8.291506,137.8194
177,0,2751,16.24591,518.1569
773,1,257,4.922902,45.69154
519,1,248,5.425602,42.25437
520,1,204,4.938802,40.49017
774,1,211,4.936702,42.59786
775,1,205,4.938502,41.75406
521,1,252,4.8196,42.86943
238,1,655,7.601087,125.054
201,1,670,7.798986,132.9818
522,1,265,4.920502,47.00175
523,1,187,4.943902,38.15437
184,0,3304,18.33883,643.4783
146,1,3045,18.86775,579.6309
524,1,231,4.9307,41.47996
239,1,720,6.783991,136.5301
525,1,210,4.937002,42.35446
526,1,209,4.937302,42.55434
147,1,651,7.804688,129.4766
527,1,249,4.9253,41.25516
202,0,1218,6.146889,244.7196
528,1,209,4.837302,42.41822
240,1,734,6.77979,132.8039
529,1,250,4.925,42.2551
148,1,614,7.815788,122.5982
530,1,190,4.943002,38.75447
203,1,692,7.685787,136.5657
531,1,211,4.8271,39.74739
241,1,634,7.203786,126.3251
172,1,4762,25.07067,879.6393
204,0,384,2.423197,87.49611
532,1,292,4.785999,42.66545
149,1,681,7.191488,131.8053
533,1,208,4.937602,42.20306
534,1,212,4.936402,42.60309
242,1,754,8.273804,147.7057
205,1,639,7.808289,124.9502
178,0,3660,16.90034,614.2925
150,1,612,7.316387,122.4526
173,0,948,4.698422,194.2756
174,0,0,0,0
206,0,295,1.441,71.88101
175,0,2536,13.49262,494.9358
176,0,0,0,0
176,0,0,0,0
176,0,0,0,0
243,1,731,6.975288,138.3923
207,1,658,7.302588,130.2063
151,0,1085,5.283056,221.1198
152,0,0,0,0
244,1,857,7.142887,169.8197
179,0,1460,8.10631,294.3153
245,1,637,7.308887,127.0944
152,0,1007,3.298577,206.425
153,0,0,0,0
174,1,2183,13.02121,409.7482
246,1,728,6.781591,135.5262
185,0,5348,23.92944,1023.262
208,1,1952,10.97857,358.2434
180,0,1464,8.302521,295.3093
186,0,300,1.44,67.84907
175,1,705,7.288485,134.9998
153,0,999,4.800223,205.6239
154,0,0,0,0
247,1,646,7.501387,129.2095
154,0,969,3.806179,201.6717
155,0,0,0,0
248,1,712,5.957589,133.4965
209,0,1424,5.76671,281.6402
535,1,4550,21.13442,862.7013
536,1,209,4.937302,42.40306
181,0,1761,8.741289,351.2711
537,1,257,4.9229,43.98503
538,1,254,4.9238,44.44007
155,0,986,4.802827,203.0783
156,0,0,0,0
162,0,9648,45.57417,1881.026
163,0,0,0,0
187,0,2180,9.564089,425.7516
539,1,281,4.813302,50.54889
540,1,230,5.430999,43.36231
541,1,250,4.925,43.85442
542,1,238,4.928602,47.31345
156,0,981,4.803824,201.9111
157,0,0,0,0
543,1,223,4.933102,42.95913
182,0,1568,9.973862,312.9458
544,1,195,4.840899,39.69416
545,1,460,5.257803,87.8585
195,1,892,8.523417,170.0485
157,0,982,4.803624,200.4989
158,0,0,0,0
546,1,274,4.917802,49.08764
547,1,215,4.834902,43.35445
818,1,2133,14.86012,410.9109
196,1,633,7.209488,126.7896
548,1,186,4.944202,37.95444
549,1,182,4.945402,37.15448
819,1,244,5.426802,43.01931
820,1,206,4.938202,41.80309
550,1,217,4.934902,43.03054
188,1,2688,16.19351,513.968
176,0,4876,16.31881,964.5088
177,0,0,0,0
158,0,981,4.803824,202.4296
159,0,0,0,0
183,0,1815,10.83105,360.0299
249,1,3959,24.2023,752.525
821,1,205,4.938502,41.60308
551,1,251,4.9247,43.19563
822,1,201,4.939702,40.95442
552,1,239,4.712702,44.40187
159,0,471,1.905795,105.4369
160,0,0,0,0
823,1,189,4.943302,38.40304
777,1,1799,12.4604,330.1728
189,1,642,7.307391,128.7989
553,1,190,4.943002,38.5595
197,1,1174,10.04728,219.6249
824,1,207,5.437899,42.15443
184,0,713,4.357401,153.1664
778,1,236,5.306404,39.79057
554,1,210,4.937002,42.91158
250,1,783,7.265088,141.2878
825,1,213,4.936102,43.054
555,1,206,4.9382,40.59142
779,1,281,4.9157,45.69586
826,1,203,4.9391,40.25416
780,1,202,4.834002,40.73953
210,0,5016,28.00104,956.2828
190,1,703,6.974091,128.6737
556,1,282,4.915402,50.46048
827,1,249,4.9253,43.8548
160,0,971,4.805824,200.4156
161,0,0,0,0
251,1,627,7.110087,125.398
781,1,234,4.8298,42.81361
557,1,253,4.9241,43.01478
161,0,155,-0.03100094,43.76347
162,0,0,0,0
828,1,253,4.8241,44.03389
163,1,4511,28.14611,865.8406
782,1,221,4.823502,41.75372
558,1,249,4.9253,42.65511
198,0,1141,5.429643,214.8804
829,1,211,4.831903,41.77829
783,1,188,4.943602,38.35442
559,1,205,4.8331,40.71228
252,1,625,7.812488,125.6018
830,1,250,4.925,43.05505
784,1,216,4.724999,39.95185
560,1,260,4.822,48.03301
164,1,659,7.302287,132.388
831,1,248,4.9256,42.15036
785,1,256,4.9232,45.04863
162,0,824,4.234593,168.9285
163,0,0,0,0
561,1,252,4.8232,42.82001
832,1,216,4.935203,43.38006
786,1,204,4.938803,40.80379
562,1,216,4.935202,43.80306
833,1,205,4.938502,41.75435
787,1,204,4.9388,40.53824
253,1,744,7.276789,139.8452
185,0,2122,11.06653,410.9499
563,1,210,4.937002,42.8697
788,1,341,4.8977,62.21845
834,1,497,5.749093,93.20435
789,1,246,4.9262,43.25126
163,0,974,4.805225,201.8195
164,0,0,0,0
211,0,2145,12.32829,422.8306
564,1,482,6.355393,89.48693
274,0,8625,57.27942,1690.97
275,0,0,0,0
835,1,189,5.342698,38.75302
254,1,727,6.529087,130.6756
790,1,204,4.834002,40.61512
836,1,207,4.937902,42.00305
565,1,278,5.301003,45.35279
791,1,223,4.933102,43.85441
837,1,213,4.936102,42.95443
566,1,208,4.9376,40.64116
191,1,2698,16.26267,500.5012
186,0,1132,6.766487,231.4779
187,0,0,0,0
838,1,209,4.937302,42.40306
255,1,641,7.307687,127.5097
839,1,293,5.412099,59.15261
164,0,984,4.703224,201.6923
165,0,0,0,0
275,0,1000,6.800061,208.9396
276,0,0,0,0
792,1,730,8.281012,142.6616
840,1,223,4.8151,42.11607
567,1,691,6.792693,128.2688
192,1,741,7.277689,137.92
793,1,276,4.8076,46.66904
568,1,236,5.312403,43.03205
841,1,272,4.7034,44.06653
794,1,189,4.943302,38.55426
842,1,193,4.942102,39.06951
569,1,309,4.738898,42.68037
795,1,248,4.925602,52.20869
256,1,1086,10.07366,217.0295
843,1,231,4.930703,43.6673
165,0,991,4.700024,202.9284
166,0,0,0,0
570,1,263,4.921103,49.82858
796,1,214,5.435799,43.55413
844,1,186,4.944202,37.95441
571,1,254,5.423802,45.03707
845,1,191,4.942702,38.9544
797,1,241,4.927702,45.41144
572,1,205,4.938502,41.35446
846,1,206,4.938202,41.80301
798,1,215,4.733702,43.10555
187,0,1911,9.405265,377.3003
257,1,698,6.674993,128.5807
573,1,213,4.831303,42.20842
847,1,249,4.9253,43.77262
165,0,3922,27.8118,744.1071
574,1,214,4.831002,42.52769
848,1,203,4.939102,41.35432
166,0,982,4.701825,202.9356
167,0,0,0,0
193,1,1742,15.27436,345.9043
166,0,236,1.952799,59.66769
167,0,0,0,0
575,1,222,4.933403,43.29202
849,1,210,4.836402,42.59995
258,0,689,2.862186,151.0353
576,1,225,4.9325,42.2727
850,1,251,4.9247,43.06609
276,0,2420,17.01574,484.5902
277,0,0,0,0
577,1,210,4.937002,42.60308
851,0,173,0.3377992,43.42599
852,0,0,0,0
852,0,0,0,0
730,1,1015,10.69557,192.2854
259,0,325,1.434999,75.87362
194,1,683,7.795082,127.1458
578,1,188,5.443602,38.35436
852,1,212,2.430993,41.23873
731,1,250,4.925,44.78059
199,0,5475,29.74219,1070.016
167,0,977,4.699826,201.4982
168,0,0,0,0
579,1,203,4.839102,41.65543
853,1,247,4.9259,43.43183
195,0,331,1.433799,77.20261
580,1,244,4.9268,43.18381
200,0,485,2.902992,109.2355
581,1,228,4.931602,42.76552
854,1,400,5.778194,77.53635
177,0,5518,32.39549,1057.347
178,0,0,0,0
178,0,0,0,0
855,1,191,5.442698,38.95455
582,1,239,4.800099,40.99515
196,1,702,7.283986,140.6349
732,1,972,8.708428,182.2
856,1,244,4.9268,42.42783
583,1,248,4.9256,43.78725
168,0,987,4.701424,202.2887
169,0,0,0,0
733,1,245,4.9265,41.41468
584,1,207,4.937902,42.00308
857,1,288,4.9136,44.3449
734,0,236,1.452801,59.86922
735,0,0,0,0
735,0,0,0,0
735,0,0,0,0
735,0,0,0,0
277,0,1861,12.12775,367.6594
278,0,0,0,0
858,1,247,4.9259,45.17959
735,1,206,0.9382097,40.69231
197,1,761,7.108688,133.0432
859,1,278,4.805799,47.88026
736,1,197,5.440898,39.94975
860,1,207,4.937902,42.15437
737,1,204,4.938802,41.55405
169,0,978,4.704424,203.9743
170,0,0,0,0
201,0,1531,8.459678,307.0125
861,1,249,4.9253,44.97247
738,1,243,4.807902,43.21116
585,1,1021,9.791986,196.9353
586,1,185,4.944502,37.75452
862,1,209,4.937302,42.15445
739,1,248,4.9256,42.85493
198,1,972,9.106027,188.5525
587,1,186,5.444198,37.95443
863,1,194,4.840002,39.09681
740,1,250,4.925,44.0549
864,1,211,5.436698,42.75381
588,1,249,4.9253,44.6239
741,1,206,4.938202,40.73234
170,0,987,4.802623,201.2205
171,0,0,0,0
865,1,256,4.9232,46.506
589,1,265,4.9205,45.59538
742,1,190,5.341198,38.5404
743,1,193,5.340298,39.38097
866,1,224,4.932802,43.66498
590,1,206,4.938202,41.95445
260,0,3641,12.77154,739.8394
188,0,4729,26.33195,869.2418
744,1,225,5.432498,45.32869
591,1,251,4.9247,44.59515
867,1,257,4.9229,46.08703
178,0,2968,13.90627,565.3887
179,0,0,0,0
179,0,0,0,0
261,0,315,1.936999,76.11555
592,1,186,4.944202,37.95443
868,1,196,4.837002,39.6386
745,1,243,4.927102,45.23019
171,0,981,4.803824,201.5325
172,0,0,0,0
746,1,196,4.838802,39.75851
593,1,231,4.930702,44.62578
869,1,290,4.913,46.80581
747,1,214,4.834602,43.32381
594,1,227,4.931902,42.98182
870,1,192,4.942402,38.87084
748,1,206,4.938202,41.95396
595,1,187,4.843302,38.12752
871,1,278,4.9166,44.67823
749,1,200,4.8352,39.82216
262,0,962,3.807578,204.0251
596,1,238,4.928602,47.56883
872,1,208,4.937602,42.20303
189,0,1429,8.611857,284.4638
597,1,192,4.839402,38.99697
750,1,322,4.745201,48.71337
873,1,188,4.943602,38.20305
263,0,318,1.936399,75.89346
172,0,979,4.804224,201.4689
173,0,0,0,0
598,1,219,4.8259,40.75835
212,0,9004,51.33546,1744.45
874,1,195,4.941502,39.20302
167,0,5960,38.06607,1118.147
168,0,0,0,0
751,1,232,4.817202,43.21061
599,1,250,4.925,43.65517
875,1,249,5.325302,43.53191
752,1,239,4.813302,44.03576
600,1,188,4.841802,38.28218
202,0,3480,19.54771,675.2368
168,0,383,1.199396,84.07771
169,0,0,0,0
753,1,188,4.943602,38.35453
876,1,207,4.937902,42.15441
178,0,2946,11.29937,598.1025
179,0,0,0,0
601,1,180,5.945998,36.75451
754,1,186,4.944202,37.80301
877,1,205,4.938502,41.75442
602,1,187,4.943902,38.15448
173,0,984,4.803225,201.8206
174,0,0,0,0
169,0,461,2.285597,97.1348
170,0,0,0,0
878,1,210,4.937002,42.80904
755,1,263,4.793501,44.93501
179,0,498,1.795594,111.3508
180,0,0,0,0
756,1,246,4.9262,41.80683
199,0,3735,22.25246,730.1103
603,0,521,3.895791,115.9437
604,0,0,0,0
604,0,0,0,0
757,1,251,4.9247,45.94021
180,0,508,2.296593,112.6151
181,0,0,0,0
879,1,696,7.791185,131.7081
758,1,222,4.933403,43.2032
170,0,783,5.233215,163.3208
171,0,0,0,0
190,0,2014,10.77261,390.4776
880,1,188,4.943602,38.20309
174,0,990,4.802024,203.2074
175,0,0,0,0
200,1,667,7.695087,132.7789
759,1,273,4.8055,45.59801
881,1,254,4.9238,46.40872
760,1,293,5.312102,52.87025
882,1,240,4.928,43.1296
761,1,213,4.936102,42.80269
883,1,243,4.9271,43.03349
201,1,636,7.401388,127.5872
762,1,210,4.836402,42.80236
884,1,252,4.8238,47.11954
175,0,978,4.804423,202.9431
176,0,0,0,0
763,1,218,4.818399,40.78697
764,1,185,4.944502,37.75444
885,1,277,4.6995,45.97049
278,0,6790,47.64491,1342.735
279,0,0,0,0
191,0,1462,8.305313,297.8023
604,0,1896,14.62071,386.0143
605,0,0,0,0
605,0,0,0,0
765,1,240,5.327997,47.89563
886,1,252,4.9244,46.3075
766,1,186,4.944202,37.80287
887,1,190,4.943002,38.60304
171,0,1961,11.45379,375.4956
172,0,0,0,0
202,0,1116,7.576891,235.1922
767,1,251,4.924702,48.9741
888,1,243,5.2085,44.05587
264,0,3900,14.21967,791.8199
768,1,190,5.442998,38.53122
889,1,205,4.938502,41.75439
279,0,1003,5.299427,207.9293
890,1,189,4.943302,38.40307
769,1,312,4.906402,61.17047
192,0,1127,6.250091,229.5023
193,0,0,0,0
891,1,208,4.831,41.09328
770,1,223,4.933102,45.67604
176,1,1762,13.77021,344.0851
892,1,223,4.933102,44.00232
771,1,305,4.9085,49.19876
203,0,1131,7.068477,235.3567
893,1,273,4.804299,44.87787
605,0,1698,11.16037,345.3269
606,0,0,0,0
606,0,0,0,0
172,0,1289,8.138679,253.773
173,0,0,0,0
772,1,246,4.9262,42.81478
894,1,227,4.621102,42.77512
177,1,663,7.801089,127.9393
181,0,3743,13.25115,726.5655
182,0,0,0,0
895,1,212,4.936402,42.94954
773,1,285,4.9145,46.62076
896,1,245,4.9265,44.54779
897,1,246,4.9262,44.03082
193,0,1493,8.096106,300.2125
265,0,2230,6.554205,459.313
178,1,751,7.774684,148.8983
774,1,694,6.186989,131.4096
898,1,244,4.9268,43.46156
213,1,6154,38.6213,1192.501
899,1,184,4.944802,37.55447
775,1,249,5.425302,42.77461
900,1,195,4.9415,39.75413
776,1,189,4.943302,38.36749
179,0,7928,43.41649,1523.199
180,0,0,0,0
180,0,0,0,0
182,1,1253,8.686901,239.4158
204,1,1752,12.95408,343.299
901,1,254,4.8232,45.96818
777,1,228,5.318399,42.40566
214,1,634,7.309787,126.8477
902,1,190,4.841802,38.77742
778,1,206,4.938202,41.4026
779,1,216,4.935203,43.40273
903,1,276,4.9172,44.1714
183,1,675,7.297489,134.7916
780,1,209,4.837302,42.58452
173,0,2408,12.81407,467.6681
174,0,0,0,0
904,1,259,4.9223,45.12034
215,1,668,7.799587,133.4636
606,0,2614,14.47705,517.1903
607,0,0,0,0
607,0,0,0,0
781,1,246,4.9262,44.13596
266,0,1594,7.681355,329.4349
905,1,213,4.834302,43.08331
174,0,360,2.427996,83.99391
175,0,0,0,0
782,1,217,4.831903,43.38744
906,1,248,4.9256,42.90495
184,1,656,7.680984,125.1911
267,0,316,1.436799,75.46767
194,0,2136,12.26677,405.5149
280,0,3848,25.22976,749.1488
281,0,0,0,0
783,1,256,4.8154,43.48259
907,1,267,5.419899,46.59319
784,1,212,4.834002,42.93709
216,1,760,7.64498,143.433
908,1,214,4.935802,41.90722
175,0,746,3.433386,154.2122
176,0,0,0,0
785,1,243,4.927102,44.47164
281,0,502,2.399595,111.2691
282,0,0,0,0
909,1,219,4.818099,39.77744
786,1,188,4.943602,38.35452
185,0,817,4.836615,170.6591
176,0,277,0.9446,66.71408
177,0,0,0,0
607,0,1303,7.239446,264.7564
608,0,0,0,0
608,0,0,0,0
787,1,207,4.937902,41.75411
282,0,438,2.412395,96.06876
283,0,0,0,0
217,1,706,6.87679,135.4967
179,0,2977,17.90428,589.8088
910,1,539,6.83829,107.9942
788,1,235,4.803699,39.8086
268,0,1345,5.231052,281.322
911,1,202,5.439398,41.15442
789,1,230,4.817801,42.8639
195,0,1417,8.111897,281.3485
205,0,2864,12.01438,532.0571
186,0,827,4.834615,172.3783
912,1,232,4.930402,42.80212
269,0,318,1.436399,76.27366
790,1,250,4.925003,46.95832
913,1,201,4.9397,40.92325
791,1,209,4.937302,42.55436
270,0,320,1.935999,77.02551
914,1,190,4.843002,38.96645
203,0,9562,52.33197,1834.388
792,1,213,4.936102,43.20305
283,0,1139,6.772249,229.3602
284,0,0,0,0
915,1,209,4.727099,39.4999
793,1,220,4.934002,44.70298
180,1,1298,11.61073,254.0693
916,1,215,4.834302,44.04664
187,0,831,5.333817,173.0655
794,1,249,4.9253,43.78054
917,1,206,4.938202,41.80302
795,1,209,4.937302,42.40274
918,1,247,4.9259,44.12334
204,1,831,9.147737,164.4964
796,1,196,4.9412,39.83118
196,0,1578,8.484465,307.7923
919,1,198,4.9406,39.55422
797,1,186,4.944202,37.95451
188,0,765,4.847014,160.9418
798,1,207,4.937902,42.15394
920,1,289,4.9133,60.27316
608,0,2482,17.50334,493.4789
609,0,0,0,0
609,0,0,0,0
921,1,190,4.843002,38.56636
609,1,211,2.936693,41.73129
610,1,208,4.937602,42.35445
922,1,255,4.818702,44.65184
611,1,210,4.937002,42.60308
189,0,838,4.832413,175.2234
923,1,252,4.9244,44.65483
206,0,2640,10.80956,509.5867
612,1,194,4.838802,39.57586
181,1,1953,12.91416,369.6151
271,0,2359,8.02841,484.3065
799,1,1034,8.689816,196.725
613,1,223,5.433098,43.52551
924,1,454,6.363794,86.47007
800,1,226,4.832202,46.92505
925,1,207,5.437899,42.15442
614,1,297,4.9109,50.16986
801,1,247,4.9259,43.65974
197,0,1869,11.10754,370.133
198,0,0,0,0
926,1,187,4.943902,38.00297
615,1,186,4.944202,37.95444
207,1,798,6.659389,148.1353
616,1,185,4.944502,37.75441
927,1,208,4.937602,42.35439
802,1,287,5.413899,51.14379
272,0,833,3.333382,178.5185
928,1,186,4.944202,37.95443
617,1,209,4.9373,41.0751
803,1,190,4.943002,38.20291
273,0,316,1.436799,75.61472
190,0,1521,9.091656,308.4971
804,1,256,4.9232,44.53021
205,1,2855,20.73365,555.3084
805,1,228,4.820202,43.44641
806,1,202,4.9394,41.16122
929,1,854,7.42638,152.4991
807,1,222,4.831002,44.59236
208,0,1304,6.093096,255.2587
177,0,5537,36.36164,1046.169
178,0,0,0,0
206,1,594,7.821788,119.5488
930,1,226,4.932202,44.70444
191,0,842,5.331617,175.8749
808,1,189,4.943302,38.40311
182,0,2208,11.95595,423.9799
931,1,247,4.9259,44.57589
809,1,252,4.9244,43.31223
198,0,1835,8.507965,359.8806
199,0,0,0,0
932,1,256,4.9232,44.99337
810,1,416,5.567395,81.35167
933,1,236,4.815402,43.09259
207,1,805,6.738086,151.5199
192,0,838,5.232417,176.3387
180,0,8725,46.25789,1625.564
181,0,0,0,0
181,0,0,0,0
811,1,249,4.925303,48.73519
199,1,742,7.277389,145.8905
812,1,287,5.413902,45.55122
183,0,1239,6.752272,249.562
813,1,254,4.9238,45.72913
193,0,798,5.340417,169.6716
200,1,706,7.288187,132.3106
814,1,288,4.913602,52.11386
208,1,1181,10.04097,235.3512
815,1,253,5.424102,44.83696
816,1,209,4.937302,42.40271
817,1,255,4.9235,44.08998
209,1,669,7.799287,130.3664
184,1,1310,10.84229,238.8824
274,0,3637,11.77246,739.34
194,1,1189,11.54279,230.9243
934,1,2138,14.88708,393.4797
201,1,1235,9.129533,230.9209
275,0,320,1.435999,76.61717
935,1,206,4.938202,41.9544
284,0,7502,50.50385,1479.279
285,0,0,0,0
195,1,734,7.178589,136.305
936,1,602,5.81939,116.4079
937,1,189,4.943302,38.00303
938,1,212,4.936402,43.15459
818,0,1615,9.073537,322.5788
819,0,0,0,0
819,0,0,0,0
819,0,0,0,0
819,0,0,0,0
939,1,250,4.925002,46.28706
178,0,4454,25.57845,839.1313
179,0,0,0,0
181,0,3632,18.27328,684.0757
182,0,0,0,0
182,0,0,0,0
940,1,208,4.937602,42.3544
210,1,2080,15.87591,400.7044
941,1,207,4.937902,42.15443
942,1,208,4.937602,42.35438
185,1,2359,16.68986,460.3139
943,1,253,4.9241,47.95343
285,0,1993,9.10138,391.3992
286,0,0,0,0
944,1,236,4.929203,47.00616
196,1,2068,15.27835,402.2744
186,1,657,7.201087,131.9533
945,1,295,4.785699,46.50533
946,1,238,4.810602,43.04983
211,1,1398,10.06508,265.936
947,1,206,4.9382,40.24735
187,1,596,7.721189,119.9822
819,0,2232,11.10389,435.1863
820,0,0,0,0
820,0,0,0,0
820,0,0,0,0
820,0,0,0,0
197,1,731,7.780686,143.2477
948,1,255,4.923502,46.51169
820,1,202,0.9394093,40.98046
276,0,3516,9.79697,714.8594
949,1,195,4.9415,39.75415
212,1,615,7.815487,122.1118
950,1,188,4.943602,38.35445
821,1,266,5.420202,44.82386
277,0,317,1.436599,76.73819
188,1,701,6.676487,134.2544
951,1,199,5.337898,40.53303
198,1,667,7.196291,126.3223
822,1,218,4.830402,42.88066
213,0,341,1.305399,73.6581
286,0,1898,10.6204,382.7716
287,0,0,0,0
179,0,2734,15.86965,517.6119
180,0,0,0,0
278,0,318,1.436399,76.76476
823,1,208,4.937602,42.35417
952,1,254,4.9238,46.78051
214,0,302,1.238399,73.34358
824,1,202,4.9394,40.31348
953,1,254,4.9238,47.40969
199,1,602,7.819388,121.1471
215,0,296,1.440799,73.09898
825,1,249,4.9253,43.44199
954,1,199,4.940302,40.55439
279,0,575,2.38499,127.2218
287,0,681,4.863802,148.2362
288,0,0,0,0
826,1,189,4.943302,38.40313
216,0,300,1.338799,72.36166
955,1,278,4.9166,48.30732
189,1,1044,9.584435,198.155
219,0,3426,17.81446,645.8909
220,0,0,0,0
280,0,321,1.935799,76.05582
827,1,211,4.936702,42.9543
956,1,209,4.937302,42.40302
217,0,299,1.338999,72.47488
200,1,744,7.176789,133.9482
281,0,315,1.436999,73.88788
957,1,274,4.9178,46.93013
218,0,301,1.339199,73.07963
958,1,268,4.812399,47.54744
282,0,447,1.410595,101.6567
219,0,299,1.338999,72.39999
220,0,803,2.839388,156.8219
221,0,0,0,0
959,1,207,4.937902,41.75439
201,1,712,7.28639,134.6432
220,0,301,1.231999,71.63638
185,0,5017,29.49578,948.4827
186,0,0,0,0
186,0,0,0,0
186,0,0,0,0
221,0,296,1.440799,73.05789
960,1,785,7.764484,143.7935
222,0,300,1.2352,71.9229
223,0,299,1.440199,72.45032
288,0,2430,14.51378,478.2948
289,0,0,0,0
224,0,307,1.333199,73.12718
283,0,1719,5.656299,355.626
225,0,294,1.941199,75.16572
186,0,1427,3.214574,275.8004
187,0,0,0,0
187,0,0,0,0
187,0,0,0,0
961,1,967,9.209908,179.2281
226,0,297,1.336999,71.03401
962,1,277,4.9169,45.4269
963,1,206,4.938202,41.95435
227,0,299,1.336599,72.5833
284,0,702,1.859587,150.5302
964,1,207,4.937902,42.15439
202,1,2355,16.99038,455.1665
289,0,1283,7.243483,257.7887
290,0,0,0,0
228,0,304,1.334399,71.77003
965,1,205,4.938502,41.60305
966,1,229,4.810299,40.1783
229,0,297,1.338199,71.7526
290,0,429,0.9141998,95.09869
291,0,0,0,0
967,1,228,4.931602,44.74926
285,0,839,2.832182,177.9235
230,0,299,1.332399,71.04367
968,1,227,4.725903,43.99301
286,0,317,1.436599,76.58041
231,0,298,1.334399,70.7292
969,1,196,4.9412,39.89581
210,0,2792,13.15802,549.3249
970,1,189,4.943302,38.55445
287,0,320,1.935999,76.73876
232,0,305,1.331799,72.5534
971,1,254,4.9238,43.11526
233,0,294,1.336399,70.75128
288,0,317,1.436599,75.73668
972,1,227,4.931902,46.20337
973,1,187,5.943898,38.15438
289,0,320,1.435999,76.73175
974,1,244,4.816002,45.56669
290,0,322,1.435599,76.50137
234,1,693,7.044682,129.0834
975,1,205,4.938502,41.60302
976,1,192,4.942402,39.15447
619,1,5073,29.56709,900.2051
291,0,313,1.437399,75.45446
977,1,227,4.812699,40.19239
620,1,238,5.299804,40.56659
292,0,322,1.435599,75.11767
978,1,187,4.943902,38.1544
621,1,250,4.925,44.39597
203,1,3044,13.57349,569.2923
235,1,752,6.548591,136.5858
293,0,320,1.435999,76.94985
622,1,245,4.9265,42.43711
203,1,1811,14.3561,344.8806
623,1,209,4.937302,42.40309
979,1,768,8.769603,133.4937
624,1,254,4.923803,51.55989
980,1,251,4.9247,43.81298
625,1,252,5.424402,48.91706
981,1,238,4.812402,42.87791
626,1,236,4.9292,42.62541
982,1,191,4.942702,38.95437
627,1,270,4.919003,49.71852
294,0,1336,3.732765,278.203
983,1,253,4.9241,44.6497
204,1,1330,10.8975,255.3271
628,1,260,4.922,44.68381
204,1,1732,10.37569,323.2001
984,1,189,4.943302,38.40302
629,1,213,4.936103,41.57793
985,1,236,4.828002,46.78452
236,0,2087,12.58248,423.0368
205,0,531,3.393793,113.6522
630,1,285,4.914502,51.5817
986,1,220,4.720799,39.91468
631,1,209,5.437299,42.5544
987,1,207,4.937902,42.15443
206,0,297,1.940599,72.50452
632,1,227,4.931902,43.30785
988,1,210,4.937002,42.04554
237,1,660,7.801987,130.9475
207,0,289,1.442199,70.86382
291,0,5376,36.42469,1057.593
292,0,0,0,0
989,1,187,5.443902,38.15451
633,1,250,4.925,43.61479
208,0,290,1.442,70.9652
634,1,189,4.943302,38.55446
990,1,241,5.427702,48.42265
295,0,1597,6.180704,330.8537
205,0,1446,9.300667,273.9374
206,0,0,0,0
635,1,194,4.9418,39.55449
991,1,214,4.935802,43.00302
209,0,286,1.4428,69.87473
238,1,676,7.797186,129.2711
296,0,322,1.435599,76.51508
992,1,233,4.815102,42.22763
636,1,266,4.920203,45.50776
993,1,188,4.943602,38.35442
637,1,207,4.937902,42.00305
994,1,189,5.443298,38.55441
638,1,213,4.936102,43.35446
210,0,708,3.858386,150.6866
181,0,1408,9.896814,275.6581
182,0,0,0,0
239,1,681,7.295687,133.2563
995,1,206,4.938202,41.80305
639,1,246,4.9262,43.41033
211,0,287,1.4426,70.32254
191,0,830,5.234023,172.6846
996,1,246,4.9262,43.05944
640,1,251,4.9247,44.50772
997,1,232,4.930403,46.06115
297,0,1213,4.257395,254.8854
212,0,295,1.440999,72.00263
641,1,210,4.837002,43.03116
998,1,270,4.919003,45.78368
642,1,246,4.9256,42.62678
298,0,317,1.936599,74.4295
999,1,221,4.933702,44.40308
643,1,258,4.9226,41.90831
182,0,1203,5.418696,235.1371
183,0,0,0,0
192,0,902,4.819618,181.0508
299,0,319,1.936199,75.39219
1000,1,242,4.9274,41.36707
644,1,269,5.419298,51.16976
1001,1,189,4.943302,38.55443
300,0,325,1.434999,77.68317
645,1,187,4.943902,38.1545
1002,1,190,5.442998,38.60308
646,1,212,4.936402,43.15445
213,0,1205,8.259056,250.4392
301,0,314,1.437199,75.16274
1003,1,250,4.925,43.65471
647,1,222,4.817199,40.51054
214,0,288,1.4424,70.26499
302,0,322,1.935599,75.5769
648,1,186,4.944202,37.95441
215,0,287,1.4426,69.93172
206,0,3368,20.08341,659.8065
303,0,316,1.436799,75.16957
292,0,3838,25.23184,744.9142
293,0,0,0,0
1004,1,743,8.777117,144.8266
216,0,289,1.4422,71.23846
1005,1,203,4.939102,40.43771
217,0,282,1.443599,69.37907
1006,1,215,4.935502,43.75436
649,1,875,9.237538,167.3247
304,1,649,7.805287,131.5785
218,0,296,1.440799,72.55914
1007,1,194,4.9418,39.55413
650,1,256,4.819,42.69574
1008,1,228,4.822002,43.45486
1009,1,247,4.9259,42.99619
219,0,507,2.398592,112.8233
293,0,1142,4.771637,237.0021
294,0,0,0,0
651,1,474,5.857793,89.31878
305,1,706,6.577992,131.5951
1010,1,222,4.724402,42.32071
652,1,277,4.715102,50.54875
1011,1,243,4.9271,42.55508
653,1,249,5.425302,42.05517
1012,1,247,4.9259,42.33994
829,1,4956,28.51238,875.7039
306,1,680,7.193589,136.0477
654,1,259,4.9223,44.40143
1013,1,194,4.839402,39.26013
830,1,230,4.931002,46.02404
655,1,185,4.944502,37.35447
1014,1,205,4.938502,41.20306
656,1,245,4.9265,41.45517
1015,1,213,4.733702,43.03757
307,1,627,7.311888,126.1569
220,0,1417,7.216709,283.9432
831,1,465,6.860492,89.15342
657,1,220,4.934002,42.61979
1016,1,247,4.925902,44.15427
832,1,186,4.944202,37.95426
658,1,206,4.9382,40.89764
221,0,296,1.440799,72.12908
1017,1,187,4.943902,38.15434
833,1,206,4.9382,40.94037
659,1,210,4.937002,42.75443
1018,1,198,4.834602,39.66594
308,1,625,7.711288,125.6746
834,1,195,4.9415,40.00599
1019,1,191,4.942702,38.80309
660,1,242,4.927402,48.09449
222,0,533,3.393391,117.0252
1020,1,191,4.942702,38.95443
661,1,207,5.437899,42.15442
1021,1,187,4.943902,38.00305
223,0,310,1.437999,75.01077
222,0,6062,32.28664,1072.602
223,0,0,0,0
662,1,302,4.773999,42.11123
1022,1,247,4.9259,43.43162
309,1,761,7.666287,135.8129
224,0,290,1.442,70.96828
663,1,275,4.7971,42.1384
1023,1,228,4.931602,43.87622
225,0,291,1.441799,71.44048
664,1,276,4.9172,44.21662
1024,1,244,4.9268,41.65467
665,1,246,4.305802,45.10252
1025,1,247,4.925902,48.60004
666,1,205,4.938502,41.75442
1026,1,227,5.431902,45.60374
310,1,927,9.108134,179.6485
667,1,188,4.943602,38.35442
1027,1,194,4.941802,39.40303
1028,1,189,5.443298,38.40303
207,0,5361,31.88486,1019.512
668,1,249,4.9253,43.58366
226,1,1126,10.16227,226.7448
669,1,201,4.9397,40.50235
1029,1,216,5.435199,44.27981
670,1,215,4.935502,43.26759
671,1,212,4.936402,43.15445
803,1,7906,51.13159,1478.357
672,1,216,4.731002,43.5513
188,0,6611,34.67782,1219.048
189,0,0,0,0
189,0,0,0,0
189,0,0,0,0
804,1,212,4.936402,43.00267
311,0,1384,7.223302,273.06
805,1,191,4.942702,38.80319
673,1,312,4.906402,55.65856
212,0,5011,24.10328,961.2494
806,1,190,5.442998,38.75431
674,1,187,5.443898,38.15444
1030,0,1175,7.26506,246.2723
1031,0,0,0,0
1031,0,0,0,0
208,0,1545,9.263493,306.2064
807,1,232,5.430399,44.49285
1031,0,261,-0.05220582,64.50029
1032,0,0,0,0
1032,0,0,0,0
223,0,3107,13.87838,552.6402
224,0,0,0,0
808,1,225,4.932503,45.28006
809,1,240,4.928,41.48392
1032,1,453,3.364085,90.47177
810,1,248,4.9256,42.60601
1033,1,195,4.9415,39.61695
294,0,6426,43.7166,1271.953
295,0,0,0,0
811,1,228,4.931602,46.18581
675,1,1177,9.146933,214.7189
1034,1,246,4.9262,42.41457
812,1,208,5.437598,42.20256
1035,1,186,4.944202,37.95446
676,1,215,4.935502,43.35461
1036,1,188,4.943602,38.35439
677,1,246,4.9262,42.05518
1037,1,210,4.937002,42.35432
678,1,196,4.9412,39.80655
209,0,1637,9.464238,323.4422
1038,1,284,4.9148,46.74702
679,1,237,4.813902,43.29036
680,1,204,4.8364,39.82726
1039,1,213,4.936102,43.49615
681,1,214,4.935802,42.75446
1040,1,247,4.9259,42.65161
210,0,762,3.824183,159.7788
211,0,0,0,0
682,1,238,4.928602,42.41082
1041,1,251,4.9247,43.65488
194,0,860,5.328019,176.4332
683,1,180,4.946002,36.75436
1042,1,230,4.828002,43.64757
295,0,2009,11.09822,390.471
296,0,0,0,0
684,1,221,4.933702,42.30176
685,1,187,4.943902,38.15443
686,1,246,4.9262,42.79446
687,1,208,4.9376,39.93017
296,0,856,3.328784,179.8923
297,0,0,0,0
688,1,211,4.835502,42.92356
211,0,1595,8.241523,312.7288
689,1,466,5.860194,87.64127
1043,1,1494,8.729089,261.8328
1044,1,209,4.736702,42.55384
690,1,288,4.9136,45.52034
691,1,188,4.943602,38.35444
1045,1,215,4.935502,43.35435
1046,1,220,4.934002,43.80312
692,1,254,5.423802,45.84614
1047,1,189,4.943302,38.40292
1048,1,224,4.9328,42.83871
184,0,3578,15.74792,666.8618
185,0,0,0,0
1049,1,259,4.922302,50.00916
297,0,2000,8.600075,393.3321
298,0,0,0,0
693,1,743,6.574087,133.1711
227,0,7222,36.58466,1338.934
1050,1,274,5.302803,44.77893
694,1,203,4.9391,40.09764
212,0,1992,10.79201,403.7882
213,0,0,0,0
1051,1,188,4.943602,38.20303
695,1,250,4.925002,48.56527
213,0,6591,28.98516,1276.556
1052,1,302,5.4094,53.20266
696,1,261,4.8157,43.9421
1053,1,187,5.443902,38.00307
697,1,247,4.9259,42.56248
1054,1,204,4.9388,40.69933
213,0,820,2.620383,165.5042
214,0,0,0,0
698,1,186,4.944202,37.80542
214,0,612,1.728995,118.1891
1055,1,207,4.937902,41.99479
699,1,190,4.943002,38.75446
241,1,6529,42.04215,1274.432
214,0,399,1.320199,92.0943
215,0,0,0,0
1056,1,247,4.9259,42.65493
700,1,210,4.937002,42.60307
1057,1,208,4.937602,42.5582
701,1,213,4.936102,43.20306
215,0,586,1.733596,114.8464
1058,1,217,4.830702,44.05049
702,1,246,4.926203,49.21268
1059,1,202,4.939402,41.00293
312,1,8407,51.48125,1573.194
703,1,190,4.840602,38.3233
1060,1,210,4.937002,42.20296
704,1,224,5.432802,41.86712
1061,1,243,4.9271,42.82886
705,1,188,4.943602,38.3544
1062,1,210,4.937002,43.05509
706,1,211,4.936702,42.95446
1063,1,220,4.934002,44.09111
707,1,299,4.9103,44.07687
1064,1,199,4.9403,40.09357
708,1,212,4.936402,43.07522
1065,1,199,4.9403,40.05272
709,1,248,4.9256,42.25516
710,0,181,0.3313991,43.15988
711,0,0,0,0
711,0,0,0,0
228,0,3669,17.55868,722.3613
1066,1,541,5.7305,99.15231
711,1,202,2.939393,41.15443
712,1,220,4.829203,43.44627
1067,1,253,4.9241,44.04445
713,1,236,4.728002,45.21386
1068,1,250,4.925,42.78244
714,1,226,4.827403,44.22321
1069,1,186,4.944202,37.9544
1070,1,328,4.774599,46.04924
185,0,5399,32.53238,1014.625
186,0,0,0,0
715,1,463,4.759302,87.81851
189,0,8384,44.82643,1575.286
190,0,0,0,0
190,0,0,0,0
190,0,0,0,0
1071,1,274,4.917803,50.134
215,1,3779,25.24483,728.2716
186,0,285,0.9430001,67.75578
187,0,0,0,0
1072,1,274,4.9178,44.71644
716,1,460,7.361989,89.91122
1073,1,196,4.941202,39.9544
717,1,188,4.943602,38.3544
718,1,189,4.943302,38.55444
313,1,3791,19.30345,714.3692
229,0,2164,7.634336,426.0931
1074,1,262,4.782999,41.99736
216,0,4204,19.72387,823.1459
719,1,245,4.9265,41.45516
1075,1,210,4.937002,42.75434
720,1,199,4.835503,40.3405
1076,1,250,4.925002,44.37012
721,1,209,4.937302,42.40306
217,0,594,2.246988,120.3253
314,1,650,7.804987,130.7499
1077,1,248,4.925602,44.42416
722,1,265,4.820501,47.40311
1078,1,228,4.829202,43.77896
230,0,969,4.597221,190.6836
723,1,221,4.933703,41.79071
1079,1,188,4.943602,38.35437
218,0,596,1.742995,120.5487
216,1,1963,11.57889,358.8855
724,1,188,5.443598,38.35451
315,1,682,6.891786,136.4597
1080,1,211,4.936702,42.9543
725,1,214,5.435799,42.75444
1081,1,231,4.930703,46.43637
726,1,186,4.944202,37.95448
1082,1,191,4.942702,38.95444
219,0,602,1.738195,119.337
727,1,207,4.937902,42.15443
196,0,938,4.664406,180.1687
316,1,628,7.706789,125.0777
728,1,186,5.444202,37.95452
729,1,246,4.9262,43.0477
1083,1,575,6.327491,104.0395
220,0,602,1.734595,119.5918
1084,1,193,4.840302,39.42789
730,1,245,4.9265,42.85986
1085,1,187,5.443898,38.00304
317,1,883,8.611109,170.3956
731,1,252,4.924402,45.5613
1086,1,245,4.9265,41.04166
217,1,1738,14.87559,342.1925
732,1,247,4.9259,41.65517
1087,1,193,4.942102,39.20305
733,1,185,4.944502,37.75447
1088,1,188,4.943602,38.35436
734,1,213,4.835502,42.95391
1089,1,186,4.944202,37.95441
318,1,748,8.046801,137.0285
298,0,9645,69.07826,1892.886
299,0,0,0,0
218,1,697,7.675886,134.6022
735,1,232,4.814802,42.47022
736,1,221,4.933702,44.95449
231,0,2997,14.83261,555.9407
737,1,186,4.944202,37.95447
319,1,734,7.668985,137.8261
738,1,186,4.944202,37.95444
219,1,655,7.599287,130.9117
739,1,246,4.807602,43.93508
740,1,210,4.937002,42.35444
741,1,187,4.943902,38.15437
225,0,6549,32.68942,1173.823
226,0,0,0,0
320,1,774,7.523978,141.0169
232,1,1157,9.652952,218.4034
742,1,212,5.436399,43.00306
220,1,888,7.733584,165.435
299,0,1714,10.65721,352.6824
300,0,0,0,0
233,1,770,7.561783,145.1904
226,0,1056,3.788777,211.4675
227,0,0,0,0
221,0,825,4.229602,170.3279
300,0,715,1.857001,148.025
301,0,0,0,0
221,1,4679,23.72541,890.1166
222,0,1165,5.666476,231.5643
223,0,0,0,0
234,1,1755,10.26638,345.5457
222,1,623,7.813087,125.3534
743,1,2722,10.6837,475.5016
744,1,243,4.9271,42.63985
223,0,1061,4.182392,212.9915
745,1,189,4.943302,38.55448
223,1,691,7.689085,134.5355
746,1,235,4.321102,44.22424
747,1,206,4.938202,41.55439
321,1,3829,16.35135,688.5578
748,1,192,4.942402,39.15447
224,1,615,7.614888,124.1344
224,0,829,5.334218,167.9865
749,1,293,4.758698,45.75385
322,1,615,7.815488,123.349
225,1,637,7.708887,128.597
750,1,442,6.367394,83.90787
751,1,186,4.844202,37.55219
225,0,979,5.804254,198.7096
226,0,0,0,0
752,1,270,4.919002,50.3404
753,1,187,4.943902,38.15449
226,1,659,7.802287,133.0119
301,0,4359,24.12773,871.9017
302,0,0,0,0
227,1,697,7.483685,137.0537
226,0,962,3.705784,200.8374
227,0,0,0,0
323,0,2111,10.3545,413.1925
235,1,4306,22.76259,815.2393
324,0,693,3.361389,148.8743
302,0,1923,2.615391,380.2094
303,0,0,0,0
227,0,1425,6.605484,291.8951
228,0,0,0,0
325,1,704,7.18699,132.3787
228,1,2285,11.60327,402.4852
326,0,297,0.940604,70.01472
837,1,8737,34.87752,1625.903
838,1,187,4.943902,38.15448
839,1,250,4.416002,44.21394
840,1,202,4.939403,37.95391
841,1,201,4.9397,40.24273
228,0,1844,9.500011,351.8992
842,1,246,4.926202,49.29712
229,0,1270,6.246062,250.2178
843,1,212,4.936402,42.47085
844,1,247,4.9259,41.78049
229,0,923,5.214244,194.3973
230,0,0,0,0
845,1,255,4.9235,44.01365
327,1,1960,11.896,372.4072
846,1,211,4.9367,41.38023
303,0,3293,14.34122,637.2224
304,0,0,0,0
847,1,257,4.194102,44.07706
230,0,1286,6.242863,254.3887
188,0,6525,26.40208,1232.439
189,0,0,0,0
328,1,1115,10.54701,208.8985
848,0,995,3.943391,192.8775
849,0,0,0,0
849,0,0,0,0
849,0,0,0,0
849,0,0,0,0
815,1,7267,33.31879,1360.418
230,1,1507,12.04803,298.2035
816,1,186,4.944202,37.95418
329,1,669,7.581887,130.2034
231,1,674,7.297788,132.2508
817,1,689,6.793286,130.7555
189,0,1794,5.904708,352.1342
190,0,0,0,0
330,1,726,7.665385,135.7511
818,1,209,4.937302,42.40289
192,0,234,1.953199,60.5164
193,0,0,0,0
193,0,0,0,0
193,0,0,0,0
819,1,194,4.941802,39.5544
232,1,719,7.07229,136.8683
244,0,2768,14.94619,542.2014
820,1,272,4.9184,44.32155
331,0,669,2.366194,138.8076
821,1,273,4.9181,45.22205
231,1,2734,15.47317,493.5802
849,0,2146,6.689322,408.3766
850,0,0,0,0
850,0,0,0,0
850,0,0,0,0
850,0,0,0,0
245,1,697,7.186689,128.8511
233,0,840,5.332015,171.1638
234,0,0,0,0
332,0,618,2.773394,129.8485
232,1,748,7.545581,137.3254
190,0,1842,9.296232,352.1493
191,0,0,0,0
246,0,678,4.364408,144.5621
333,0,614,2.377194,121.7633
234,0,731,3.853787,157.9176
1091,1,6389,33.58212,1185.193
334,0,624,2.268595,122.9951
233,1,1114,7.337575,210.1705
235,0,793,4.341405,166.6715
304,0,4929,25.01339,961.8384
850,0,1736,4.202433,333.4827
851,0,0,0,0
851,0,0,0,0
851,0,0,0,0
851,0,0,0,0
822,0,2048,9.090516,372.0553
823,0,0,0,0
823,0,0,0,0
823,0,0,0,0
823,0,0,0,0
247,0,1170,5.559449,228.1706
236,0,8885,24.22168,1783.607
335,1,706,7.288188,138.1294
234,1,696,6.974989,134.0256
236,0,842,5.33162,178.0763
823,1,1072,4.178394,184.7755
336,1,670,7.798987,134.9781
235,1,664,7.200187,130.7601
824,1,188,4.943602,38.20294
228,0,5957,23.30768,1101.82
229,0,0,0,0
825,1,187,4.943902,38.15432
248,0,1304,7.129097,263.46
237,0,811,4.837805,169.8151
305,0,1714,10.15727,340.808
306,0,0,0,0
826,1,249,5.425302,43.23673
337,1,731,7.180685,137.0227
236,1,686,6.988188,136.0533
827,1,217,4.934902,43.38975
851,0,1940,6.15988,379.3386
852,0,0,0,0
852,0,0,0,0
852,0,0,0,0
852,0,0,0,0
828,1,199,4.9403,39.97795
199,0,858,4.703813,174.0899
238,0,728,4.854407,155.7419
829,1,207,4.937902,42.00256
249,0,1044,5.485852,209.2659
830,1,235,4.929503,40.5794
338,1,756,6.86059,135.2871
237,1,694,7.176189,134.3129
831,1,202,4.9394,40.60403
832,1,246,4.9262,43.07504
239,0,856,4.328803,180.9432
229,0,1797,8.640701,344.6142
230,0,0,0,0
833,1,247,4.9259,43.17448
250,0,717,3.356587,145.637
339,1,714,7.285787,136.3083
200,0,1147,6.568273,230.0407
201,0,0,0,0
834,1,197,4.940902,39.4695
835,1,188,4.943602,38.20307
836,1,208,4.937602,42.20251
240,0,796,4.840805,168.6367
340,1,754,7.014988,133.9339
238,1,1460,10.44888,271.755
837,1,261,4.9217,44.36512
251,0,952,5.709052,195.8534
201,0,933,3.582786,181.5712
838,1,222,5.332202,45.67882
839,1,250,4.925,43.63913
241,0,728,4.854408,157.4199
341,1,726,7.167186,135.7292
840,1,247,4.9259,43.04996
841,1,243,4.927103,44.44822
842,1,217,4.934902,42.89015
342,1,629,7.209487,126.3793
242,0,816,4.336803,166.2367
843,1,251,4.7217,42.53436
844,1,208,4.937602,42.35393
852,1,3868,20.95282,718.6205
853,1,187,5.343298,38.29034
343,1,631,7.810688,126.8018
252,1,1857,13.53278,351.492
854,1,247,4.9259,41.85011
344,1,765,7.033884,137.8892
191,1,8015,46.23823,1501.835
845,1,1370,9.589022,249.5822
243,0,1859,10.29755,372.5684
846,1,247,4.9259,43.60151
345,1,721,6.681293,131.1301
239,1,3483,18.76295,669.4672
847,1,201,4.9397,40.11388
192,1,653,7.304092,122.9961
848,1,269,4.9193,46.09782
346,1,674,7.095986,134.2824
244,0,864,4.327216,174.9524
245,0,0,0,0
240,0,671,2.230387,137.0002
193,1,746,7.353985,135.5643
241,0,517,1.259999,105.7823
347,1,666,7.597786,133.6124
849,1,1173,8.937943,207.3734
245,0,888,3.822389,177.9822
855,1,2870,15.13897,495.3025
850,1,243,5.2115,45.79998
856,1,203,4.9391,40.87764
242,1,722,6.575591,135.7522
851,1,215,4.830102,42.02718
348,1,671,8.094486,133.7373
852,1,197,4.9409,40.15726
857,1,505,7.348494,94.57793
853,1,248,4.9256,43.25478
306,0,8356,47.33195,1634.787
307,0,0,0,0
858,1,249,4.925303,46.9951
243,1,656,7.698388,130.6225
349,1,670,7.798987,133.7323
854,1,317,4.9049,48.97372
855,1,210,4.837002,42.8
194,1,2163,18.74611,414.0397
253,0,4559,27.47547,877.4418
856,1,218,4.934602,43.81385
859,1,690,7.792986,127.7016
244,1,700,6.975586,134.4672
857,1,245,4.9265,42.63175
246,1,1815,13.93565,350.3407
230,0,7730,32.95289,1392.112
231,0,0,0,0
860,1,183,4.945102,37.35444
238,0,818,3.336382,176.5231
861,1,206,5.438199,41.80276
858,1,246,4.9262,42.45498
195,1,646,7.201987,129.6856
862,1,255,4.923502,49.21349
859,1,244,4.9268,41.45972
245,1,670,7.298992,126.4553
863,1,246,5.426202,41.85508
860,0,285,0.4010009,63.29638
861,0,0,0,0
861,0,0,0,0
861,0,0,0,0
861,0,0,0,0
864,1,209,4.937302,42.5541
196,1,691,7.792686,133.5648
861,1,188,0.8436098,38.55473
862,1,192,4.942402,39.15442
350,1,1870,13.939,362.3947
863,1,249,5.425302,42.855
247,0,1678,8.063324,342.2909
248,0,0,0,0
197,1,775,7.165687,147.4021
351,1,802,6.521587,134.5455
307,0,2849,14.42994,563.553
308,0,0,0,0
254,0,2609,16.17314,520.0439
198,1,668,7.697183,135.5563
865,1,1737,9.979053,308.9225
864,1,1355,8.48995,261.7562
866,1,271,4.918703,52.18933
865,1,191,4.840902,38.92799
199,1,726,7.177385,137.0074
867,1,201,4.8349,40.08044
308,0,1225,4.254999,249.8422
309,0,0,0,0
868,1,222,4.933402,45.48562
352,0,1519,6.329103,292.1466
869,1,187,4.943902,38.15425
866,1,676,7.297192,128.7624
248,1,2012,12.18574,388.423
870,1,188,4.943602,38.20308
200,1,616,7.815189,123.9481
867,1,189,4.943302,38.40297
871,1,229,4.931302,44.42296
203,0,633,3.244584,134.9606
868,1,203,4.9391,40.28769
353,0,537,1.892596,111.878
246,0,3571,16.91448,698.162
872,1,239,4.928303,47.25605
249,1,600,7.719988,120.4795
201,1,612,7.816388,123.3859
873,1,196,4.9412,39.95437
874,1,253,4.8241,42.38086
869,0,779,4.344194,160.7076
870,0,0,0,0
870,0,0,0,0
870,0,0,0,0
870,0,0,0,0
875,1,248,4.9256,42.88137
204,0,970,4.558609,184.6566
250,1,702,7.28939,132.6448
202,1,682,6.795393,127.5512
876,1,215,4.935502,43.53395
870,0,794,-1.15881,164.9996
871,0,0,0,0
871,0,0,0,0
871,0,0,0,0
871,0,0,0,0
255,0,3262,20.14117,652.628
251,1,725,7.661486,137.8066
205,0,773,3.549369,145.9263
203,1,727,7.281887,136.3488
247,1,2104,13.25987,405.5976
871,0,803,-0.6606081,171.7269
872,0,0,0,0
872,0,0,0,0
872,0,0,0,0
872,0,0,0,0
206,0,892,5.321618,179.6029
239,0,6507,17.19808,1311.628
248,1,708,7.787588,135.6675
240,0,727,3.354585,161.9339
354,0,3533,14.01986,692.8623
252,1,1923,13.42312,373.7897
872,1,1295,4.111482,251.6752
249,1,787,8.763917,157.2802
873,1,215,4.935502,43.11515
231,0,7942,30.41021,1440.843
232,0,0,0,0
874,1,189,4.943302,38.40307
253,1,631,8.205283,125.3421
875,1,285,4.914504,50.03968
250,1,649,7.182494,124.232
876,1,186,4.944202,37.95439
241,0,1377,6.224655,289.3203
877,1,260,4.922002,45.67622
204,0,3151,16.36956,615.562
205,0,0,0,0
254,1,657,7.802888,126.3536
878,1,224,4.932802,44.00816
355,1,1609,11.17004,299.3565
879,1,212,4.936402,42.75383
251,0,1088,5.782453,219.0205
880,1,226,4.827402,43.03266
205,0,607,1.378596,123.2318
206,0,0,0,0
255,1,742,7.777385,142.1836
881,1,210,4.835802,43.08573
356,1,652,7.692986,127.4261
206,0,564,1.387197,117.8881
207,0,0,0,0
252,0,836,3.195576,168.3217
309,0,7229,40.55537,1415.867
310,0,0,0,0
357,1,685,6.674091,132.1728
253,0,330,1.296198,72.8906
207,0,595,1.380997,124.0089
208,0,0,0,0
254,0,333,0.8010069,73.86539
358,0,688,3.236584,142.1491
359,0,0,0,0
255,0,347,0.7952074,75.13719
882,1,1677,12.49701,330.4435
883,1,251,4.9247,43.85003
256,0,320,0.8048064,70.95303
884,1,244,4.9268,43.55327
256,0,2304,10.32546,450.9698
257,0,0,0,0
359,1,799,6.760289,149.3964
885,1,213,4.834302,43.55249
257,1,614,7.815788,125.3313
886,1,246,4.9262,43.037
887,1,196,4.9412,39.88314
208,1,1917,13.42497,366.4539
888,1,189,4.943302,38.55428
889,1,214,5.435799,43.78903
258,1,695,6.587293,131.6275
890,1,227,4.931902,42.16093
360,1,1190,8.459609,207.2339
209,1,700,7.289989,131.5098
891,1,188,4.943602,38.35446
892,1,294,5.411803,44.83023
256,1,8066,52.56326,1579.75
259,1,740,7.662386,141.2898
893,1,187,4.943902,38.15435
361,1,716,7.785187,136.8633
894,1,245,4.9265,42.13844
895,1,205,4.9385,40.30527
896,1,191,4.839102,38.66379
260,1,777,7.057287,141.1664
362,1,854,7.140184,155.6291
261,0,600,2.379993,124.8159
363,1,672,7.798388,130.516
257,1,1951,11.31489,376.3729
257,0,3648,12.60238,702.8154
258,0,0,0,0
262,0,590,2.265795,120.1882
364,1,810,7.136586,149.7555
263,0,587,2.382594,122.5723
365,1,651,7.192685,127.4386
264,1,742,7.161789,138.0183
366,1,668,6.671983,127.4878
265,1,669,7.686085,132.1557
258,0,2083,6.583539,413.3846
258,0,2166,6.235124,426.0101
259,0,0,0,0
367,1,663,7.801087,134.3051
259,1,642,7.807388,128.5167
266,1,708,7.671386,138.0404
368,1,793,7.762085,148.9121
260,1,667,8.299898,132.2146
196,0,2639,9.97213,511.5964
197,0,0,0,0
197,0,0,0,0
197,0,0,0,0
267,0,779,3.12078,160.1504
268,0,0,0,0
261,1,630,7.810987,126.746
268,0,740,2.239387,156.3388
269,0,0,0,0
233,0,2018,7.096599,372.9361
234,0,0,0,0
310,0,9710,50.56195,1871.231
311,0,0,0,0
369,0,1198,3.521363,235.1231
269,1,724,6.680988,137.7695
259,0,2978,12.60133,584.2798
260,0,0,0,0
270,0,303,1.439399,75.6786
311,0,991,2.801789,202.6114
312,0,0,0,0
370,1,989,8.479324,191.3169
271,0,431,1.913796,97.43217
197,0,2855,6.929152,550.5114
198,0,0,0,0
198,0,0,0,0
198,0,0,0,0
272,0,669,3.366187,147.5094
273,0,290,1.441999,69.9235
274,1,710,7.786987,138.2163
371,0,2196,6.032169,436.3275
260,0,2973,10.6839,583.2347
261,0,0,0,0
275,1,812,8.134785,157.6771
243,0,5254,12.94878,1059.426
211,1,701,7.18669,128.264
276,1,672,7.581583,128.703
312,0,3794,13.24105,744.7756
313,0,0,0,0
277,1,1834,9.449838,340.7366
234,0,6731,19.65286,1229.306
235,0,0,0,0
372,0,3601,10.79014,673.2734
278,1,725,6.957886,136.4678
198,0,5190,10.46231,971.8917
199,0,0,0,0
199,0,0,0,0
199,0,0,0,0
209,0,713,3.228583,142.3598
279,1,771,7.768682,144.5982
280,1,620,7.213987,123.9575
261,0,5110,15.49862,981.5683
262,0,0,0,0
262,0,326,-0.7173983,59.42186
263,0,0,0,0
373,0,2209,6.950596,425.3659
281,0,756,3.125981,160.3226
282,0,0,0,0
282,0,558,1.787194,123.4933
263,0,743,1.616594,147.2734
264,0,0,0,0
374,1,1014,9.195834,197.4742
263,1,732,7.574984,140.4474
283,0,620,2.774791,130.295
375,1,670,7.197792,127.0607
284,0,549,2.788991,123.0722
285,0,538,2.791192,119.8125
376,1,708,7.18639,134.3491
286,0,761,2.932183,156.9113
287,0,0,0,0
377,1,679,7.796288,134.8369
244,0,8767,12.74587,1764.677
378,1,630,7.310988,126.7434
287,1,757,6.569888,143.0948
212,1,9015,33.82621,1758.395
313,0,8429,31.31315,1645.3
314,0,0,0,0
379,1,640,8.107388,129.6761
288,1,695,6.791492,132.0748
213,1,695,7.690286,137.428
380,1,682,7.295391,128.8042
289,1,660,7.097188,131.8916
214,1,677,7.29689,131.2125
264,0,4659,14.31145,900.3683
265,0,0,0,0
290,1,745,7.673487,140.4094
265,0,768,1.619395,152.1356
266,0,0,0,0
291,1,645,7.806487,129.4397
264,0,5890,31.44169,1138.514
292,1,679,7.677684,132.1819
215,0,2089,9.934182,417.6844
216,0,0,0,0
216,1,621,6.713691,125.1239
381,0,3102,12.46812,615.811
236,0,797,4.340596,161.3552
237,0,0,0,0
211,0,829,4.228816,173.3407
293,1,1806,13.34622,355.6177
294,0,738,3.104982,146.9428
295,0,730,3.208382,147.4471
265,1,3780,25.04272,733.2266
296,1,698,7.176188,131.8929
266,1,630,7.010387,124.3226
297,1,787,7.263887,150.6698
267,1,709,6.787292,134.6472
298,1,709,7.28729,135.3258
266,0,6614,21.81737,1271.025
267,0,0,0,0
237,0,4550,11.58999,835.006
238,0,0,0,0
268,1,729,7.52968,130.8331
245,0,9732,18.55248,1957.404
267,0,750,1.114,144.4634
268,0,0,0,0
269,1,616,7.315191,123.1967
246,0,694,2.861187,142.5661
270,1,945,9.216534,185.6849
900,1,188,4.943602,39.23534
315,0,1425,3.714971,277.0784
316,0,0,0,0
901,1,258,5.4226,46.94743
271,0,1248,5.843247,250.2812
902,1,209,4.937302,42.79313
903,1,208,4.937602,42.23985
904,1,208,4.937602,42.20257
905,1,187,4.943902,38.15442
906,1,239,4.813902,43.51736
907,1,189,4.842702,38.39828
247,0,3033,8.393452,611.95
908,0,496,1.400794,109.2053
909,0,0,0,0
909,0,0,0,0
909,0,0,0,0
909,0,0,0,0
248,0,586,2.882791,125.7012
272,0,1953,10.70519,389.3073
316,0,2422,10.01567,470.1986
317,0,0,0,0
909,1,992,4.744201,175.4395
273,0,801,3.637382,167.5244
910,0,327,0.7860072,71.1655
911,0,0,0,0
911,0,0,0,0
911,0,0,0,0
911,0,0,0,0
911,1,187,0.94391,38.15418
912,1,206,5.438199,41.95393
913,1,232,4.930402,46.52864
299,0,6873,26.81079,1337.045
914,1,247,4.9259,42.59481
213,0,831,5.221218,171.0432
915,1,208,4.937602,42.20256
274,0,1510,6.380661,309.6779
916,1,249,4.9253,42.56099
268,0,6610,24.65217,1267.628
269,0,0,0,0
917,1,208,4.837602,42.49105
918,1,247,4.9259,43.90555
317,0,2576,10.98477,501.3669
318,0,0,0,0
214,0,838,5.332419,173.8602
193,1,6543,33.036,1216.958
919,1,236,4.929203,40.51644
920,1,219,4.832502,43.92891
921,1,253,4.9241,44.18044
194,1,740,6.676791,134.7034
922,1,252,4.924403,50.15616
923,1,234,4.816602,43.58866
275,0,1897,10.7098,383.1115
924,1,210,4.937002,42.60291
925,1,205,4.938502,41.58144
926,1,249,4.9253,42.93417
927,1,226,4.932202,45.80154
928,1,214,4.935802,42.69835
318,0,2287,9.542622,442.2274
319,0,0,0,0
300,1,3421,19.36918,653.0482
269,0,2934,11.3615,566.15
270,0,0,0,0
929,1,211,4.936702,42.65348
276,0,1274,6.941088,258.5693
930,1,209,4.937302,42.55395
931,1,190,4.943002,38.60305
932,1,198,5.440602,40.07091
270,0,1500,2.843565,286.6601
271,0,0,0,0
277,0,1489,5.559049,291.5258
195,0,3234,12.8529,655.6348
196,0,0,0,0
196,0,0,0,0
196,0,0,0,0
301,1,2175,11.13031,415.8171
278,0,1399,6.910684,284.7148
933,1,3021,7.691366,533.731
934,1,247,4.9259,42.05497
279,1,1098,9.058626,216.1852
935,1,250,4.925,42.85502
936,1,252,4.9244,43.65504
937,1,250,4.792599,41.01756
280,1,649,7.401086,128.7932
938,1,246,4.9262,41.65507
939,1,212,4.936402,43.1538
940,1,258,4.818399,42.69353
302,1,3286,14.55248,631.5353
941,1,187,4.943902,38.0028
942,1,215,5.435498,43.35384
943,1,215,4.935502,43.36446
303,1,682,7.088186,131.9656
944,1,188,4.943602,38.35439
1099,1,196,5.441202,38.67687
945,1,296,4.911204,54.1956
196,0,4963,15.00716,979.4262
197,0,0,0,0
197,0,0,0,0
197,0,0,0,0
1100,1,259,4.9223,42.48071
946,1,205,4.938502,41.75388
304,0,610,2.671988,129.981
281,1,2052,13.38447,391.1905
1101,1,221,4.933703,39.56398
947,1,192,4.942402,39.00307
948,1,202,4.835202,40.99673
1102,1,253,4.7229,43.3746
949,1,257,4.8199,43.40489
1103,1,239,4.928303,42.94186
305,0,788,2.405787,156.8463
306,0,0,0,0
950,1,255,4.923503,47.28432
1104,1,287,4.9139,46.36591
951,1,256,4.9232,44.06326
1105,1,245,4.9265,41.44195
282,0,1188,4.61746,234.0143
952,1,208,4.937602,42.20258
1106,1,248,4.925602,42.95205
306,0,730,2.14619,153.293
307,0,0,0,0
953,1,189,4.943302,38.40289
1107,1,245,4.9265,42.57043
954,1,247,5.310899,44.70551
250,1,3988,18.80356,791.0259
955,1,189,4.943302,38.40309
1108,1,527,6.841892,95.34226
307,1,770,6.338988,146.8115
1109,1,191,5.442698,38.40305
1110,1,206,4.938202,41.95455
1111,1,229,4.831303,46.54608
271,0,8034,31.22408,1548.038
272,0,0,0,0
308,1,668,7.799587,134.3546
251,1,1119,9.456544,217.2889
1112,1,188,4.943602,38.20301
1113,1,215,5.435498,44.24506
1114,1,236,4.929202,44.6158
309,1,672,7.095391,126.2607
252,1,640,6.807992,128.3094
320,0,575,3.384993,125.3308
321,0,0,0,0
1115,1,256,4.9232,44.83958
1116,1,200,4.835202,40.05039
321,0,286,0.9428,67.36888
322,0,0,0,0
1117,1,210,4.937002,42.35445
1118,1,188,4.943602,38.35439
1119,1,263,4.8109,42.62378
240,0,1555,7.689126,293.1539
241,0,0,0,0
1120,1,260,4.922003,48.01378
272,0,2172,9.148265,428.3702
273,0,0,0,0
1121,1,243,4.799499,40.76673
1122,1,187,4.943902,38.15435
1123,1,251,4.9247,43.17228
1124,1,208,4.937602,42.35438
273,0,817,2.719789,159.0541
274,0,0,0,0
1125,1,208,4.937602,42.35439
956,1,4037,20.7885,725.9523
1126,1,247,4.9259,42.45508
957,1,227,5.310304,40.16025
1127,1,244,4.9268,41.82683
958,1,216,4.9352,42.22694
1128,1,213,4.936102,43.20295
959,1,214,4.834602,43.81847
960,1,195,4.941502,38.15457
1129,1,233,4.930102,43.25201
310,1,3358,16.0529,627.9407
1130,1,202,4.834602,40.61457
961,1,235,4.929502,42.16226
1131,1,246,4.9262,41.65502
962,1,251,4.8211,43.65701
253,1,3820,23.35354,735.2967
1132,1,205,4.9385,40.91105
963,1,246,4.9262,41.95552
311,1,701,7.289686,136.2372
1133,1,216,4.935203,43.95436
964,1,187,4.943902,38.0027
1134,1,237,4.928903,44.31798
384,1,9591,51.7943,1855.626
1135,1,208,4.937602,42.20307
254,0,877,5.220418,182.4359
255,0,0,0,0
312,1,677,6.475293,128.2953
1136,1,270,4.919,45.25869
1137,1,186,5.444202,37.9544
385,1,720,7.283989,137.3224
274,0,2984,13.60064,582.587
275,0,0,0,0
1138,1,192,5.442402,39.00304
1139,1,261,4.921702,46.66716
255,0,840,3.525987,175.8935
256,0,0,0,0
1140,1,188,4.943602,38.3544
1141,1,210,5.336998,42.759
386,1,820,7.388573,144.1767
275,1,698,6.188791,129.4581
1142,1,207,4.937902,42.15442
1143,1,207,4.837902,42.15442
256,0,823,3.735386,174.4803
257,0,0,0,0
763,1,185,4.944502,38.98227
1144,1,188,4.943602,38.35436
387,1,656,7.803187,131.4215
764,1,242,5.427399,48.09564
1145,1,210,4.836402,42.49744
1146,1,186,4.944202,37.95444
765,1,188,4.943602,38.35448
276,0,1010,5.093817,192.5381
1147,1,207,4.937902,42.15435
766,1,210,4.937002,42.60307
313,0,2438,12.28726,477.5825
1148,1,217,4.934902,43.78921
767,1,249,4.9253,42.9813
388,1,783,7.664488,146.38
277,0,552,3.88959,123.2774
1149,1,242,4.927403,46.90925
283,0,9991,42.57854,1944.5
1150,1,212,4.936402,43.15431
217,0,525,2.246985,107.2349
218,0,0,0,0
322,0,7512,46.49997,1485.28
323,0,0,0,0
1151,1,269,4.9193,44.55037
203,0,3643,17.77105,678.2798
204,0,0,0,0
204,0,0,0,0
204,0,0,0,0
204,0,0,0,0
1152,1,215,4.935502,43.95895
389,1,962,6.070577,186.8102
278,1,894,9.02584,172.5994
1153,1,213,4.936102,42.95428
218,0,817,3.727586,169.079
257,0,2541,14.68498,505.1041
258,0,0,0,0
279,1,650,7.702587,130.6481
1154,1,779,7.565085,148.483
219,0,820,4.632417,170.8706
1155,1,250,5.3022,44.43248
204,0,1322,1.7356,263.8421
205,0,0,0,0
205,0,0,0,0
205,0,0,0,0
1156,1,232,4.817202,43.53865
1157,1,253,4.924102,45.17469
1158,1,198,4.9406,39.85948
220,0,851,5.211216,170.2801
1159,1,260,4.817203,45.95849
221,0,712,3.719782,146.0058
258,0,2540,12.08583,506.9811
259,0,0,0,0
280,1,3084,18.64148,603.9581
259,0,868,3.626387,182.951
260,0,0,0,0
281,1,625,7.312488,125.6273
323,0,5492,19.40071,1046.727
324,0,0,0,0
965,0,9445,38.05933,1796.289
966,0,0,0,0
966,0,0,0,0
966,0,0,0,0
966,0,0,0,0
282,1,1192,9.142426,239.5823
283,1,686,6.671391,130.7902
260,0,2549,12.18532,508.4037
261,0,0,0,0
284,0,7325,23.23534,1465.904
284,1,625,7.812488,123.9346
768,1,8240,30.02635,1454.183
261,0,865,3.726988,177.3534
262,0,0,0,0
769,1,205,4.8355,39.92712
770,1,208,4.937602,42.05399
884,1,3581,15.92568,674.9441
771,1,218,4.934602,43.68123
324,0,2856,11.92876,551.7581
325,0,0,0,0
772,1,207,4.937902,42.00306
885,1,265,5.920497,48.77838
886,1,202,5.439402,40.56472
773,1,284,4.7968,43.60971
285,1,1533,13.54014,302.9371
887,1,249,4.815103,44.59267
774,1,190,4.943002,38.75444
775,1,187,4.943902,38.15437
888,1,207,4.8307,39.8633
889,1,190,4.843002,38.6032
776,1,205,4.938502,41.75442
286,1,660,6.698992,131.3731
777,1,217,4.934902,43.16951
890,1,234,5.429799,45.04289
778,1,186,4.944202,37.95449
891,1,208,4.937602,42.20272
779,1,207,4.9379,40.80861
892,1,252,4.9244,45.57654
287,1,705,8.288505,142.0098
780,1,247,4.9259,43.23631
893,1,253,4.924102,49.14604
262,0,2526,14.08389,501.1026
263,0,0,0,0
781,1,189,4.839702,37.91418
894,1,225,4.932502,45.77932
782,1,186,4.944202,37.95443
315,1,1433,10.46718,269.5966
895,1,188,4.943602,38.20313
783,1,256,4.823203,48.12633
288,1,661,7.801687,132.7347
896,1,196,4.9412,40.27549
784,1,227,4.931902,42.95562
263,0,846,3.530187,179.9091
264,0,0,0,0
785,1,211,4.936702,42.80309
786,1,263,4.9211,45.87391
242,0,8596,32.28002,1587.987
243,0,0,0,0
264,0,807,3.738586,172.0318
265,0,0,0,0
316,1,1395,10.86361,263.6569
787,1,888,7.733579,172.1533
788,1,247,4.801301,43.48506
317,1,727,7.680685,143.003
789,1,188,4.943602,38.35444
265,0,890,4.214199,183.7985
266,0,0,0,0
325,0,4571,25.08508,875.4036
326,0,0,0,0
790,1,187,5.443898,38.15438
791,1,212,4.936402,43.00307
318,0,588,2.382394,124.5157
792,1,187,4.943902,38.15445
285,0,6512,25.5424,1282.372
897,1,2698,15.17203,485.3602
966,1,7933,37.50431,1507.026
793,1,207,5.437902,40.41497
898,1,208,5.437598,42.20275
967,0,231,0.9538031,59.58801
968,0,0,0,0
968,0,0,0,0
968,0,0,0,0
968,0,0,0,0
794,1,207,4.937902,42.00305
223,0,794,4.724415,162.4677
319,0,543,2.891394,120.3565
899,1,193,4.942102,39.20312
968,1,205,0.9385092,40.86193
795,1,230,4.931002,44.77739
900,1,207,5.437902,40.09442
969,1,208,4.937602,42.35419
796,1,247,4.9259,42.72195
224,0,487,2.253985,103.5683
225,0,0,0,0
901,1,243,4.9271,41.65977
320,0,545,2.390994,120.0279
797,1,207,4.937902,42.15446
902,1,229,4.931303,45.70054
391,0,4364,18.3123,856.3993
798,1,249,4.925303,43.84862
970,1,569,6.329293,96.63582
903,1,284,4.790799,42.07674
799,1,217,4.934902,43.33148
971,1,226,5.432197,44.5762
321,1,731,7.280689,141.1356
800,1,208,4.937602,42.35444
904,1,285,4.9145,44.69446
972,1,262,5.190201,43.9332
266,0,2502,14.69643,498.0136
267,0,0,0,0
225,0,1030,5.160451,206.4475
226,0,0,0,0
905,1,200,4.7394,40.39412
801,1,248,4.9256,42.6544
392,0,751,2.740187,153.765
322,0,298,1.339199,73.96075
973,1,211,4.936702,42.80246
906,1,242,4.810002,44.50562
974,1,360,5.891996,71.07697
907,1,184,4.944802,37.55423
323,0,375,1.297399,78.92995
975,1,204,5.438798,41.55393
908,1,244,4.926802,48.30045
324,0,308,1.938399,76.08868
226,0,802,3.839587,166.7031
909,1,211,5.436698,42.95398
910,1,206,4.938202,41.80279
325,0,401,1.419796,93.43009
911,1,216,4.935203,43.78157
326,0,316,1.436799,75.03308
912,1,188,4.943602,38.35445
393,0,1501,6.986718,299.3399
227,0,832,4.730018,171.6302
913,1,241,5.4277,45.0965
914,1,186,4.944202,37.95443
327,1,705,7.544084,128.9942
228,0,836,4.619016,173.4713
326,0,5003,31.49851,975.2409
327,0,0,0,0
915,0,833,3.333391,173.3199
916,0,0,0,0
916,0,0,0,0
916,0,0,0,0
916,0,0,0,0
286,1,4904,22.88739,958.1504
802,1,3146,17.55596,558.2712
229,0,811,4.627615,168.1497
803,1,208,4.937602,41.95437
804,1,190,4.840002,38.49186
916,1,928,4.910794,176.8096
267,0,3768,21.83272,740.8099
268,0,0,0,0
805,1,231,4.822302,43.23184
917,1,248,5.425602,42.11829
806,1,208,4.937602,42.20307
287,1,1001,8.348095,175.5183
230,0,826,5.33482,172.2861
918,1,207,4.937902,42.0028
807,1,209,4.937303,42.00306
919,1,269,5.419299,47.48175
808,1,210,4.937002,42.75444
231,0,578,3.766986,126.7545
920,1,245,4.926502,45.27837
809,1,248,4.9256,42.79514
288,0,756,4.3488,157.5369
921,1,206,4.938202,41.95415
810,1,187,4.943902,37.9949
327,0,2448,14.01031,478.6431
328,0,0,0,0
811,1,218,4.834602,43.97327
328,0,258,-0.05160112,63.37927
329,0,0,0,0
812,1,250,4.925,43.62622
922,1,574,6.327793,108.3019
232,0,866,4.614814,178.9725
289,0,713,4.357402,155.1738
813,1,222,4.816,40.5654
328,0,3496,15.53568,679.6529
814,1,209,4.937302,42.76662
394,1,4473,23.53301,864.8051
329,0,1002,5.299642,207.9313
330,0,0,0,0
268,0,2515,14.69259,503.992
269,0,0,0,0
233,0,868,4.722216,175.5329
329,1,834,8.249787,158.17
290,0,1054,6.667666,203.3419
395,1,705,6.684892,133.2104
244,0,736,3.852787,155.876
245,0,0,0,0
291,0,739,4.352203,158.532
396,1,748,7.275584,139.8119
245,0,618,1.876395,126.2849
246,0,0,0,0
234,1,1437,9.746149,270.0533
292,0,718,4.356401,156.174
330,1,1760,12.97207,346.5161
330,0,2292,11.04152,447.4261
331,0,0,0,0
290,0,3194,14.79619,610.9451
291,0,0,0,0
235,0,933,5.713453,194.7881
236,0,0,0,0
293,0,776,4.344804,159.5199
397,1,1431,11.57083,279.019
331,1,710,6.965985,132.5475
269,0,3299,18.52961,660.4147
270,0,0,0,0
398,1,618,7.814588,123.282
332,1,695,7.791487,136.1938
236,0,936,4.312799,194.5501
237,0,0,0,0
399,1,601,7.819688,120.9529
270,0,797,3.737586,168.7125
271,0,0,0,0
333,1,753,7.048289,136.2771
815,1,4713,21.87958,843.6933
331,0,2144,10.07139,429.4607
332,0,0,0,0
237,0,947,4.696215,195.6286
238,0,0,0,0
294,1,1972,15.8077,381.556
291,0,2165,8.110178,414.4442
292,0,0,0,0
400,1,733,7.536291,136.7324
816,1,472,6.858392,89.21848
200,0,8169,40.86861,1610.457
201,0,0,0,0
201,0,0,0,0
201,0,0,0,0
817,1,242,4.927403,42.93017
818,1,205,4.938502,41.60298
238,0,928,4.814415,194.4857
239,0,0,0,0
819,1,248,4.9256,42.65516
401,1,840,7.747982,161.9533
820,1,214,4.935802,43.66922
821,1,257,4.9229,42.28886
295,1,1444,11.75853,282.4962
822,1,186,4.944202,37.95443
402,1,703,7.580685,135.9407
271,0,2155,11.86354,427.5005
272,0,0,0,0
239,0,914,4.817216,190.9511
240,0,0,0,0
823,1,250,4.925,43.25512
824,1,230,4.931003,43.84434
296,1,610,7.816989,122.747
825,1,248,4.9256,42.8551
332,0,2572,15.98538,500.7949
333,0,0,0,0
826,1,246,4.9262,41.6551
334,1,2867,15.8894,528.5687
272,0,850,4.329997,180.1692
273,0,0,0,0
827,1,210,4.937002,42.60307
828,1,246,4.9262,43.45613
403,1,1404,10.64595,264.8902
240,1,1577,12.41017,305.9522
273,0,833,4.228597,174.5603
274,0,0,0,0
335,1,925,8.117702,182.7375
404,1,646,7.702588,129.2635
829,1,894,7.73178,167.0396
336,0,513,2.897391,115.7368
292,0,4047,19.13489,779.9583
293,0,0,0,0
830,1,207,4.937902,42.00305
246,0,7327,29.03346,1340.329
247,0,0,0,0
274,0,839,4.131597,177.4587
275,0,0,0,0
831,1,189,4.943302,38.42898
405,1,749,6.775293,138.8015
832,1,239,5.428299,42.59674
337,1,608,7.817588,123.2646
275,0,805,3.233587,169.3408
276,0,0,0,0
833,1,595,5.821489,111.7071
406,1,688,7.089986,132.4955
338,1,647,7.704687,128.4119
297,1,3246,17.32061,634.0759
834,1,304,4.9088,45.72654
241,0,2235,12.79587,439.2845
242,0,0,0,0
835,1,209,4.937302,42.40324
407,1,632,7.310391,126.8762
836,1,207,4.937902,42.15445
339,1,642,7.105587,127.5159
276,0,878,4.219598,181.4549
277,0,0,0,0
298,1,663,7.682484,128.2466
242,0,781,3.109578,162.5788
243,0,0,0,0
408,1,725,7.282487,141.64
208,0,1206,6.258855,231.9598
209,0,0,0,0
209,0,0,0,0
209,0,0,0,0
293,0,2685,9.859763,511.2679
294,0,0,0,0
299,0,1009,3.677178,204.9251
409,1,677,7.092089,134.0587
294,0,527,1.485595,114.0826
295,0,0,0,0
410,1,781,8.0633,154.4778
277,0,2643,13.05497,523.4373
278,0,0,0,0
243,1,2249,12.96721,420.3179
411,1,621,7.813689,123.698
412,1,710,7.16299,128.3533
340,1,3437,13.96922,628.5267
244,1,850,7.744986,161.1129
341,1,669,7.093287,132.4019
413,1,759,7.057289,139.3102
245,1,778,7.766587,150.778
295,1,3024,16.55195,576.9979
300,0,3395,10.05724,638.2932
278,1,1874,14.33657,358.924
342,1,665,7.300492,127.0548
333,0,8294,42.34391,1633.015
334,0,0,0,0
414,1,729,7.781284,139.7312
246,1,694,7.688787,138.61
296,0,769,4.346205,164.2312
297,0,0,0,0
415,1,643,7.807087,129.1972
297,0,521,1.895795,113.9511
298,0,0,0,0
247,1,976,8.504801,192.9712
279,1,1461,9.440771,281.5151
298,0,771,3.345787,163.481
299,0,0,0,0
280,1,739,7.278289,134.733
247,1,8494,29.95013,1504.726
248,1,979,9.505138,188.7194
837,1,7200,29.33866,1313.461
299,0,829,3.334187,168.5254
300,0,0,0,0
838,1,246,5.426202,41.6551
281,1,677,7.296891,128.2464
839,1,221,4.933702,42.03909
840,1,186,4.944202,37.95444
343,1,3051,17.58447,600.2385
301,0,3397,12.80171,644.9462
841,1,246,4.9262,41.85511
300,0,757,3.348587,161.0652
301,0,0,0,0
416,0,2701,10.91412,515.8589
842,1,283,4.9151,45.59268
843,1,280,4.7932,42.64512
844,1,187,4.943902,38.15449
301,0,795,3.340986,163.4528
302,0,0,0,0
845,1,459,5.86229,88.66178
846,1,211,4.936702,42.40308
847,1,227,4.931903,39.04859
302,1,877,6.53269,165.8431
249,1,2823,20.15282,555.7712
282,1,2426,18.27203,468.9275
848,1,212,4.936402,42.98444
849,1,210,4.937002,42.60307
302,0,2314,8.381559,448.2728
850,1,244,4.822602,43.25571
334,0,5564,25.88648,1069.581
335,0,0,0,0
851,1,215,4.935502,43.60308
283,1,718,7.17979,135.7596
852,1,251,4.8247,42.79382
284,0,706,3.858785,150.0209
285,0,0,0,0
303,0,1106,2.916374,207.8661
248,1,4560,26.13129,829.6188
417,1,3281,18.94168,615.7597
344,0,4271,18.46493,820.8824
249,1,704,7.28879,133.3221
224,1,7567,37.72953,1437.329
853,0,1533,4.193407,301.848
854,0,0,0,0
854,0,0,0,0
418,0,849,2.367178,172.7089
419,0,443,1.810797,97.97318
304,0,1782,6.91255,353.3469
854,0,771,-0.1542152,160.4378
855,0,0,0,0
855,0,0,0,0
335,0,2856,9.928783,557.3303
336,0,0,0,0
855,0,233,-0.546604,59.24117
856,0,0,0,0
856,0,0,0,0
420,0,821,3.564977,155.1482
856,1,331,2.900689,66.39712
303,0,4043,16.69088,807.377
304,0,0,0,0
857,1,471,6.358696,89.96498
421,0,710,2.72439,144.0744
858,1,242,4.810602,43.49395
285,1,3288,19.91156,647.459
859,1,438,5.868596,86.87928
422,1,665,7.19809,131.3894
860,1,214,5.435798,41.48239
286,1,681,6.795691,133.4747
861,1,224,4.932802,45.18922
862,1,187,5.443902,38.15444
863,1,186,4.944202,37.95445
423,1,716,7.285187,136.1599
345,0,3748,16.57935,719.8448
864,1,279,5.295903,42.01262
865,1,209,4.937302,42.8512
336,0,3000,16.89977,593.0459
337,0,0,0,0
866,1,204,4.938802,41.40302
424,1,707,6.468692,129.0318
867,1,257,4.797701,43.33989
287,1,1394,9.668089,268.8176
337,0,427,1.414601,95.66392
338,0,0,0,0
868,1,257,4.9229,44.05509
869,1,219,4.934302,43.3268
338,0,430,0.9140037,95.65436
339,0,0,0,0
425,1,698,7.790586,138.9379
870,1,194,5.337002,39.39477
871,1,208,4.937602,42.35443
339,0,574,1.885197,127.175
305,0,4604,18.90482,889.6315
872,1,318,4.9046,48.85222
426,1,724,7.782784,138.0513
873,1,214,4.935802,43.41439
225,1,6009,30.69631,1144.726
874,1,250,4.925,42.25509
875,1,187,4.943902,38.15445
427,1,714,7.182186,136.8009
876,1,259,4.922299,48.74227
226,1,689,6.982487,135.3792
877,1,237,4.928902,44.88178
878,1,313,4.765299,42.46639
428,1,697,6.790892,131.8548
879,1,210,4.835802,41.87512
227,1,685,7.294491,128.8243
880,1,252,4.9244,42.94003
429,0,543,2.891391,120.3438
228,1,646,7.705588,128.7257
881,1,589,5.614891,101.5582
882,1,246,5.426202,42.22724
1165,1,209,4.937303,38.76161
883,1,188,4.943602,38.1497
340,0,3107,19.3782,616.5092
341,0,0,0,0
1166,1,252,4.9244,42.655
229,1,798,7.260588,140.6354
288,1,4332,29.19976,858.1037
430,0,1217,6.756679,251.7427
884,1,280,4.704,44.74667
885,1,235,4.929502,44.15082
886,1,252,4.9244,42.65517
230,1,732,7.45158,136.2402
289,1,731,6.677089,141.6876
306,0,4017,16.3206,766.4081
887,1,264,4.9208,45.40295
341,0,1142,7.271665,240.021
342,0,0,0,0
888,1,223,4.933103,42.78558
889,1,211,4.936702,42.803
231,1,675,7.193891,127.448
290,1,672,6.798393,128.2541
890,1,270,4.919003,53.0809
1167,1,1784,12.96482,328.3284
891,1,225,4.932503,42.49477
1168,1,204,5.438798,41.55442
892,1,246,4.9262,41.3945
232,1,680,7.795987,136.0376
291,1,724,7.682186,136.8441
1169,1,249,4.9253,42.85504
893,1,210,4.937002,42.60308
894,1,199,4.9403,40.28153
431,0,2364,13.32165,466.5284
1170,1,277,4.8025,44.58474
1171,1,208,4.937602,42.35434
292,1,678,7.796587,135.0848
233,1,822,7.15039,155.1747
1172,1,251,4.9247,43.6543
895,1,513,5.846095,95.09831
896,1,246,5.426202,41.65511
293,0,483,2.903393,109.344
897,1,253,4.9241,43.88456
234,1,647,7.705888,128.4769
898,1,247,4.9259,41.6551
899,1,246,4.9262,42.45509
294,1,664,7.800787,130.3582
204,0,475,2.404994,104.6047
205,0,0,0,0
205,0,0,0,0
205,0,0,0,0
900,1,246,4.9262,43.57632
235,1,652,7.804387,130.6048
901,1,249,4.9253,42.42718
902,1,246,4.9262,41.34
307,0,4001,15.13228,767.0159
903,1,215,4.935502,43.46953
236,1,732,7.079186,140.6224
904,1,214,4.935802,42.90598
237,0,307,1.438599,74.82983
238,0,0,0,0
905,1,250,4.798602,42.67304
342,0,4396,26.62007,843.6327
343,0,0,0,0
251,0,4253,24.64872,810.0425
252,0,0,0,0
906,1,186,4.944202,37.74978
238,1,711,6.286694,134.4965
295,1,2432,17.27021,468.6259
251,1,7633,44.7121,1427.855
239,1,676,7.192388,132.0692
308,0,1984,6.613389,370.4876
432,0,4476,23.4951,867.4617
252,1,799,9.157337,159.1035
240,1,669,5.981886,129.2718
433,0,522,2.895592,117.4927
343,0,2285,8.543066,453.5168
344,0,0,0,0
907,1,2278,10.31677,431.3501
253,1,664,7.09959,132.0636
908,1,207,5.437899,42.00305
909,1,215,4.9355,42.07166
910,1,239,4.810902,42.67973
241,0,1373,4.985858,271.5786
242,0,0,0,0
911,1,247,4.9259,42.97987
296,0,2482,10.90097,473.6189
434,0,1530,8.694099,306.4305
912,1,463,6.153294,86.47124
913,1,274,4.8004,42.42849
914,1,208,4.837,41.14376
344,0,2138,9.572447,433.0812
345,0,0,0,0
915,1,215,4.8313,40.95124
916,1,206,4.9382,40.25497
917,1,244,4.800399,40.33624
918,1,188,4.843002,38.35177
919,1,216,4.935202,43.80309
242,1,2153,11.10328,403.1474
920,1,289,4.785699,43.79028
921,1,439,4.668308,84.72379
922,1,245,4.9265,41.60651
254,0,3782,14.60789,678.3528
255,0,0,0,0
923,1,239,4.928303,43.58597
924,1,245,4.9265,41.60651
243,1,1475,8.832312,282.5493
925,1,213,4.831303,42.42375
297,0,3599,16.29943,702.3951
926,1,215,4.935502,43.39261
244,0,479,2.404193,107.9984
245,0,0,0,0
927,1,248,4.9256,42.65513
928,1,211,4.936702,42.72833
345,0,3301,19.33949,661.4702
346,0,0,0,0
929,1,186,4.944202,37.95451
245,0,478,1.000796,106.8924
246,0,0,0,0
930,1,219,4.934302,42.90967
931,1,247,4.9259,42.0551
309,0,6998,26.80321,1335.337
435,1,4955,27.40845,961.0405
932,1,205,4.938502,41.60305
246,0,752,3.744786,161.6566
247,0,0,0,0
255,0,2364,9.027328,435.9025
256,0,0,0,0
981,0,1107,5.778626,224.7026
982,0,0,0,0
982,0,0,0,0
982,0,0,0,0
982,0,0,0,0
933,1,288,4.787799,42.07347
934,1,249,4.8235,42.18869
346,0,1418,7.716504,281.991
347,0,0,0,0
436,1,625,7.312488,125.2613
298,0,2112,8.720726,411.5231
935,1,190,4.840602,38.3519
936,1,211,5.328302,39.99823
247,0,887,3.206988,185.952
248,0,0,0,0
937,1,248,4.9256,42.25515
299,0,559,2.771988,119.4355
938,0,329,0.8030066,73.19359
939,0,0,0,0
939,0,0,0,0
300,0,568,2.47739,121.6783
248,0,893,2.719582,190.2163
249,0,0,0,0
939,1,482,3.749989,94.96886
206,1,2359,16.79214,475.8607
212,0,7116,28.57563,1327.153
213,0,0,0,0
213,0,0,0,0
213,0,0,0,0
310,0,3311,12.21426,648.3116
249,0,1574,5.88167,322.9163
250,0,0,0,0
940,1,1476,7.057174,258.0824
207,1,1250,9.625048,240.2778
348,0,2807,11.93856,561.6339
941,1,465,5.860501,89.19133
301,0,2155,9.003663,424.0611
942,1,207,4.937902,42.15442
943,1,189,4.841502,38.19652
208,1,689,7.689687,133.3712
437,1,3863,22.8406,762.7672
944,1,251,4.9247,43.74026
945,1,208,4.937602,42.20308
946,1,186,5.444202,37.95443
209,1,623,7.313087,125.2061
347,0,4573,19.58488,878.4657
348,0,0,0,0
947,1,184,4.944802,37.55448
438,1,702,7.289389,136.9903
302,0,1299,5.912697,264.4234
250,0,1917,10.10043,383.0861
251,0,0,0,0
948,1,270,4.679402,43.48692
210,0,540,3.290188,119.5853
949,1,223,4.8151,40.52731
950,1,188,4.943602,38.35439
439,1,714,7.785786,141.4166
951,1,195,4.836702,38.57859
952,1,251,4.9247,43.31507
211,1,809,7.854282,155.251
213,0,3567,15.78631,676.5203
214,0,0,0,0
214,0,0,0,0
214,0,0,0,0
953,1,254,4.820199,43.7812
251,1,1320,11.00411,262.7661
954,1,245,4.9265,42.54984
212,1,662,7.801387,132.4233
955,1,250,4.925,43.25515
311,0,3997,15.28628,755.7554
440,1,1425,9.644981,278.5734
252,1,808,7.92942,144.8522
956,1,488,6.353594,89.70152
213,1,620,7.813988,123.9994
957,1,186,5.444198,37.95435
958,1,209,4.937303,41.81321
441,1,666,7.300192,127.0365
253,1,665,7.587284,129.4641
312,0,1008,3.489981,205.2506
959,1,244,4.706402,43.40825
960,1,187,4.943902,38.15438
961,1,212,4.936402,43.00307
962,1,195,4.9415,39.6377
254,1,656,7.599587,131.5983
313,1,717,6.65729,136.5338
303,0,3655,16.2852,708.1673
963,1,184,4.944802,37.55464
964,1,188,4.943602,38.35435
965,1,254,4.9238,43.66164
255,1,721,6.670492,132.7892
966,1,247,4.9259,42.85435
967,1,200,4.94,40.11835
214,0,2232,13.53971,439.1421
215,0,0,0,0
215,0,0,0,0
215,0,0,0,0
442,1,1910,14.61613,364.2274
314,1,1359,11.48761,265.0441
304,0,1357,5.369895,268.2911
968,1,534,5.129002,99.32124
443,1,686,6.975587,131.5061
1175,1,1605,11.01863,297.8681
969,1,249,4.9253,42.52938
1176,1,202,4.9394,40.33578
215,0,984,2.803187,204.1766
216,0,0,0,0
216,0,0,0,0
216,0,0,0,0
256,0,1860,9.863788,361.5463
1177,0,715,1.35701,141.0434
1178,0,0,0,0
1178,0,0,0,0
216,1,719,4.683094,141.2308
305,0,1340,5.371461,269.3211
444,1,1083,8.175074,208.5426
1178,1,206,2.837593,42.14953
257,0,480,2.152384,101.62
1179,1,247,4.9259,42.25501
315,1,1885,10.32317,367.6151
1180,1,223,4.933103,43.75104
445,0,704,3.733982,140.1528
1181,1,205,4.938502,41.60297
258,1,624,7.812788,125.4327
970,1,1942,12.91743,347.9044
217,1,1095,7.957676,194.6607
1182,1,285,4.9145,47.95099
971,1,221,4.933702,44.04271
316,1,777,7.266887,143.7432
1183,1,246,4.9262,42.62707
972,1,185,4.944502,37.75446
1184,1,229,4.931302,45.88723
973,1,247,5.425902,43.41472
446,1,872,9.238428,170.5597
259,1,819,6.651289,144.5685
1185,1,208,4.937602,42.35443
218,1,732,6.780394,134.091
974,1,248,4.925603,48.70102
1186,1,188,4.943602,38.35438
975,1,246,4.9262,44.43481
1187,1,245,4.9265,42.28125
447,1,681,6.175886,130.4968
317,1,1061,9.57995,205.3779
260,1,649,7.305287,126.9833
1188,1,211,4.936702,42.80298
976,1,313,4.9061,49.10959
219,1,660,7.301987,127.291
977,1,206,4.938202,41.95444
1189,1,227,4.9319,41.65146
1190,1,221,4.816299,40.28635
448,1,620,7.813988,125.4895
257,1,4428,24.07049,813.4705
1191,1,187,4.943902,38.15436
1192,1,228,4.720802,42.9367
261,1,1012,9.089848,179.2695
1193,1,245,4.9265,44.02815
318,0,1197,8.158291,248.0988
449,1,665,7.300492,128.597
306,0,3605,17.46404,698.4815
1194,1,196,4.9412,39.85748
450,1,695,7.291491,134.9765
258,1,1393,12.98218,270.1399
307,0,903,3.066571,186.4304
220,1,2106,13.3683,395.4613
319,0,1227,6.745669,251.8031
262,1,1534,12.0399,304.6905
451,1,762,7.170188,140.2613
308,0,629,2.127383,123.3858
221,1,729,6.660292,133.1897
349,0,1855,8.62912,367.8141
350,0,0,0,0
259,1,1144,10.15687,223.481
263,0,756,3.714578,159.5573
264,0,0,0,0
1195,0,2292,8.687739,445.5626
1196,0,0,0,0
1196,0,0,0,0
320,1,1913,15.7212,377.2163
452,1,1634,11.29614,307.947
260,1,1227,9.328933,245.7692
264,1,1415,9.368349,269.9391
978,1,4489,20.65283,847.6685
309,0,2085,7.948946,408.256
979,1,249,4.925302,45.87662
261,1,654,7.698988,130.5954
453,1,711,6.786692,136.2153
321,1,721,7.678885,136.4542
980,1,188,4.943602,38.35441
350,0,2314,7.537291,460.325
351,0,0,0,0
265,1,690,6.792993,131.7402
981,1,249,4.9253,44.36753
982,1,216,4.834002,44.11641
322,1,741,6.250089,135.7175
983,1,247,4.925902,44.81232
262,0,958,5.704849,201.5448
263,0,0,0,0
984,1,214,4.935802,43.31945
310,0,1339,5.889702,268.3075
266,1,845,7.542885,164.3196
1196,1,2684,12.65948,508.1683
985,1,302,4.7974,47.14298
323,1,641,7.307691,127.3055
1197,1,260,4.922,43.96647
986,1,187,4.943902,38.1545
263,1,679,6.693294,133.8484
987,1,188,4.840602,38.18661
1198,1,254,4.9238,44.52012
1199,1,204,4.9388,41.7578
988,1,251,4.801302,43.31506
267,1,812,6.952787,142.0086
454,1,2025,12.29264,404.6752
989,1,209,4.937302,42.21529
1200,1,222,4.933403,44.22374
264,1,772,6.749184,140.1673
1201,1,192,4.839402,38.98682
990,1,248,4.9256,43.2551
1202,1,208,4.937602,42.3544
991,1,250,4.925,43.25144
455,1,670,7.798987,134.5527
268,1,706,6.679192,133.1126
1203,1,213,4.936102,42.95442
351,0,2693,16.96114,529.2649
352,0,0,0,0
1204,1,207,4.937902,42.15438
992,1,424,6.872792,85.10976
1205,1,228,4.931602,45.90173
269,0,604,2.166597,126.1234
456,1,646,7.806187,128.7473
993,1,250,4.925,43.25511
1206,1,201,4.9397,40.19601
265,1,1114,11.35271,216.955
994,1,209,4.828899,39.853
1207,1,206,4.938202,41.80304
995,1,190,4.943002,38.55948
996,1,187,5.443898,38.15436
270,0,703,1.637196,149.2871
997,1,213,4.936102,42.80307
457,1,906,8.625207,174.9848
266,1,751,7.566886,148.0929
311,0,3138,15.29539,614.9421
998,1,207,4.937902,42.15444
999,1,261,4.9217,45.62389
271,1,729,7.062692,143.3216
1000,1,205,4.938502,41.75443
458,0,681,3.104383,140.1247
1001,1,216,4.832202,43.98411
1002,1,226,4.932202,45.25377
272,1,652,6.892386,127.2604
1003,1,211,4.936702,42.80308
352,0,2569,15.98595,499.9259
353,0,0,0,0
459,1,691,6.940483,126.6082
312,0,1350,5.986902,272.9933
1004,1,186,4.944202,37.95444
1005,1,214,4.935802,43.15446
1006,1,215,4.835502,43.34969
273,1,757,7.12009,132.0667
313,0,547,2.772589,119.3492
267,1,1968,14.79218,384.1893
460,1,685,7.386682,133.4719
1007,1,244,5.426802,41.42723
1008,1,188,4.841202,38.01283
1009,1,248,4.9256,43.38734
274,1,673,6.37829,128.2756
268,1,688,7.193586,135.5665
1010,1,245,4.9265,42.00651
461,1,730,7.18039,138.8849
351,0,2413,13.79208,473.5001
1011,1,185,4.944502,37.75444
1012,1,250,4.925,42.85516
275,0,747,3.174376,139.5738
276,0,0,0,0
269,1,721,7.178887,137.6713
1013,1,186,4.944202,37.95443
462,1,674,7.297791,128.1121
1014,1,258,4.922602,49.83835
324,1,6630,39.60344,1235.393
1015,1,243,4.927102,43.43491
276,1,699,5.962687,127.8403
1016,1,245,4.926502,48.25726
223,1,691,7.792691,131.1743
1017,1,221,4.816899,39.91047
325,1,735,7.279489,138.8114
1018,1,308,4.907599,47.50446
277,1,682,7.085785,130.8046
270,1,1434,12.34526,272.2498
1019,1,229,4.9313,42.14555
224,1,607,7.817888,122.1557
314,0,3053,13.28544,583.1288
308,0,9620,56.08145,1920.434
309,0,0,0,0
278,1,691,6.792693,130.6734
326,0,917,4.816614,182.8888
327,0,0,0,0
225,1,643,7.204087,128.3803
279,1,757,7.172288,137.9153
226,1,691,7.687887,138.4714
327,0,906,4.318797,182.2596
315,0,1361,5.487673,272.0167
280,1,706,7.28819,132.787
227,1,710,7.184586,136.3376
353,0,5719,29.35519,1107.04
354,0,0,0,0
228,1,725,7.178286,136.7732
316,0,1371,5.485106,266.6707
328,1,1415,12.57556,270.1442
329,0,529,2.89419,116.6787
229,1,719,7.18249,136.2939
330,1,644,7.806787,129.0332
317,0,1276,6.026284,259.1219
331,1,1246,11.42572,245.7837
318,0,1336,4.083605,265.3773
216,0,7445,24.50945,1392.724
217,0,0,0,0
217,0,0,0,0
217,0,0,0,0
332,0,734,3.209378,154.0806
333,0,0,0,0
333,1,750,6.623394,135.1248
319,0,1350,4.777833,261.7039
1020,1,7728,21.68035,1457.258
1021,1,212,5.436399,43.00307
230,1,4546,16.82328,866.5974
1022,1,214,4.935802,42.98531
334,0,1594,5.877633,322.5377
1023,1,186,4.944202,37.95443
1024,1,208,4.937602,42.20307
231,1,623,7.713089,125.6986
1025,1,187,4.943902,38.1544
1026,1,248,4.9256,41.45509
1027,1,189,4.841502,38.54941
320,0,2399,9.87853,453.2913
335,1,944,9.116828,186.7276
1028,1,250,4.925,44.58725
1029,1,247,4.9259,41.4551
1030,1,207,4.937902,42.15443
336,1,692,7.29239,134.0089
354,0,7946,27.9094,1551.107
355,0,0,0,0
1031,1,247,4.9259,44.17918
1032,1,188,4.943602,38.35444
1033,1,248,4.9256,41.61473
1034,1,234,4.929802,42.36556
217,0,5194,15.46087,977.862
218,0,0,0,0
218,0,0,0,0
218,0,0,0,0
1035,1,249,4.9253,42.6033
281,0,9274,37.2389,1805.737
282,0,0,0,0
337,1,1293,8.282077,242.2264
321,0,2109,9.64471,420.8327
1036,1,403,6.379095,77.80127
218,0,516,-0.6032099,112.1901
219,0,0,0,0
219,0,0,0,0
219,0,0,0,0
355,0,1555,8.189081,317.8906
356,0,0,0,0
1037,1,233,4.809099,39.8892
1038,1,207,4.937902,42.00306
338,1,673,7.697487,134.9524
1039,1,219,4.934302,43.40657
310,0,1976,10.60476,396.9404
311,0,0,0,0
1040,1,259,4.9223,43.81954
1041,1,250,4.925,44.43208
1042,1,247,4.9259,42.21479
1043,1,231,4.930703,42.60273
1044,1,213,4.936102,42.66269
1045,1,249,4.9253,42.65512
356,0,2001,9.099876,397.748
357,0,0,0,0
1046,1,207,4.937902,42.15442
232,1,5257,28.22146,1007.136
1047,1,325,4.9025,48.60651
1048,1,204,4.938802,41.55436
357,0,712,3.35759,151.9181
358,0,0,0,0
339,1,2467,13.6564,456.1974
1209,1,9998,43.00238,1905.69
1049,1,214,4.824399,39.76849
233,1,627,7.811889,123.5161
340,1,775,6.544687,143.2816
234,1,668,6.690587,132.9129
1050,1,726,4.782216,131.9954
1051,1,511,4.84671,102.3483
235,1,704,7.288789,133.5239
1052,1,207,4.937902,42.00306
1053,1,230,4.8244,42.5831
1210,1,1778,8.466637,324.8809
1054,1,208,4.937602,42.35445
1211,1,205,5.438498,41.60297
1055,1,223,4.9331,40.98843
236,1,688,7.689387,135.5154
1056,1,204,4.837,40.07748
1212,1,511,6.346694,96.58105
1057,1,203,4.939103,40.33565
341,1,1955,12.96501,365.7517
1213,1,227,4.931902,45.95599
1058,1,253,4.798302,43.23746
237,1,767,6.953086,147.1477
1214,1,207,4.937902,42.15446
1059,1,197,4.7391,40.01471
282,1,6294,31.62909,1213.656
1215,1,188,4.943602,38.20303
1060,1,245,4.9265,42.37272
342,1,639,7.702888,127.6054
1216,1,224,4.932802,42.72927
1061,1,186,4.944202,37.95434
1217,1,248,4.9256,42.92793
1062,1,212,4.936403,38.6364
1218,1,211,4.936702,42.91677
1063,1,208,4.937602,42.20307
238,1,971,8.302098,178.5732
343,1,663,7.701088,133.3497
1064,1,189,5.339702,38.36774
354,0,642,4.269201,137.3798
1065,1,230,4.828002,46.16577
1219,1,459,6.44909,86.11244
1066,1,189,5.242098,38.71667
358,0,4647,24.07006,914.8575
359,0,0,0,0
239,1,712,6.349191,133.3109
1220,1,307,5.407899,54.33978
1067,1,209,4.937302,42.5911
344,1,800,7.041384,148.0663
1221,1,189,4.842102,38.70641
1068,1,237,4.928903,46.81264
322,0,8107,38.89759,1574.193
1222,1,275,4.917502,50.63815
1069,1,228,4.931602,45.49936
240,1,668,7.799587,132.4681
1223,1,206,4.9382,40.73065
1070,1,212,4.936402,43.00322
1071,1,186,4.944202,37.95435
1072,1,230,4.817202,43.21356
283,1,2768,21.76024,541.5397
241,1,620,7.813989,124.6044
323,0,1343,5.279235,262.9215
345,1,1734,12.87686,343.2771
242,1,620,7.813987,124.3101
284,1,686,7.794187,136.635
1073,1,761,6.271684,140.2506
1074,1,212,4.936402,43.15444
1075,1,250,4.925,44.84203
346,0,671,3.142982,144.2507
243,1,665,7.300493,126.4794
285,1,691,7.687887,137.2045
1076,1,411,6.376694,79.19093
1077,1,186,5.444198,37.95435
244,1,651,7.691488,126.4267
286,1,621,7.813689,124.5506
1078,1,787,6.263886,147.8066
287,1,617,7.314888,123.776
245,1,722,6.783392,135.5346
347,1,1441,11.06781,282.1215
1079,1,240,4.927999,42.49281
1080,1,190,4.943002,38.75449
359,0,4355,24.12828,857.0033
360,0,0,0,0
324,0,2767,12.69961,552.0458
246,1,626,7.206791,123.6011
288,1,768,7.165987,141.7435
1081,1,482,6.855388,93.17514
348,1,729,8.2813,145.9407
1082,1,205,4.938502,41.75443
1083,1,275,4.9175,45.60805
247,1,666,6.698391,129.7327
1084,1,194,4.9418,39.55449
289,1,770,7.268988,140.3003
1085,1,189,4.842702,38.44017
248,1,726,7.782188,141.2808
1086,1,480,4.85601,92.23664
1087,1,187,5.443902,38.15445
1088,1,208,4.837602,42.65411
220,0,4145,18.17054,788.5439
221,0,0,0,0
221,0,0,0,0
221,0,0,0,0
249,1,688,7.679787,134.044
1089,1,244,4.9268,42.82795
349,1,1929,13.92136,380.4364
1090,1,204,4.938802,41.55445
933,1,203,4.939102,38.98128
1091,1,208,4.937602,42.35442
934,1,259,4.9223,45.80186
1092,1,188,4.943602,38.35441
935,1,215,4.830702,43.22062
350,1,753,7.274088,143.7897
1093,1,250,4.925,44.86285
936,1,248,4.9256,42.45504
312,0,4424,23.11452,870.6562
313,0,0,0,0
1094,1,268,4.9196,45.1325
290,1,2400,15.07876,476.0695
937,1,245,4.9265,43.45666
360,0,3653,21.76906,730.5698
361,0,0,0,0
1095,1,211,4.936702,42.95443
938,1,210,4.937002,42.59694
351,1,726,7.471385,140.4077
1096,1,248,4.9256,43.17682
939,1,213,4.936102,43.35438
250,0,1733,7.699411,300.3143
251,0,0,0,0
251,0,0,0,0
251,0,0,0,0
1097,1,209,4.937302,42.7063
258,1,4278,27.21599,827.6016
940,1,258,4.922602,49.53846
941,1,190,4.841202,38.63357
352,1,640,7.705587,128.4494
325,0,4431,20.7231,865.2166
942,1,190,4.943002,38.60314
251,1,758,4.772591,137.4951
943,1,219,5.434299,42.78755
259,1,720,7.179187,137.1117
944,1,187,5.343302,38.40944
252,0,429,2.275188,96.34029
253,0,0,0,0
253,0,0,0,0
253,0,0,0,0
945,1,249,4.9253,43.37668
291,1,1841,11.94784,356.0387
946,1,207,4.937902,41.03097
221,0,3373,15.82509,647.6999
222,0,0,0,0
222,0,0,0,0
222,0,0,0,0
947,1,190,4.843002,38.75422
253,0,444,-0.7326055,96.0059
254,0,0,0,0
254,0,0,0,0
948,1,196,4.9412,39.92662
353,1,1414,12.36925,272.8762
254,0,429,0.2733952,95.86292
255,0,0,0,0
255,0,0,0,0
949,1,494,5.851803,96.04162
950,1,279,5.316302,43.90177
255,1,596,5.615195,119.421
256,1,637,8.308886,128.1561
354,1,1679,11.09043,321.1773
257,1,660,7.301987,129.2221
951,0,1737,3.645147,324.8742
952,0,0,0,0
952,0,0,0,0
952,0,0,0,0
952,0,0,0,0
258,1,778,6.64739,141.7188
355,0,1271,5.921251,249.8221
259,1,1181,7.645703,226.9021
952,0,1643,-1.175986,321.5112
953,0,0,0,0
953,0,0,0,0
953,0,0,0,0
953,0,0,0,0
361,0,6711,32.6567,1328.173
362,0,0,0,0
953,0,550,-2.210002,119.7239
954,0,0,0,0
954,0,0,0,0
954,0,0,0,0
954,0,0,0,0
260,1,694,7.585787,137.7616
954,1,183,0.9451098,37.87425
292,0,5491,22.40081,1060.72
293,0,0,0,0
955,1,216,4.935202,42.87112
956,1,311,4.906703,55.86925
261,1,650,7.200788,129.8067
356,0,2591,9.981831,502.3043
957,1,300,4.91,47.02943
958,1,207,4.937902,42.15416
293,1,982,7.205384,187.1012
326,0,7280,29.14833,1430.118
262,1,630,7.310992,123.0947
959,1,230,4.931003,46.60304
960,1,213,4.936102,42.80274
961,1,249,4.9253,43.85009
294,1,713,7.065085,137.2148
962,1,207,4.9379,40.28562
263,1,804,6.758791,145.7007
963,1,186,4.944202,37.95426
1098,1,8783,37.86434,1663.975
964,1,208,4.937602,42.35411
295,1,656,7.197787,130.8945
1099,1,247,4.9259,41.45515
1100,1,188,4.943602,38.35445
965,1,297,4.785699,45.90693
966,1,189,4.943302,38.40302
264,1,841,8.544707,164.2534
1101,1,253,5.424102,43.61399
967,1,218,4.829803,43.40356
1102,1,245,5.426503,48.47405
296,1,751,6.653691,135.9992
968,1,249,4.9253,42.85429
1103,1,249,4.9253,43.08143
265,0,641,1.551993,127.7792
266,0,0,0,0
969,1,241,4.927703,42.85435
1104,1,196,4.9412,39.81507
1105,1,208,4.937602,42.20309
297,1,610,7.715188,121.9934
970,1,258,4.306403,45.22505
357,1,3129,18.84005,591.3713
971,1,192,4.838802,39.16374
1106,1,251,4.9247,43.5985
972,1,188,5.443598,38.35447
274,0,8378,36.32482,1606.915
275,0,0,0,0
1107,1,208,4.937602,42.35432
266,1,774,6.453991,147.5626
973,1,190,5.340598,38.67721
1108,1,208,4.937602,42.3545
974,1,190,5.342398,39.0617
1109,1,190,4.839402,38.48453
267,1,692,6.480389,135.0605
357,0,654,2.607982,121.6269
975,1,720,7.783981,138.8096
976,1,249,4.9253,42.59518
268,1,723,6.666292,132.303
223,0,836,4.332792,171.5906
224,0,0,0,0
224,0,0,0,0
224,0,0,0,0
1110,1,1251,9.624753,221.9158
362,0,6306,37.73928,1234.679
363,0,0,0,0
977,1,465,5.860494,86.77174
1111,1,247,5.425902,41.45515
978,1,211,4.936702,42.95405
298,1,2444,15.13732,423.8324
1112,1,226,4.932202,43.937
269,1,740,7.573785,146.0807
979,1,247,4.9259,42.25505
1113,1,228,4.931602,41.76245
358,1,2787,17.16377,534.802
980,1,228,4.931602,43.38412
1114,1,225,5.432502,45.4969
981,1,186,4.944202,37.9543
299,1,640,7.10319,127.1777
1115,1,209,4.937302,42.40306
982,1,246,4.9262,42.88133
270,1,705,7.687882,139.5218
1116,1,240,4.812402,43.14595
983,1,323,4.773699,42.61992
1117,1,223,4.9331,41.59998
300,1,671,7.298687,126.8528
984,1,244,4.9268,41.05983
1118,1,208,4.937602,42.20309
271,1,723,7.182489,137.0557
985,1,236,4.716602,43.64491
1119,1,245,4.926502,48.43879
359,1,1332,10.68191,257.1239
986,1,217,4.834902,43.07584
301,1,670,7.298992,126.1105
987,1,249,4.9253,42.45505
1120,1,448,6.760791,83.75068
272,1,611,7.816688,122.8044
988,1,188,4.943602,38.20311
1121,1,245,4.9265,41.79513
989,1,251,4.9247,43.56589
302,1,700,6.652184,129.325
990,1,199,4.834902,40.51765
273,1,684,7.589387,136.7198
991,1,194,4.8418,39.53356
1122,1,695,8.291508,136.2855
992,1,211,4.936702,42.68316
1123,1,199,4.9403,40.3643
303,1,672,8.298401,131.0418
993,1,245,4.9265,42.5625
274,1,667,7.197486,129.6737
994,1,248,4.9256,42.45506
1124,1,477,6.356894,89.14653
995,1,269,4.9193,43.87319
1125,1,188,4.943602,38.35448
358,0,5063,28.34549,963.6636
304,1,754,6.956986,141.0877
1126,1,211,5.436698,42.66296
996,1,217,4.934902,42.84727
1127,1,221,4.733702,44.92381
997,1,258,4.8172,42.32462
998,1,206,4.938202,41.95411
1128,1,303,4.779699,43.30501
363,0,5403,32.91876,1050.946
364,0,0,0,0
360,0,3371,20.34905,666.3713
1129,1,433,5.870094,82.68286
1130,1,187,5.443898,38.15438
1131,1,261,5.421702,43.2308
305,1,1716,12.98532,333.2337
275,0,2232,13.24385,448.2037
276,0,0,0,0
276,0,0,0,0
276,0,0,0,0
1132,1,270,4.919002,48.62392
1133,1,204,4.938802,41.55442
328,0,1314,5.607896,263.8401
1134,1,188,4.943602,38.3544
361,1,1254,10.52148,247.4871
1135,1,247,5.425902,41.65509
1136,1,189,4.943302,38.55445
1137,1,246,4.9262,42.39518
276,0,1092,3.563581,220.5517
277,0,0,0,0
277,0,0,0,0
277,0,0,0,0
224,0,7527,35.99466,1407.258
225,0,0,0,0
225,0,0,0,0
225,0,0,0,0
362,1,757,7.772885,139.9857
1138,1,248,4.9256,42.54008
1139,1,238,4.520203,44.81929
1140,1,207,4.937902,42.15445
277,0,887,2.218392,188.7294
278,0,0,0,0
278,0,0,0,0
278,0,0,0,0
1141,1,1211,7.034269,220.0612
278,0,1100,1.140985,222.5625
279,0,0,0,0
279,0,0,0,0
279,0,0,0,0
1142,1,189,4.943302,38.55448
1143,1,257,4.517502,44.86746
999,1,4753,22.5524,874.8382
1144,1,205,4.9385,40.61659
1000,1,275,4.800699,43.73015
1145,1,237,4.808499,39.73103
279,0,865,2.616182,185.1589
280,0,0,0,0
280,0,0,0,0
280,0,0,0,0
1001,1,247,4.9259,41.6041
1146,1,254,4.923802,45.64706
1002,1,208,4.937602,42.35413
1147,1,279,4.7995,42.98224
1148,1,249,4.9253,43.05517
468,1,2374,12.7878,469.0815
359,0,6670,30.95193,1295.904
1149,1,249,4.9253,42.18058
364,0,5792,30.84055,1141.936
365,0,0,0,0
1150,1,210,4.937002,42.20303
1151,1,214,4.935802,43.43133
469,1,684,8.294784,132.6089
1152,1,241,4.927703,43.14038
1153,1,192,4.839402,39.0368
1154,1,208,4.937602,43.06823
470,1,673,7.798087,133.494
1155,1,191,4.838502,38.58179
365,0,1139,6.772252,237.0361
366,0,0,0,0
1156,1,206,5.438199,41.80306
1157,1,251,4.924703,49.03035
280,1,2730,17.22865,522.592
471,1,664,7.300791,126.7937
366,0,860,2.827994,181.4752
367,0,0,0,0
281,1,697,7.587287,127.7626
1003,1,3318,17.00437,612.7975
1004,1,206,5.438202,40.4052
1158,1,1390,10.08309,250.4932
1005,1,206,4.938202,41.9539
1006,1,187,4.943902,38.15443
1159,1,214,4.935802,43.55444
1160,1,197,4.9409,40.19931
1007,1,294,4.690199,44.68997
306,0,8599,21.77912,1731.499
307,0,0,0,0
1161,1,255,5.423499,46.14156
1008,1,229,4.818702,43.13544
1162,1,187,4.943902,38.15443
1009,1,274,4.9178,43.10947
1163,1,247,4.9259,42.25516
1010,1,190,4.840002,38.53421
1164,1,253,5.424099,44.87368
307,1,784,6.76479,154.9958
1011,1,254,4.923802,43.88719
282,1,2166,16.35008,428.0706
1165,1,267,5.284501,44.13609
1012,1,207,4.937902,42.1541
1013,1,189,5.443302,38.40308
1166,1,230,4.931002,42.7677
1014,1,189,4.943302,38.55436
1167,1,202,4.9394,40.01783
283,1,625,7.812489,125.7563
1168,1,188,4.943602,38.35435
1015,1,246,5.426202,42.2041
1169,1,264,4.9208,44.59725
308,1,1248,10.62567,229.6133
1170,1,215,4.935502,43.75443
1016,1,467,6.359894,89.70646
284,1,679,7.796288,134.9614
1017,1,186,4.944202,37.95443
1171,1,219,4.934302,43.92623
1018,1,204,4.938802,41.55409
309,1,705,6.685492,134.0002
285,1,639,7.698686,125.6515
1172,1,706,7.788186,124.981
1173,1,212,5.336398,43.23799
472,0,5192,29.69886,1012.695
1019,1,926,9.222202,180.185
286,1,630,7.102587,125.5852
473,0,310,1.437999,75.48753
1174,1,522,6.133791,97.86668
1020,1,415,5.661702,78.03602
263,0,451,2.409793,97.09084
264,0,0,0,0
474,0,323,1.319799,74.69837
1175,1,221,4.8319,41.65078
1021,1,222,5.433399,44.99063
367,0,5716,34.85646,1116.946
368,0,0,0,0
1176,1,199,4.9403,39.87177
1022,1,209,4.937302,42.40271
475,0,325,1.321199,75.34233
1177,1,249,4.9253,43.17924
1023,1,235,4.813902,42.43158
287,0,1101,6.179858,231.2928
288,0,0,0,0
1178,0,234,1.953199,60.08918
1179,0,0,0,0
1179,0,0,0,0
316,0,2757,17.94838,560.905
317,0,0,0,0
310,1,2075,13.25297,398.7839
1179,1,203,2.939093,40.60951
1180,1,249,5.425302,42.45515
1024,1,735,7.454884,139.2537
288,1,668,6.291797,132.8871
476,0,1145,6.568073,237.1218
1025,1,211,5.436698,42.5541
311,1,736,6.44619,130.8822
1181,1,460,5.861994,86.46849
1026,1,190,4.943002,38.60312
1182,1,258,4.9226,42.94353
1027,1,211,5.436698,42.80274
226,0,3300,18.33959,620.0926
227,0,0,0,0
227,0,0,0,0
227,0,0,0,0
1183,1,222,4.933402,44.30967
1028,1,220,4.934002,43.69608
277,0,2619,18.47584,517.8715
278,0,0,0,0
312,1,661,7.301686,130.8926
1184,1,186,4.944202,37.95443
1029,1,218,4.934602,43.20682
1185,1,228,4.829803,45.32381
1030,1,214,4.935802,42.83516
1031,1,188,4.943602,38.35446
313,1,664,6.986985,127.7283
1032,1,204,5.438798,41.55414
368,0,2807,20.43829,564.5059
369,0,0,0,0
1033,1,212,4.936402,42.97559
1034,1,247,4.9259,43.01401
314,1,715,7.785488,136.7907
330,0,5814,28.36423,1138.279
1035,1,246,4.9262,42.57714
1036,1,207,4.937902,42.00254
1037,1,251,4.9247,42.85507
315,1,678,7.191789,126.831
1038,1,191,4.840302,38.53846
477,0,3251,20.14937,647.6029
331,0,1285,5.511897,261.0316
316,1,651,7.199887,129.7164
1039,1,939,7.008674,174.3578
1040,1,258,4.9226,43.54195
317,1,695,7.686687,135.5661
1041,1,186,4.944202,37.80307
1042,1,205,4.938502,41.60269
1043,1,255,4.923502,45.18854
318,1,618,7.211588,122.7712
1044,1,211,4.936702,42.8027
1045,1,211,4.936702,42.55424
1046,1,249,4.9253,43.18785
289,0,5580,29.38292,1093.676
290,0,0,0,0
290,0,0,0,0
290,0,0,0,0
319,1,770,7.168988,140.143
290,0,687,-1.137423,142.9732
291,0,0,0,0
291,0,0,0,0
291,0,0,0,0
320,1,784,6.65039,147.4897
364,1,9256,51.02265,1745.852
321,0,496,2.900792,112.1831
322,0,0,0,0
322,0,498,1.900394,112.7428
323,0,0,0,0
365,0,918,5.211654,191.6326
478,0,4128,19.74624,810.0364
479,0,336,1.221998,74.14278
323,0,509,2.398194,112.9246
324,0,0,0,0
324,0,515,1.896993,114.7232
325,0,0,0,0
369,0,7298,35.04084,1453.414
370,0,0,0,0
480,0,1112,6.66689,225.9688
325,0,516,1.896794,115.8275
326,0,0,0,0
370,0,251,-0.05020112,62.42484
371,0,0,0,0
366,0,1715,8.679762,322.551
1228,1,9794,45.06549,1871.54
332,0,5935,25.01646,1145.259
326,0,505,1.898993,112.8847
327,0,0,0,0
1229,1,190,4.943002,38.75438
1230,1,231,4.930703,42.98426
327,0,510,1.897994,114.1739
328,0,0,0,0
1186,0,8840,40.73295,1723.496
1187,0,0,0,0
1187,0,0,0,0
1231,1,210,4.937002,42.60297
481,0,1102,6.279674,224.5732
291,1,3883,17.335,773.8865
1232,1,249,4.9253,43.05505
482,0,399,2.319596,89.63942
328,0,513,1.897393,112.5165
329,0,0,0,0
1233,1,228,4.831603,44.21163
1234,1,227,4.931902,42.83576
292,1,766,7.047984,139.4459
1235,1,209,4.937302,42.40298
329,0,515,2.396994,117.1263
330,0,0,0,0
1236,1,188,4.943602,38.3544
1237,1,226,4.822002,42.43195
371,0,2208,12.05836,441.8919
372,0,0,0,0
293,1,639,7.808287,123.7866
330,0,511,1.897794,116.3081
331,0,0,0,0
1238,1,248,4.9256,43.59505
367,1,2608,19.91012,512.3356
1239,1,204,4.938802,41.55437
1240,1,196,4.9412,39.81412
331,0,512,2.397594,114.6111
332,0,0,0,0
362,0,1250,6.750068,251.8141
294,1,691,7.292691,130.138
1241,1,188,4.943602,38.35438
1242,1,247,4.9259,41.65501
332,0,511,2.397794,115.8266
333,0,0,0,0
1243,1,233,4.807299,39.83461
1244,1,187,4.842702,38.38142
295,1,725,7.178289,135.9671
333,0,510,1.897994,114.0949
334,0,0,0,0
334,0,515,1.896994,115.3173
335,0,0,0,0
296,1,660,7.201987,130.8841
372,0,2608,14.97814,529.4099
373,0,0,0,0
335,0,512,2.397593,114.1205
336,0,0,0,0
297,1,799,7.023088,138.1014
336,0,510,1.897994,115.5634
337,0,0,0,0
337,0,513,1.897393,113.5033
338,0,0,0,0
1245,1,2226,9.832335,404.7126
1246,1,226,4.932203,39.79519
483,0,5056,25.39064,979.4485
1247,1,210,4.835802,42.64968
338,0,514,2.397194,117.2128
339,0,0,0,0
1048,1,222,4.933402,44.86243
1248,1,243,4.927103,47.95137
484,0,306,1.330999,71.7365
368,0,4053,20.27973,793.7651
1049,1,248,4.9256,42.25508
373,0,1953,10.6094,398.3472
374,0,0,0,0
1249,1,208,4.937602,41.95443
339,0,506,1.898794,113.2507
340,0,0,0,0
1050,1,212,4.836402,43.20663
1051,1,270,4.919002,48.91986
1250,1,503,5.849094,93.1977
1052,1,188,4.943602,38.35445
340,0,514,1.897193,114.6999
341,0,0,0,0
1251,1,232,4.930402,43.10744
1053,1,253,4.924103,44.51019
1252,1,210,4.937002,42.60311
363,0,4883,20.00732,914.3763
1054,1,249,4.9253,43.77654
341,0,516,2.396794,117.6476
342,0,0,0,0
1253,1,214,4.733402,43.60315
369,1,1286,10.48729,242.7653
1055,1,186,4.944202,37.95441
1254,1,188,4.943602,38.20304
1056,1,186,4.944202,37.95443
1255,1,194,4.941802,39.40304
342,0,507,1.898594,113.1076
343,0,0,0,0
1187,0,7714,43.45857,1509.914
1188,0,0,0,0
1188,0,0,0,0
1256,1,189,4.943302,38.40303
1057,0,337,2.432598,78.63875
1058,0,0,0,0
1058,0,0,0,0
1058,0,0,0,0
1058,0,0,0,0
370,1,755,8.1447,135.3277
1257,1,208,5.437598,42.2001
1058,1,206,0.9382092,41.01156
343,0,512,1.897594,115.342
344,0,0,0,0
1258,1,249,4.8229,43.98756
1059,1,228,4.931603,39.4818
1259,1,207,4.937902,42.00304
371,1,684,7.193591,129.4207
1260,1,236,4.929202,44.20833
344,1,653,6.804089,130.2878
1060,1,587,6.823891,104.4856
1188,0,1119,3.776177,231.0349
1189,0,0,0,0
1189,0,0,0,0
1261,1,285,4.914503,50.38184
1061,1,212,4.936402,43.32132
1062,1,208,4.937602,42.3541
1262,1,410,5.669795,79.99663
372,0,745,4.350999,152.6835
373,0,0,0,0
1063,1,186,4.944202,37.79471
345,1,638,8.087599,121.0129
1263,1,204,4.9388,40.03233
1064,1,209,5.437298,42.55415
1264,1,188,4.943602,38.20304
1065,1,207,4.937902,42.00273
1265,1,190,4.943002,38.45396
346,0,478,2.267788,104.7222
298,1,5573,31.20734,1039.316
373,1,711,7.185487,142.4382
1189,0,1243,8.751438,258.2081
1190,0,0,0,0
1190,0,0,0,0
1066,1,265,4.920502,50.07244
1067,1,202,4.939402,41.00271
1266,1,461,7.361692,89.69936
1068,1,252,4.9244,42.70765
1267,1,247,4.804302,44.52805
279,0,9820,57.04031,1897.57
280,0,0,0,0
299,1,692,6.792392,130.7975
1069,1,190,4.943002,38.43101
1268,1,188,4.943602,38.20304
485,0,5021,28.54871,970.0862
347,1,908,8.100613,172.9401
1070,1,205,4.938502,41.60275
1269,1,309,4.768299,41.91909
1071,1,256,4.192602,43.25933
1190,0,1246,6.750841,253.8021
1191,0,0,0,0
1191,0,0,0,0
300,1,699,7.07829,136.6172
1270,1,250,4.925,43.98044
1072,1,208,4.937602,41.95432
348,0,701,4.254396,151.2228
349,0,0,0,0
1271,1,208,4.937602,42.35443
1073,1,207,4.937902,42.15396
1272,1,212,4.936402,44.52214
1074,1,245,4.9265,41.85506
1191,0,622,2.375587,136.0507
1192,0,0,0,0
1192,0,0,0,0
301,1,674,7.671982,126.7405
1273,1,285,4.794099,42.64721
1075,1,211,4.936702,42.95446
374,0,6153,41.771,1194.839
375,0,0,0,0
486,0,1326,6.459915,260.9884
349,1,658,6.200794,130.9269
1274,1,211,4.936702,42.80307
1076,1,265,5.420499,47.39702
1275,1,207,4.937902,42.15442
1077,1,251,4.9247,43.25506
302,1,630,7.708584,126.5371
